path,line,column,severity,rule,classification,message
admin_console/forms/Widget.php,204,50,ERROR,PHPCompatibility.ParameterValues.RemovedImplodeFlexibleParamOrder.Removed,unverified static candidate,Passing the $glue and $pieces parameters in reverse order to implode has been deprecated since PHP 7.4 and is removed since PHP 8.0; $glue should be the first parameter and $pieces the second
admin_console/forms/Widget.php,205,59,ERROR,PHPCompatibility.ParameterValues.RemovedImplodeFlexibleParamOrder.Removed,unverified static candidate,Passing the $glue and $pieces parameters in reverse order to implode has been deprecated since PHP 7.4 and is removed since PHP 8.0; $glue should be the first parameter and $pieces the second
admin_console/forms/Widget.php,206,47,ERROR,PHPCompatibility.ParameterValues.RemovedImplodeFlexibleParamOrder.Removed,unverified static candidate,Passing the $glue and $pieces parameters in reverse order to implode has been deprecated since PHP 7.4 and is removed since PHP 8.0; $glue should be the first parameter and $pieces the second
admin_console/lib/Kaltura/View/Helper/PrintKalturaObject.php,32,10,ERROR,PHPCompatibility.ParameterValues.NewHTMLEntitiesFlagsDefault.NotSet,unverified static candidate,"The default value of the $flags parameter for htmlspecialchars() was changed from ENT_COMPAT to ENT_QUOTES | ENT_SUBSTITUTE | ENT_HTML401 in PHP 8.1. For cross-version compatibility, the $flags parameter should be explicitly set."
admin_console/views/scripts/batch/entry-investigation.phtml,121,21,ERROR,PHPCompatibility.ParameterValues.NewHTMLEntitiesFlagsDefault.NotSet,unverified static candidate,"The default value of the $flags parameter for htmlentities() was changed from ENT_COMPAT to ENT_QUOTES | ENT_SUBSTITUTE | ENT_HTML401 in PHP 8.1. For cross-version compatibility, the $flags parameter should be explicitly set."
admin_console/views/scripts/batch/entry-investigation.phtml,123,21,ERROR,PHPCompatibility.ParameterValues.NewHTMLEntitiesFlagsDefault.NotSet,unverified static candidate,"The default value of the $flags parameter for htmlentities() was changed from ENT_COMPAT to ENT_QUOTES | ENT_SUBSTITUTE | ENT_HTML401 in PHP 8.1. For cross-version compatibility, the $flags parameter should be explicitly set."
admin_console/views/scripts/batch/entry-investigation.phtml,124,21,ERROR,PHPCompatibility.ParameterValues.NewHTMLEntitiesFlagsDefault.NotSet,unverified static candidate,"The default value of the $flags parameter for htmlentities() was changed from ENT_COMPAT to ENT_QUOTES | ENT_SUBSTITUTE | ENT_HTML401 in PHP 8.1. For cross-version compatibility, the $flags parameter should be explicitly set."
admin_console/views/scripts/batch/entry-investigation.phtml,164,21,ERROR,PHPCompatibility.ParameterValues.NewHTMLEntitiesFlagsDefault.NotSet,unverified static candidate,"The default value of the $flags parameter for htmlentities() was changed from ENT_COMPAT to ENT_QUOTES | ENT_SUBSTITUTE | ENT_HTML401 in PHP 8.1. For cross-version compatibility, the $flags parameter should be explicitly set."
admin_console/views/scripts/batch/entry-investigation.phtml,1008,24,ERROR,PHPCompatibility.ParameterValues.NewHTMLEntitiesFlagsDefault.NotSet,unverified static candidate,"The default value of the $flags parameter for htmlspecialchars() was changed from ENT_COMPAT to ENT_QUOTES | ENT_SUBSTITUTE | ENT_HTML401 in PHP 8.1. For cross-version compatibility, the $flags parameter should be explicitly set."
admin_console/views/scripts/batch/entry-investigation.phtml,1009,30,ERROR,PHPCompatibility.ParameterValues.NewHTMLEntitiesFlagsDefault.NotSet,unverified static candidate,"The default value of the $flags parameter for htmlspecialchars() was changed from ENT_COMPAT to ENT_QUOTES | ENT_SUBSTITUTE | ENT_HTML401 in PHP 8.1. For cross-version compatibility, the $flags parameter should be explicitly set."
admin_console/views/scripts/batch/entry-lifecycle.phtml,69,28,ERROR,PHPCompatibility.ParameterValues.NewHTMLEntitiesFlagsDefault.NotSet,unverified static candidate,"The default value of the $flags parameter for htmlspecialchars() was changed from ENT_COMPAT to ENT_QUOTES | ENT_SUBSTITUTE | ENT_HTML401 in PHP 8.1. For cross-version compatibility, the $flags parameter should be explicitly set."
admin_console/views/scripts/batch/failed-tasks.phtml,74,29,ERROR,PHPCompatibility.ParameterValues.NewHTMLEntitiesFlagsDefault.NotSet,unverified static candidate,"The default value of the $flags parameter for htmlspecialchars() was changed from ENT_COMPAT to ENT_QUOTES | ENT_SUBSTITUTE | ENT_HTML401 in PHP 8.1. For cross-version compatibility, the $flags parameter should be explicitly set."
admin_console/views/scripts/batch/import-investigation.phtml,1,1,WARNING,Internal.NoCodeFound,unverified static candidate,No PHP code was found in this file and short open tags are not allowed by this install of PHP. This file may be using short open tags but PHP does not allow them.
admin_console/views/scripts/batch/in-progress-tasks.phtml,76,30,ERROR,PHPCompatibility.ParameterValues.NewHTMLEntitiesFlagsDefault.NotSet,unverified static candidate,"The default value of the $flags parameter for htmlspecialchars() was changed from ENT_COMPAT to ENT_QUOTES | ENT_SUBSTITUTE | ENT_HTML401 in PHP 8.1. For cross-version compatibility, the $flags parameter should be explicitly set."
admin_console/views/scripts/batch/in-progress-tasks.phtml,147,30,ERROR,PHPCompatibility.ParameterValues.NewHTMLEntitiesFlagsDefault.NotSet,unverified static candidate,"The default value of the $flags parameter for htmlspecialchars() was changed from ENT_COMPAT to ENT_QUOTES | ENT_SUBSTITUTE | ENT_HTML401 in PHP 8.1. For cross-version compatibility, the $flags parameter should be explicitly set."
admin_console/views/scripts/batch/learn-more.phtml,1,1,WARNING,Internal.NoCodeFound,unverified static candidate,No PHP code was found in this file and short open tags are not allowed by this install of PHP. This file may be using short open tags but PHP does not allow them.
admin_console/views/scripts/index/client-libs.phtml,1,1,WARNING,Internal.NoCodeFound,unverified static candidate,No PHP code was found in this file and short open tags are not allowed by this install of PHP. This file may be using short open tags but PHP does not allow them.
admin_console/views/scripts/index/index.phtml,1,1,WARNING,Internal.NoCodeFound,unverified static candidate,No PHP code was found in this file and short open tags are not allowed by this install of PHP. This file may be using short open tags but PHP does not allow them.
admin_console/views/scripts/index/memcache.phtml,503,42,ERROR,PHPCompatibility.ParameterValues.NewHTMLEntitiesFlagsDefault.NotSet,unverified static candidate,"The default value of the $flags parameter for htmlentities() was changed from ENT_COMPAT to ENT_QUOTES | ENT_SUBSTITUTE | ENT_HTML401 in PHP 8.1. For cross-version compatibility, the $flags parameter should be explicitly set."
admin_console/views/scripts/index/memcache.phtml,510,17,ERROR,PHPCompatibility.ParameterValues.NewHTMLEntitiesFlagsDefault.NotSet,unverified static candidate,"The default value of the $flags parameter for htmlentities() was changed from ENT_COMPAT to ENT_QUOTES | ENT_SUBSTITUTE | ENT_HTML401 in PHP 8.1. For cross-version compatibility, the $flags parameter should be explicitly set."
admin_console/views/scripts/index/memcache.phtml,826,19,ERROR,PHPCompatibility.ParameterValues.NewHTMLEntitiesFlagsDefault.NotSet,unverified static candidate,"The default value of the $flags parameter for htmlentities() was changed from ENT_COMPAT to ENT_QUOTES | ENT_SUBSTITUTE | ENT_HTML401 in PHP 8.1. For cross-version compatibility, the $flags parameter should be explicitly set."
admin_console/views/scripts/index/memcache.phtml,850,19,ERROR,PHPCompatibility.ParameterValues.NewHTMLEntitiesFlagsDefault.NotSet,unverified static candidate,"The default value of the $flags parameter for htmlentities() was changed from ENT_COMPAT to ENT_QUOTES | ENT_SUBSTITUTE | ENT_HTML401 in PHP 8.1. For cross-version compatibility, the $flags parameter should be explicitly set."
admin_console/views/scripts/index/testme-doc.phtml,1,1,WARNING,Internal.NoCodeFound,unverified static candidate,No PHP code was found in this file and short open tags are not allowed by this install of PHP. This file may be using short open tags but PHP does not allow them.
admin_console/views/scripts/index/testme.phtml,1,1,WARNING,Internal.NoCodeFound,unverified static candidate,No PHP code was found in this file and short open tags are not allowed by this install of PHP. This file may be using short open tags but PHP does not allow them.
admin_console/views/scripts/index/xsd-doc.phtml,1,1,WARNING,Internal.NoCodeFound,unverified static candidate,No PHP code was found in this file and short open tags are not allowed by this install of PHP. This file may be using short open tags but PHP does not allow them.
admin_console/views/scripts/plugin/index.phtml,1,1,WARNING,Internal.NoCodeFound,unverified static candidate,No PHP code was found in this file and short open tags are not allowed by this install of PHP. This file may be using short open tags but PHP does not allow them.
admin_console/views/scripts/user/index.phtml,35,19,ERROR,PHPCompatibility.ParameterValues.RemovedImplodeFlexibleParamOrder.Removed,unverified static candidate,Passing the $glue and $pieces parameters in reverse order to implode has been deprecated since PHP 7.4 and is removed since PHP 8.0; $glue should be the first parameter and $pieces the second
alpha/apps/kaltura/lib/KDLWrap.php,34,50,WARNING,PHPCompatibility.FunctionDeclarations.RemovedOptionalBeforeRequiredParam.Deprecated80,unverified static candidate,"Declaring an optional parameter before a required parameter is deprecated since PHP 8.0. Parameter $cdlMediaInfo is optional, while parameter $cdlFlavorList is required. The $cdlMediaInfo parameter is implicitly treated as a required parameter."
alpha/apps/kaltura/lib/Services_JSON.class.php,176,29,ERROR,PHPCompatibility.Syntax.RemovedCurlyBraceArrayAccess.Removed,unverified static candidate,Curly brace syntax for accessing array elements and string offsets has been deprecated in PHP 7.4 and removed in PHP 8.0. Found: $utf16{0}
alpha/apps/kaltura/lib/Services_JSON.class.php,176,52,ERROR,PHPCompatibility.Syntax.RemovedCurlyBraceArrayAccess.Removed,unverified static candidate,Curly brace syntax for accessing array elements and string offsets has been deprecated in PHP 7.4 and removed in PHP 8.0. Found: $utf16{1}
alpha/apps/kaltura/lib/Services_JSON.class.php,229,45,ERROR,PHPCompatibility.Syntax.RemovedCurlyBraceArrayAccess.Removed,unverified static candidate,Curly brace syntax for accessing array elements and string offsets has been deprecated in PHP 7.4 and removed in PHP 8.0. Found: $utf8{0}
alpha/apps/kaltura/lib/Services_JSON.class.php,230,46,ERROR,PHPCompatibility.Syntax.RemovedCurlyBraceArrayAccess.Removed,unverified static candidate,Curly brace syntax for accessing array elements and string offsets has been deprecated in PHP 7.4 and removed in PHP 8.0. Found: $utf8{0}
alpha/apps/kaltura/lib/Services_JSON.class.php,231,45,ERROR,PHPCompatibility.Syntax.RemovedCurlyBraceArrayAccess.Removed,unverified static candidate,Curly brace syntax for accessing array elements and string offsets has been deprecated in PHP 7.4 and removed in PHP 8.0. Found: $utf8{1}
alpha/apps/kaltura/lib/Services_JSON.class.php,236,46,ERROR,PHPCompatibility.Syntax.RemovedCurlyBraceArrayAccess.Removed,unverified static candidate,Curly brace syntax for accessing array elements and string offsets has been deprecated in PHP 7.4 and removed in PHP 8.0. Found: $utf8{0}
alpha/apps/kaltura/lib/Services_JSON.class.php,237,46,ERROR,PHPCompatibility.Syntax.RemovedCurlyBraceArrayAccess.Removed,unverified static candidate,Curly brace syntax for accessing array elements and string offsets has been deprecated in PHP 7.4 and removed in PHP 8.0. Found: $utf8{1}
alpha/apps/kaltura/lib/Services_JSON.class.php,238,46,ERROR,PHPCompatibility.Syntax.RemovedCurlyBraceArrayAccess.Removed,unverified static candidate,Curly brace syntax for accessing array elements and string offsets has been deprecated in PHP 7.4 and removed in PHP 8.0. Found: $utf8{1}
alpha/apps/kaltura/lib/Services_JSON.class.php,239,45,ERROR,PHPCompatibility.Syntax.RemovedCurlyBraceArrayAccess.Removed,unverified static candidate,Curly brace syntax for accessing array elements and string offsets has been deprecated in PHP 7.4 and removed in PHP 8.0. Found: $utf8{2}
alpha/apps/kaltura/lib/Services_JSON.class.php,284,42,ERROR,PHPCompatibility.Syntax.RemovedCurlyBraceArrayAccess.Removed,unverified static candidate,Curly brace syntax for accessing array elements and string offsets has been deprecated in PHP 7.4 and removed in PHP 8.0. Found: $var{$c}
alpha/apps/kaltura/lib/Services_JSON.class.php,307,48,ERROR,PHPCompatibility.Syntax.RemovedCurlyBraceArrayAccess.Removed,unverified static candidate,Curly brace syntax for accessing array elements and string offsets has been deprecated in PHP 7.4 and removed in PHP 8.0. Found: $var{$c}
alpha/apps/kaltura/lib/Services_JSON.class.php,312,43,ERROR,PHPCompatibility.Syntax.RemovedCurlyBraceArrayAccess.Removed,unverified static candidate,Curly brace syntax for accessing array elements and string offsets has been deprecated in PHP 7.4 and removed in PHP 8.0. Found: $var{$c}
alpha/apps/kaltura/lib/Services_JSON.class.php,318,68,ERROR,PHPCompatibility.Syntax.RemovedCurlyBraceArrayAccess.Removed,unverified static candidate,Curly brace syntax for accessing array elements and string offsets has been deprecated in PHP 7.4 and removed in PHP 8.0. Found: $var{$c + 1}
alpha/apps/kaltura/lib/Services_JSON.class.php,328,50,ERROR,PHPCompatibility.Syntax.RemovedCurlyBraceArrayAccess.Removed,unverified static candidate,Curly brace syntax for accessing array elements and string offsets has been deprecated in PHP 7.4 and removed in PHP 8.0. Found: $var{$c + 1}
alpha/apps/kaltura/lib/Services_JSON.class.php,329,50,ERROR,PHPCompatibility.Syntax.RemovedCurlyBraceArrayAccess.Removed,unverified static candidate,Curly brace syntax for accessing array elements and string offsets has been deprecated in PHP 7.4 and removed in PHP 8.0. Found: $var{$c + 2}
alpha/apps/kaltura/lib/Services_JSON.class.php,339,50,ERROR,PHPCompatibility.Syntax.RemovedCurlyBraceArrayAccess.Removed,unverified static candidate,Curly brace syntax for accessing array elements and string offsets has been deprecated in PHP 7.4 and removed in PHP 8.0. Found: $var{$c + 1}
alpha/apps/kaltura/lib/Services_JSON.class.php,340,50,ERROR,PHPCompatibility.Syntax.RemovedCurlyBraceArrayAccess.Removed,unverified static candidate,Curly brace syntax for accessing array elements and string offsets has been deprecated in PHP 7.4 and removed in PHP 8.0. Found: $var{$c + 2}
alpha/apps/kaltura/lib/Services_JSON.class.php,341,50,ERROR,PHPCompatibility.Syntax.RemovedCurlyBraceArrayAccess.Removed,unverified static candidate,Curly brace syntax for accessing array elements and string offsets has been deprecated in PHP 7.4 and removed in PHP 8.0. Found: $var{$c + 3}
alpha/apps/kaltura/lib/Services_JSON.class.php,351,50,ERROR,PHPCompatibility.Syntax.RemovedCurlyBraceArrayAccess.Removed,unverified static candidate,Curly brace syntax for accessing array elements and string offsets has been deprecated in PHP 7.4 and removed in PHP 8.0. Found: $var{$c + 1}
alpha/apps/kaltura/lib/Services_JSON.class.php,352,50,ERROR,PHPCompatibility.Syntax.RemovedCurlyBraceArrayAccess.Removed,unverified static candidate,Curly brace syntax for accessing array elements and string offsets has been deprecated in PHP 7.4 and removed in PHP 8.0. Found: $var{$c + 2}
alpha/apps/kaltura/lib/Services_JSON.class.php,353,50,ERROR,PHPCompatibility.Syntax.RemovedCurlyBraceArrayAccess.Removed,unverified static candidate,Curly brace syntax for accessing array elements and string offsets has been deprecated in PHP 7.4 and removed in PHP 8.0. Found: $var{$c + 3}
alpha/apps/kaltura/lib/Services_JSON.class.php,354,50,ERROR,PHPCompatibility.Syntax.RemovedCurlyBraceArrayAccess.Removed,unverified static candidate,Curly brace syntax for accessing array elements and string offsets has been deprecated in PHP 7.4 and removed in PHP 8.0. Found: $var{$c + 4}
alpha/apps/kaltura/lib/Services_JSON.class.php,364,50,ERROR,PHPCompatibility.Syntax.RemovedCurlyBraceArrayAccess.Removed,unverified static candidate,Curly brace syntax for accessing array elements and string offsets has been deprecated in PHP 7.4 and removed in PHP 8.0. Found: $var{$c + 1}
alpha/apps/kaltura/lib/Services_JSON.class.php,365,50,ERROR,PHPCompatibility.Syntax.RemovedCurlyBraceArrayAccess.Removed,unverified static candidate,Curly brace syntax for accessing array elements and string offsets has been deprecated in PHP 7.4 and removed in PHP 8.0. Found: $var{$c + 2}
alpha/apps/kaltura/lib/Services_JSON.class.php,366,50,ERROR,PHPCompatibility.Syntax.RemovedCurlyBraceArrayAccess.Removed,unverified static candidate,Curly brace syntax for accessing array elements and string offsets has been deprecated in PHP 7.4 and removed in PHP 8.0. Found: $var{$c + 3}
alpha/apps/kaltura/lib/Services_JSON.class.php,367,50,ERROR,PHPCompatibility.Syntax.RemovedCurlyBraceArrayAccess.Removed,unverified static candidate,Curly brace syntax for accessing array elements and string offsets has been deprecated in PHP 7.4 and removed in PHP 8.0. Found: $var{$c + 4}
alpha/apps/kaltura/lib/Services_JSON.class.php,368,50,ERROR,PHPCompatibility.Syntax.RemovedCurlyBraceArrayAccess.Removed,unverified static candidate,Curly brace syntax for accessing array elements and string offsets has been deprecated in PHP 7.4 and removed in PHP 8.0. Found: $var{$c + 5}
alpha/apps/kaltura/lib/Services_JSON.class.php,543,48,ERROR,PHPCompatibility.Syntax.RemovedCurlyBraceArrayAccess.Removed,unverified static candidate,Curly brace syntax for accessing array elements and string offsets has been deprecated in PHP 7.4 and removed in PHP 8.0. Found: $chrs{$c}
alpha/apps/kaltura/lib/Services_JSON.class.php,573,51,ERROR,PHPCompatibility.Syntax.RemovedCurlyBraceArrayAccess.Removed,unverified static candidate,Curly brace syntax for accessing array elements and string offsets has been deprecated in PHP 7.4 and removed in PHP 8.0. Found: $chrs{++$c}
alpha/apps/kaltura/lib/Services_JSON.class.php,586,47,ERROR,PHPCompatibility.Syntax.RemovedCurlyBraceArrayAccess.Removed,unverified static candidate,Curly brace syntax for accessing array elements and string offsets has been deprecated in PHP 7.4 and removed in PHP 8.0. Found: $chrs{$c}
alpha/apps/kaltura/lib/Services_JSON.class.php,633,29,ERROR,PHPCompatibility.Syntax.RemovedCurlyBraceArrayAccess.Removed,unverified static candidate,Curly brace syntax for accessing array elements and string offsets has been deprecated in PHP 7.4 and removed in PHP 8.0. Found: $str{0}
alpha/apps/kaltura/lib/Services_JSON.class.php,672,60,ERROR,PHPCompatibility.Syntax.RemovedCurlyBraceArrayAccess.Removed,unverified static candidate,Curly brace syntax for accessing array elements and string offsets has been deprecated in PHP 7.4 and removed in PHP 8.0. Found: $chrs{$c}
alpha/apps/kaltura/lib/Services_JSON.class.php,714,42,ERROR,PHPCompatibility.Syntax.RemovedCurlyBraceArrayAccess.Removed,unverified static candidate,Curly brace syntax for accessing array elements and string offsets has been deprecated in PHP 7.4 and removed in PHP 8.0. Found: $chrs{$c}
alpha/apps/kaltura/lib/Services_JSON.class.php,714,64,ERROR,PHPCompatibility.Syntax.RemovedCurlyBraceArrayAccess.Removed,unverified static candidate,Curly brace syntax for accessing array elements and string offsets has been deprecated in PHP 7.4 and removed in PHP 8.0. Found: $chrs{$c}
alpha/apps/kaltura/lib/Services_JSON.class.php,716,115,ERROR,PHPCompatibility.Syntax.RemovedCurlyBraceArrayAccess.Removed,unverified static candidate,Curly brace syntax for accessing array elements and string offsets has been deprecated in PHP 7.4 and removed in PHP 8.0. Found: $chrs{$c}
alpha/apps/kaltura/lib/Services_JSON.class.php,719,41,ERROR,PHPCompatibility.Syntax.RemovedCurlyBraceArrayAccess.Removed,unverified static candidate,Curly brace syntax for accessing array elements and string offsets has been deprecated in PHP 7.4 and removed in PHP 8.0. Found: $chrs{$c}
alpha/apps/kaltura/lib/Services_JSON.class.php,728,41,ERROR,PHPCompatibility.Syntax.RemovedCurlyBraceArrayAccess.Removed,unverified static candidate,Curly brace syntax for accessing array elements and string offsets has been deprecated in PHP 7.4 and removed in PHP 8.0. Found: $chrs{$c}
alpha/apps/kaltura/lib/Services_JSON.class.php,734,41,ERROR,PHPCompatibility.Syntax.RemovedCurlyBraceArrayAccess.Removed,unverified static candidate,Curly brace syntax for accessing array elements and string offsets has been deprecated in PHP 7.4 and removed in PHP 8.0. Found: $chrs{$c}
alpha/apps/kaltura/lib/Services_JSON.class.php,739,41,ERROR,PHPCompatibility.Syntax.RemovedCurlyBraceArrayAccess.Removed,unverified static candidate,Curly brace syntax for accessing array elements and string offsets has been deprecated in PHP 7.4 and removed in PHP 8.0. Found: $chrs{$c}
alpha/apps/kaltura/lib/Services_JSON.class.php,745,41,ERROR,PHPCompatibility.Syntax.RemovedCurlyBraceArrayAccess.Removed,unverified static candidate,Curly brace syntax for accessing array elements and string offsets has been deprecated in PHP 7.4 and removed in PHP 8.0. Found: $chrs{$c}
alpha/apps/kaltura/lib/Services_JSON.class.php,803,9,ERROR,PHPCompatibility.FunctionNameRestrictions.RemovedPHP4StyleConstructors.Removed,unverified static candidate,Declaration of a PHP4 style class constructor is deprecated since PHP 7.0 and removed since PHP 8.0
alpha/apps/kaltura/lib/Services_JSON.class.php,817,9,ERROR,PHPCompatibility.FunctionNameRestrictions.RemovedPHP4StyleConstructors.Removed,unverified static candidate,Declaration of a PHP4 style class constructor is deprecated since PHP 7.0 and removed since PHP 8.0
alpha/apps/kaltura/lib/___myMailAttachmentImporter.class.php,53,14,ERROR,PHPCompatibility.FunctionUse.RemovedFunctions.imap_headerRemoved,unverified static candidate,Function imap_header() is removed since PHP 8.0; Use imap_headerinfo() instead
alpha/apps/kaltura/lib/___myMailAttachmentImporter.class.php,319,100,ERROR,PHPCompatibility.Operators.ChangedConcatOperatorPrecedence.Found,unverified static candidate,"Using an unparenthesized expression containing a ""."" before a ""+"" or ""-"" has been deprecated in PHP 7.4 and removed in PHP 8.0"
alpha/apps/kaltura/lib/baseObjectUtils.class.php,474,37,ERROR,PHPCompatibility.Operators.RemovedTernaryAssociativity.Removed,unverified static candidate,The left-associativity of the ternary operator has been deprecated in PHP 7.4 and removed in PHP 8.0. Multiple consecutive ternaries detected. Use parenthesis to clarify the order in which the operations should be executed
alpha/apps/kaltura/lib/batch2/kFlowHelper.php,75,75,WARNING,PHPCompatibility.FunctionDeclarations.RemovedOptionalBeforeRequiredParam.Deprecated80,unverified static candidate,"Declaring an optional parameter before a required parameter is deprecated since PHP 8.0. Parameter $fileExt is optional, while parameter $flavorParamsId is required. The $fileExt parameter is implicitly treated as a required parameter."
alpha/apps/kaltura/lib/batch2/kFlowHelper.php,492,59,WARNING,PHPCompatibility.FunctionDeclarations.RemovedOptionalBeforeRequiredParam.Deprecated80,unverified static candidate,"Declaring an optional parameter before a required parameter is deprecated since PHP 8.0. Parameter $asset is optional, while parameter $liveSegmentCount is required. The $asset parameter is implicitly treated as a required parameter."
alpha/apps/kaltura/lib/batch2/kJobsManager.php,1629,73,WARNING,PHPCompatibility.FunctionDeclarations.RemovedOptionalBeforeRequiredParam.Deprecated80,unverified static candidate,"Declaring an optional parameter before a required parameter is deprecated since PHP 8.0. Parameter $entryId is optional, while parameter $storage is required. The $entryId parameter is implicitly treated as a required parameter."
alpha/apps/kaltura/lib/batch2/kJobsManager.php,1652,70,WARNING,PHPCompatibility.FunctionDeclarations.RemovedOptionalBeforeRequiredParam.Deprecated80,unverified static candidate,"Declaring an optional parameter before a required parameter is deprecated since PHP 8.0. Parameter $entryId is optional, while parameter $partnerId is required. The $entryId parameter is implicitly treated as a required parameter."
alpha/apps/kaltura/lib/batch2/model/kBatchHistoryData.php,141,11,WARNING,PHPCompatibility.FunctionUse.RemovedFunctions.strftimeDeprecated,unverified static candidate,Function strftime() is deprecated since PHP 8.1; Use date() or IntlDateFormatter::format() instead
alpha/apps/kaltura/lib/batch2/model/kRecalculateResponseProfileCacheJobData.php,1,1,WARNING,Internal.LineEndings.Mixed,unverified static candidate,File has mixed line endings; this may cause incorrect results
alpha/apps/kaltura/lib/clipconcat/kClipManager.php,425,38,WARNING,PHPCompatibility.FunctionDeclarations.RemovedOptionalBeforeRequiredParam.Deprecated80,unverified static candidate,"Declaring an optional parameter before a required parameter is deprecated since PHP 8.0. Parameter $priority is optional, while parameter $assetId is required. The $priority parameter is implicitly treated as a required parameter."
alpha/apps/kaltura/lib/config/kConfigTable.class.php,349,10,ERROR,PHPCompatibility.FunctionNameRestrictions.RemovedPHP4StyleConstructors.Removed,unverified static candidate,Declaration of a PHP4 style class constructor is deprecated since PHP 7.0 and removed since PHP 8.0
alpha/apps/kaltura/lib/config/kXmlConfig.class.php,30,9,ERROR,PHPCompatibility.FunctionNameRestrictions.RemovedPHP4StyleConstructors.Removed,unverified static candidate,Declaration of a PHP4 style class constructor is deprecated since PHP 7.0 and removed since PHP 8.0
alpha/apps/kaltura/lib/dateUtils.class.php,54,10,WARNING,PHPCompatibility.FunctionUse.RemovedFunctions.strftimeDeprecated,unverified static candidate,Function strftime() is deprecated since PHP 8.1; Use date() or IntlDateFormatter::format() instead
alpha/apps/kaltura/lib/dateUtils.class.php,100,24,ERROR,PHPCompatibility.Operators.RemovedTernaryAssociativity.Removed,unverified static candidate,The left-associativity of the ternary operator has been deprecated in PHP 7.4 and removed in PHP 8.0. Multiple consecutive ternaries detected. Use parenthesis to clarify the order in which the operations should be executed
alpha/apps/kaltura/lib/defPartnerservices2Action.class.php,66,9,ERROR,PHPCompatibility.FunctionNameRestrictions.RemovedPHP4StyleConstructors.Removed,unverified static candidate,Declaration of a PHP4 style class constructor is deprecated since PHP 7.0 and removed since PHP 8.0
alpha/apps/kaltura/lib/defPartnerservices2Action.class.php,918,12,ERROR,PHPCompatibility.FunctionUse.ArgumentFunctionsReportCurrentValue.Changed,unverified static candidate,"Since PHP 7.0, functions inspecting arguments, like func_get_args(), no longer report the original value as passed to a parameter, but will instead provide the current value. The parameter ""$error_code"" was changed on line 914."
alpha/apps/kaltura/lib/extservices/myKalturaPartnerServices.class.php,18,20,WARNING,PHPCompatibility.ParameterValues.RemovedGetClassNoArgs.ArgMissing,unverified static candidate,Calling get_class() without the $object argument is deprecated since PHP 8.3.
alpha/apps/kaltura/lib/extservices/myKalturaServices.class.php,28,21,WARNING,PHPCompatibility.ParameterValues.RemovedGetClassNoArgs.ArgMissing,unverified static candidate,Calling get_class() without the $object argument is deprecated since PHP 8.3.
alpha/apps/kaltura/lib/extservices/myMediaCommonsServices.class.php,211,14,ERROR,PHPCompatibility.Variables.ForbiddenThisUseContexts.OutsideObjectContext,unverified static candidate,"""$this"" can no longer be used in a plain function or method since PHP 7.1."
alpha/apps/kaltura/lib/extservices/myPhotobucketServices.class.php,67,15,WARNING,PHPCompatibility.FunctionUse.RemovedFunctions.utf8_encodeDeprecated,unverified static candidate,"Function utf8_encode() is deprecated since PHP 8.2; Use mb_convert_encoding(), UConverter::transcode() or iconv instead"
alpha/apps/kaltura/lib/extservices/myPhotobucketServices.class.php,232,39,WARNING,PHPCompatibility.FunctionUse.RemovedFunctions.utf8_encodeDeprecated,unverified static candidate,"Function utf8_encode() is deprecated since PHP 8.2; Use mb_convert_encoding(), UConverter::transcode() or iconv instead"
alpha/apps/kaltura/lib/kDeliveryUtils.php,71,48,WARNING,PHPCompatibility.FunctionDeclarations.RemovedOptionalBeforeRequiredParam.Deprecated80,unverified static candidate,"Declaring an optional parameter before a required parameter is deprecated since PHP 8.0. Parameter $pattern is optional, while parameter $params is required. The $pattern parameter is implicitly treated as a required parameter."
alpha/apps/kaltura/lib/kManifestRenderers.php,675,11,ERROR,PHPCompatibility.ParameterValues.NewHTMLEntitiesFlagsDefault.NotSet,unverified static candidate,"The default value of the $flags parameter for htmlspecialchars() was changed from ENT_COMPAT to ENT_QUOTES | ENT_SUBSTITUTE | ENT_HTML401 in PHP 8.1. For cross-version compatibility, the $flags parameter should be explicitly set."
alpha/apps/kaltura/lib/kManifestRenderers.php,695,47,ERROR,PHPCompatibility.ParameterValues.NewHTMLEntitiesFlagsDefault.NotSet,unverified static candidate,"The default value of the $flags parameter for htmlspecialchars() was changed from ENT_COMPAT to ENT_QUOTES | ENT_SUBSTITUTE | ENT_HTML401 in PHP 8.1. For cross-version compatibility, the $flags parameter should be explicitly set."
alpha/apps/kaltura/lib/kManifestRenderers.php,714,32,ERROR,PHPCompatibility.ParameterValues.NewHTMLEntitiesFlagsDefault.NotSet,unverified static candidate,"The default value of the $flags parameter for htmlspecialchars() was changed from ENT_COMPAT to ENT_QUOTES | ENT_SUBSTITUTE | ENT_HTML401 in PHP 8.1. For cross-version compatibility, the $flags parameter should be explicitly set."
alpha/apps/kaltura/lib/kManifestRenderers.php,840,18,ERROR,PHPCompatibility.ParameterValues.NewHTMLEntitiesFlagsDefault.NotSet,unverified static candidate,"The default value of the $flags parameter for htmlspecialchars() was changed from ENT_COMPAT to ENT_QUOTES | ENT_SUBSTITUTE | ENT_HTML401 in PHP 8.1. For cross-version compatibility, the $flags parameter should be explicitly set."
alpha/apps/kaltura/lib/kManifestRenderers.php,878,11,ERROR,PHPCompatibility.ParameterValues.NewHTMLEntitiesFlagsDefault.NotSet,unverified static candidate,"The default value of the $flags parameter for htmlspecialchars() was changed from ENT_COMPAT to ENT_QUOTES | ENT_SUBSTITUTE | ENT_HTML401 in PHP 8.1. For cross-version compatibility, the $flags parameter should be explicitly set."
alpha/apps/kaltura/lib/kManifestRenderers.php,1097,69,ERROR,PHPCompatibility.ParameterValues.NewHTMLEntitiesFlagsDefault.NotSet,unverified static candidate,"The default value of the $flags parameter for htmlspecialchars() was changed from ENT_COMPAT to ENT_QUOTES | ENT_SUBSTITUTE | ENT_HTML401 in PHP 8.1. For cross-version compatibility, the $flags parameter should be explicitly set."
alpha/apps/kaltura/lib/marketo/MarketoApiService.php,22,11,ERROR,PHPCompatibility.Classes.NewClasses.attributeFound,unverified static candidate,The built-in class Attribute is not present in PHP version 7.4 or earlier
alpha/apps/kaltura/lib/marketo/MarketoApiService.php,29,12,WARNING,PHPCompatibility.FunctionNameRestrictions.ReservedFunctionNames.MethodDoubleUnderscore,unverified static candidate,"Method name ""MarketoApiService::__getAuthenticationHeader"" is discouraged; PHP has reserved all method names with a double underscore prefix for future use."
alpha/apps/kaltura/lib/media/myFlvStreamer.class.php,863,8,WARNING,PHPCompatibility.FunctionUse.RemovedFunctions.strftimeDeprecated,unverified static candidate,Function strftime() is deprecated since PHP 8.1; Use date() or IntlDateFormatter::format() instead
alpha/apps/kaltura/lib/model/objectfilters/AdvancedSearchFilterComparableCondition.class.php,80,43,ERROR,PHPCompatibility.ParameterValues.NewHTMLEntitiesFlagsDefault.NotSet,unverified static candidate,"The default value of the $flags parameter for htmlspecialchars() was changed from ENT_COMPAT to ENT_QUOTES | ENT_SUBSTITUTE | ENT_HTML401 in PHP 8.1. For cross-version compatibility, the $flags parameter should be explicitly set."
alpha/apps/kaltura/lib/model/objectfilters/AdvancedSearchFilterComparableCondition.class.php,89,33,ERROR,PHPCompatibility.ParameterValues.NewHTMLEntitiesFlagsDefault.NotSet,unverified static candidate,"The default value of the $flags parameter for html_entity_decode() was changed from ENT_COMPAT to ENT_QUOTES | ENT_SUBSTITUTE | ENT_HTML401 in PHP 8.1. For cross-version compatibility, the $flags parameter should be explicitly set."
alpha/apps/kaltura/lib/model/objectfilters/AdvancedSearchFilterCondition.class.php,22,38,ERROR,PHPCompatibility.ParameterValues.NewHTMLEntitiesFlagsDefault.NotSet,unverified static candidate,"The default value of the $flags parameter for htmlspecialchars() was changed from ENT_COMPAT to ENT_QUOTES | ENT_SUBSTITUTE | ENT_HTML401 in PHP 8.1. For cross-version compatibility, the $flags parameter should be explicitly set."
alpha/apps/kaltura/lib/model/objectfilters/AdvancedSearchFilterCondition.class.php,23,38,ERROR,PHPCompatibility.ParameterValues.NewHTMLEntitiesFlagsDefault.NotSet,unverified static candidate,"The default value of the $flags parameter for htmlspecialchars() was changed from ENT_COMPAT to ENT_QUOTES | ENT_SUBSTITUTE | ENT_HTML401 in PHP 8.1. For cross-version compatibility, the $flags parameter should be explicitly set."
alpha/apps/kaltura/lib/model/objectfilters/AdvancedSearchFilterCondition.class.php,32,28,ERROR,PHPCompatibility.ParameterValues.NewHTMLEntitiesFlagsDefault.NotSet,unverified static candidate,"The default value of the $flags parameter for html_entity_decode() was changed from ENT_COMPAT to ENT_QUOTES | ENT_SUBSTITUTE | ENT_HTML401 in PHP 8.1. For cross-version compatibility, the $flags parameter should be explicitly set."
alpha/apps/kaltura/lib/model/objectfilters/AdvancedSearchFilterCondition.class.php,35,28,ERROR,PHPCompatibility.ParameterValues.NewHTMLEntitiesFlagsDefault.NotSet,unverified static candidate,"The default value of the $flags parameter for html_entity_decode() was changed from ENT_COMPAT to ENT_QUOTES | ENT_SUBSTITUTE | ENT_HTML401 in PHP 8.1. For cross-version compatibility, the $flags parameter should be explicitly set."
alpha/apps/kaltura/lib/model/objectfilters/AdvancedSearchFilterMatchCondition.class.php,17,36,ERROR,PHPCompatibility.ParameterValues.NewHTMLEntitiesFlagsDefault.NotSet,unverified static candidate,"The default value of the $flags parameter for htmlspecialchars() was changed from ENT_COMPAT to ENT_QUOTES | ENT_SUBSTITUTE | ENT_HTML401 in PHP 8.1. For cross-version compatibility, the $flags parameter should be explicitly set."
alpha/apps/kaltura/lib/model/objectfilters/AdvancedSearchFilterMatchCondition.class.php,26,26,ERROR,PHPCompatibility.ParameterValues.NewHTMLEntitiesFlagsDefault.NotSet,unverified static candidate,"The default value of the $flags parameter for html_entity_decode() was changed from ENT_COMPAT to ENT_QUOTES | ENT_SUBSTITUTE | ENT_HTML401 in PHP 8.1. For cross-version compatibility, the $flags parameter should be explicitly set."
alpha/apps/kaltura/lib/model/objectfilters/filters.class.php,995,28,ERROR,PHPCompatibility.ParameterValues.NewHTMLEntitiesFlagsDefault.NotSet,unverified static candidate,"The default value of the $flags parameter for htmlspecialchars() was changed from ENT_COMPAT to ENT_QUOTES | ENT_SUBSTITUTE | ENT_HTML401 in PHP 8.1. For cross-version compatibility, the $flags parameter should be explicitly set."
alpha/apps/kaltura/lib/myBaseObject.class.php,244,45,ERROR,PHPCompatibility.ParameterValues.NewHTMLEntitiesFlagsDefault.NotSet,unverified static candidate,"The default value of the $flags parameter for html_entity_decode() was changed from ENT_COMPAT to ENT_QUOTES | ENT_SUBSTITUTE | ENT_HTML401 in PHP 8.1. For cross-version compatibility, the $flags parameter should be explicitly set."
alpha/apps/kaltura/lib/myCaptchaImage.class.php,74,24,ERROR,PHPCompatibility.Syntax.RemovedCurlyBraceArrayAccess.Removed,unverified static candidate,Curly brace syntax for accessing array elements and string offsets has been deprecated in PHP 7.4 and removed in PHP 8.0. Found: $key_chars{$rand_pos}
alpha/apps/kaltura/lib/myEntryUtils.class.php,1488,56,WARNING,PHPCompatibility.FunctionDeclarations.RemovedOptionalBeforeRequiredParam.Deprecated80,unverified static candidate,"Declaring an optional parameter before a required parameter is deprecated since PHP 8.0. Parameter $copyFlavors is optional, while parameter $originalEntryId is required. The $copyFlavors parameter is implicitly treated as a required parameter."
alpha/apps/kaltura/lib/myEntryUtils.class.php,1488,77,WARNING,PHPCompatibility.FunctionDeclarations.RemovedOptionalBeforeRequiredParam.Deprecated80,unverified static candidate,"Declaring an optional parameter before a required parameter is deprecated since PHP 8.0. Parameter $copyCaptions is optional, while parameter $originalEntryId is required. The $copyCaptions parameter is implicitly treated as a required parameter."
alpha/apps/kaltura/lib/myPlaylistUtils.class.php,1352,53,ERROR,PHPCompatibility.ParameterValues.NewHTMLEntitiesFlagsDefault.NotSet,unverified static candidate,"The default value of the $flags parameter for htmlspecialchars() was changed from ENT_COMPAT to ENT_QUOTES | ENT_SUBSTITUTE | ENT_HTML401 in PHP 8.1. For cross-version compatibility, the $flags parameter should be explicitly set."
alpha/apps/kaltura/lib/myTagCloud.class.php,26,3,ERROR,PHPCompatibility.FunctionNameRestrictions.RemovedPHP4StyleConstructors.Removed,unverified static candidate,Declaration of a PHP4 style class constructor is deprecated since PHP 7.0 and removed since PHP 8.0
alpha/apps/kaltura/lib/propel/php5/KalturaExtensionObjectBuilder.php,52,11,WARNING,PHPCompatibility.FunctionUse.RemovedFunctions.strftimeDeprecated,unverified static candidate,Function strftime() is deprecated since PHP 8.1; Use date() or IntlDateFormatter::format() instead
alpha/apps/kaltura/lib/propel/php5/KalturaExtensionPeerBuilder.php,51,11,WARNING,PHPCompatibility.FunctionUse.RemovedFunctions.strftimeDeprecated,unverified static candidate,Function strftime() is deprecated since PHP 8.1; Use date() or IntlDateFormatter::format() instead
alpha/apps/kaltura/lib/propel/php5/KalturaMapBuilderBuilder.php,29,11,WARNING,PHPCompatibility.FunctionUse.RemovedFunctions.strftimeDeprecated,unverified static candidate,Function strftime() is deprecated since PHP 8.1; Use date() or IntlDateFormatter::format() instead
alpha/apps/kaltura/lib/propel/php5/KalturaObjectBuilder.php,46,11,WARNING,PHPCompatibility.FunctionUse.RemovedFunctions.strftimeDeprecated,unverified static candidate,Function strftime() is deprecated since PHP 8.1; Use date() or IntlDateFormatter::format() instead
alpha/apps/kaltura/lib/propel/php5/KalturaPeerBuilder.php,37,11,WARNING,PHPCompatibility.FunctionUse.RemovedFunctions.strftimeDeprecated,unverified static candidate,Function strftime() is deprecated since PHP 8.1; Use date() or IntlDateFormatter::format() instead
alpha/apps/kaltura/lib/reports/kKavaReportsMgr.class.php,4970,39,WARNING,PHPCompatibility.FunctionDeclarations.RemovedOptionalBeforeRequiredParam.Deprecated80,unverified static candidate,"Declaring an optional parameter before a required parameter is deprecated since PHP 8.0. Parameter $object_ids is optional, while parameter $response_options is required. The $object_ids parameter is implicitly treated as a required parameter."
alpha/apps/kaltura/lib/reports/kKavaReportsMgr.class.php,4970,59,WARNING,PHPCompatibility.FunctionDeclarations.RemovedOptionalBeforeRequiredParam.Deprecated80,unverified static candidate,"Declaring an optional parameter before a required parameter is deprecated since PHP 8.0. Parameter $flags is optional, while parameter $response_options is required. The $flags parameter is implicitly treated as a required parameter."
alpha/apps/kaltura/lib/reports/kKavaReportsMgr.class.php,5397,40,WARNING,PHPCompatibility.FunctionDeclarations.RemovedOptionalBeforeRequiredParam.Deprecated80,unverified static candidate,"Declaring an optional parameter before a required parameter is deprecated since PHP 8.0. Parameter $object_ids is optional, while parameter $response_options is required. The $object_ids parameter is implicitly treated as a required parameter."
alpha/apps/kaltura/lib/reports/kKavaReportsMgr.class.php,5397,60,WARNING,PHPCompatibility.FunctionDeclarations.RemovedOptionalBeforeRequiredParam.Deprecated80,unverified static candidate,"Declaring an optional parameter before a required parameter is deprecated since PHP 8.0. Parameter $flags is optional, while parameter $response_options is required. The $flags parameter is implicitly treated as a required parameter."
alpha/apps/kaltura/lib/reports/kKavaReportsMgr.class.php,5564,39,WARNING,PHPCompatibility.FunctionDeclarations.RemovedOptionalBeforeRequiredParam.Deprecated80,unverified static candidate,"Declaring an optional parameter before a required parameter is deprecated since PHP 8.0. Parameter $object_ids is optional, while parameter $response_options is required. The $object_ids parameter is implicitly treated as a required parameter."
alpha/apps/kaltura/lib/reports/kKavaReportsMgr.class.php,5564,59,WARNING,PHPCompatibility.FunctionDeclarations.RemovedOptionalBeforeRequiredParam.Deprecated80,unverified static candidate,"Declaring an optional parameter before a required parameter is deprecated since PHP 8.0. Parameter $flags is optional, while parameter $response_options is required. The $flags parameter is implicitly treated as a required parameter."
alpha/apps/kaltura/lib/reports/kKavaReportsMgr.class.php,6708,3,WARNING,PHPCompatibility.FunctionDeclarations.RemovedOptionalBeforeRequiredParam.Deprecated80,unverified static candidate,"Declaring an optional parameter before a required parameter is deprecated since PHP 8.0. Parameter $dimension is optional, while parameter $order_by is required. The $dimension parameter is implicitly treated as a required parameter."
alpha/apps/kaltura/lib/reports/kKavaReportsMgr.class.php,6709,3,WARNING,PHPCompatibility.FunctionDeclarations.RemovedOptionalBeforeRequiredParam.Deprecated80,unverified static candidate,"Declaring an optional parameter before a required parameter is deprecated since PHP 8.0. Parameter $object_ids is optional, while parameter $order_by is required. The $object_ids parameter is implicitly treated as a required parameter."
alpha/apps/kaltura/lib/reports/kKavaReportsMgr.class.php,6710,3,WARNING,PHPCompatibility.FunctionDeclarations.RemovedOptionalBeforeRequiredParam.Deprecated80,unverified static candidate,"Declaring an optional parameter before a required parameter is deprecated since PHP 8.0. Parameter $page_size is optional, while parameter $order_by is required. The $page_size parameter is implicitly treated as a required parameter."
alpha/apps/kaltura/lib/reports/kKavaReportsMgr.class.php,6710,19,WARNING,PHPCompatibility.FunctionDeclarations.RemovedOptionalBeforeRequiredParam.Deprecated80,unverified static candidate,"Declaring an optional parameter before a required parameter is deprecated since PHP 8.0. Parameter $page_index is optional, while parameter $order_by is required. The $page_index parameter is implicitly treated as a required parameter."
alpha/apps/kaltura/lib/reports/kKavaReportsMgr.class.php,6789,3,WARNING,PHPCompatibility.FunctionDeclarations.RemovedOptionalBeforeRequiredParam.Deprecated80,unverified static candidate,"Declaring an optional parameter before a required parameter is deprecated since PHP 8.0. Parameter $dimension is optional, while parameter $order_by is required. The $dimension parameter is implicitly treated as a required parameter."
alpha/apps/kaltura/lib/reports/kKavaReportsMgr.class.php,6790,3,WARNING,PHPCompatibility.FunctionDeclarations.RemovedOptionalBeforeRequiredParam.Deprecated80,unverified static candidate,"Declaring an optional parameter before a required parameter is deprecated since PHP 8.0. Parameter $object_ids is optional, while parameter $order_by is required. The $object_ids parameter is implicitly treated as a required parameter."
alpha/apps/kaltura/lib/reports/kKavaReportsMgr.class.php,6791,3,WARNING,PHPCompatibility.FunctionDeclarations.RemovedOptionalBeforeRequiredParam.Deprecated80,unverified static candidate,"Declaring an optional parameter before a required parameter is deprecated since PHP 8.0. Parameter $page_size is optional, while parameter $order_by is required. The $page_size parameter is implicitly treated as a required parameter."
alpha/apps/kaltura/lib/reports/kKavaReportsMgr.class.php,6791,19,WARNING,PHPCompatibility.FunctionDeclarations.RemovedOptionalBeforeRequiredParam.Deprecated80,unverified static candidate,"Declaring an optional parameter before a required parameter is deprecated since PHP 8.0. Parameter $page_index is optional, while parameter $order_by is required. The $page_index parameter is implicitly treated as a required parameter."
alpha/apps/kaltura/lib/reports/myReportsMgr.class.php,455,4,WARNING,PHPCompatibility.FunctionDeclarations.RemovedOptionalBeforeRequiredParam.Deprecated80,unverified static candidate,"Declaring an optional parameter before a required parameter is deprecated since PHP 8.0. Parameter $dimension is optional, while parameter $order_by is required. The $dimension parameter is implicitly treated as a required parameter."
alpha/apps/kaltura/lib/reports/myReportsMgr.class.php,456,4,WARNING,PHPCompatibility.FunctionDeclarations.RemovedOptionalBeforeRequiredParam.Deprecated80,unverified static candidate,"Declaring an optional parameter before a required parameter is deprecated since PHP 8.0. Parameter $object_ids is optional, while parameter $order_by is required. The $object_ids parameter is implicitly treated as a required parameter."
alpha/apps/kaltura/lib/reports/myReportsMgr.class.php,457,4,WARNING,PHPCompatibility.FunctionDeclarations.RemovedOptionalBeforeRequiredParam.Deprecated80,unverified static candidate,"Declaring an optional parameter before a required parameter is deprecated since PHP 8.0. Parameter $page_size is optional, while parameter $order_by is required. The $page_size parameter is implicitly treated as a required parameter."
alpha/apps/kaltura/lib/reports/myReportsMgr.class.php,457,20,WARNING,PHPCompatibility.FunctionDeclarations.RemovedOptionalBeforeRequiredParam.Deprecated80,unverified static candidate,"Declaring an optional parameter before a required parameter is deprecated since PHP 8.0. Parameter $page_index is optional, while parameter $order_by is required. The $page_index parameter is implicitly treated as a required parameter."
alpha/apps/kaltura/lib/reports/myReportsMgr.class.php,606,69,ERROR,PHPCompatibility.Variables.ForbiddenThisUseContexts.OutsideObjectContext,unverified static candidate,"""$this"" can no longer be used in a plain function or method since PHP 7.1."
alpha/apps/kaltura/lib/reports/myReportsMgr.class.php,606,102,ERROR,PHPCompatibility.Variables.ForbiddenThisUseContexts.OutsideObjectContext,unverified static candidate,"""$this"" can no longer be used in a plain function or method since PHP 7.1."
alpha/apps/kaltura/lib/reports/myReportsMgr.class.php,1350,44,ERROR,PHPCompatibility.Extensions.RemovedExtensions.mysql_DeprecatedRemoved,unverified static candidate,Extension 'mysql_' is deprecated since PHP 5.5 and removed since PHP 7.0; Use mysqli instead
alpha/apps/kaltura/lib/reports/myReportsMgr.class.php,1350,44,ERROR,PHPCompatibility.FunctionUse.RemovedFunctions.mysql_queryDeprecatedRemoved,unverified static candidate,Function mysql_query() is deprecated since PHP 5.5 and removed since PHP 7.0
alpha/apps/kaltura/lib/reports/myReportsMgr.class.php,1477,11,ERROR,PHPCompatibility.IniDirectives.RemovedIniDirectives.mysql_connect_timeoutRemoved,unverified static candidate,INI directive 'mysql.connect_timeout' is removed since PHP 7.0
alpha/apps/kaltura/lib/s3/S3.php,970,17,WARNING,PHPCompatibility.FunctionNameRestrictions.ReservedFunctionNames.MethodDoubleUnderscore,unverified static candidate,"Method name ""S3::__getCloudFrontDistributionConfigXML"" is discouraged; PHP has reserved all method names with a double underscore prefix for future use."
alpha/apps/kaltura/lib/s3/S3.php,993,17,WARNING,PHPCompatibility.FunctionNameRestrictions.ReservedFunctionNames.MethodDoubleUnderscore,unverified static candidate,"Method name ""S3::__parseCloudFrontDistributionConfig"" is discouraged; PHP has reserved all method names with a double underscore prefix for future use."
alpha/apps/kaltura/lib/s3/S3.php,1026,17,WARNING,PHPCompatibility.FunctionNameRestrictions.ReservedFunctionNames.MethodDoubleUnderscore,unverified static candidate,"Method name ""S3::__getCloudFrontResponse"" is discouraged; PHP has reserved all method names with a double underscore prefix for future use."
alpha/apps/kaltura/lib/s3/S3.php,1052,16,WARNING,PHPCompatibility.FunctionNameRestrictions.ReservedFunctionNames.MethodDoubleUnderscore,unverified static candidate,"Method name ""S3::__getMimeType"" is discouraged; PHP has reserved all method names with a double underscore prefix for future use."
alpha/apps/kaltura/lib/s3/S3.php,1100,16,WARNING,PHPCompatibility.FunctionNameRestrictions.ReservedFunctionNames.MethodDoubleUnderscore,unverified static candidate,"Method name ""S3::__getSignature"" is discouraged; PHP has reserved all method names with a double underscore prefix for future use."
alpha/apps/kaltura/lib/s3/S3.php,1114,17,WARNING,PHPCompatibility.FunctionNameRestrictions.ReservedFunctionNames.MethodDoubleUnderscore,unverified static candidate,"Method name ""S3::__getHash"" is discouraged; PHP has reserved all method names with a double underscore prefix for future use."
alpha/apps/kaltura/lib/s3/S3.php,1339,10,WARNING,PHPCompatibility.FunctionNameRestrictions.ReservedFunctionNames.MethodDoubleUnderscore,unverified static candidate,"Method name ""S3Request::__responseWriteCallback"" is discouraged; PHP has reserved all method names with a double underscore prefix for future use."
alpha/apps/kaltura/lib/s3/S3.php,1355,10,WARNING,PHPCompatibility.FunctionNameRestrictions.ReservedFunctionNames.MethodDoubleUnderscore,unverified static candidate,"Method name ""S3Request::__responseHeaderCallback"" is discouraged; PHP has reserved all method names with a double underscore prefix for future use."
alpha/apps/kaltura/lib/s3/S3.php,1368,46,ERROR,PHPCompatibility.Syntax.RemovedCurlyBraceArrayAccess.Removed,unverified static candidate,Curly brace syntax for accessing array elements and string offsets has been deprecated in PHP 7.4 and removed in PHP 8.0. Found: $value{0}
alpha/apps/kaltura/lib/storage/urlTokenizers/kAkamaiSecureHDUrlTokenizer.php,198,33,ERROR,PHPCompatibility.Syntax.RemovedCurlyBraceArrayAccess.Removed,unverified static candidate,Curly brace syntax for accessing array elements and string offsets has been deprecated in PHP 7.4 and removed in PHP 8.0. Found: $str{$i}
alpha/apps/kaltura/lib/storage/urlTokenizers/kAkamaiSecureHDUrlTokenizer.php,198,42,ERROR,PHPCompatibility.Syntax.RemovedCurlyBraceArrayAccess.Removed,unverified static candidate,Curly brace syntax for accessing array elements and string offsets has been deprecated in PHP 7.4 and removed in PHP 8.0. Found: $str{($i + 1)}
alpha/apps/kaltura/lib/storage/urlTokenizers/kCloudFrontUrlTokenizer.php,29,3,WARNING,PHPCompatibility.FunctionUse.RemovedFunctions.openssl_free_keyDeprecated,unverified static candidate,Function openssl_free_key() is deprecated since PHP 8.0
alpha/apps/kaltura/lib/storage/urlTokenizers/kLevel3UrlTokenizer.php,92,39,WARNING,PHPCompatibility.FunctionUse.RemovedFunctions.strftimeDeprecated,unverified static candidate,Function strftime() is deprecated since PHP 8.1; Use date() or IntlDateFormatter::format() instead
alpha/apps/kaltura/modules/extservices/templates/flickrSuccess.php,1,1,WARNING,Internal.NoCodeFound,unverified static candidate,No PHP code was found in this file and short open tags are not allowed by this install of PHP. This file may be using short open tags but PHP does not allow them.
alpha/apps/kaltura/modules/extservices/templates/indexSuccess.php,1,1,WARNING,Internal.NoCodeFound,unverified static candidate,No PHP code was found in this file and short open tags are not allowed by this install of PHP. This file may be using short open tags but PHP does not allow them.
alpha/apps/kaltura/modules/extwidget/actions/previewAction.class.php,30,21,ERROR,PHPCompatibility.ParameterValues.NewHTMLEntitiesFlagsDefault.NotSet,unverified static candidate,"The default value of the $flags parameter for htmlspecialchars() was changed from ENT_COMPAT to ENT_QUOTES | ENT_SUBSTITUTE | ENT_HTML401 in PHP 8.1. For cross-version compatibility, the $flags parameter should be explicitly set."
alpha/apps/kaltura/modules/extwidget/actions/previewAction.class.php,122,22,ERROR,PHPCompatibility.ParameterValues.NewHTMLEntitiesFlagsDefault.NotSet,unverified static candidate,"The default value of the $flags parameter for htmlspecialchars() was changed from ENT_COMPAT to ENT_QUOTES | ENT_SUBSTITUTE | ENT_HTML401 in PHP 8.1. For cross-version compatibility, the $flags parameter should be explicitly set."
alpha/apps/kaltura/modules/extwidget/actions/previewAction.class.php,126,19,ERROR,PHPCompatibility.ParameterValues.NewHTMLEntitiesFlagsDefault.NotSet,unverified static candidate,"The default value of the $flags parameter for htmlspecialchars() was changed from ENT_COMPAT to ENT_QUOTES | ENT_SUBSTITUTE | ENT_HTML401 in PHP 8.1. For cross-version compatibility, the $flags parameter should be explicitly set."
alpha/apps/kaltura/modules/extwidget/actions/previewAction.class.php,135,25,ERROR,PHPCompatibility.ParameterValues.NewHTMLEntitiesFlagsDefault.NotSet,unverified static candidate,"The default value of the $flags parameter for htmlspecialchars() was changed from ENT_COMPAT to ENT_QUOTES | ENT_SUBSTITUTE | ENT_HTML401 in PHP 8.1. For cross-version compatibility, the $flags parameter should be explicitly set."
alpha/apps/kaltura/modules/extwidget/actions/previewAction.class.php,163,23,ERROR,PHPCompatibility.ParameterValues.NewHTMLEntitiesFlagsDefault.NotSet,unverified static candidate,"The default value of the $flags parameter for htmlspecialchars() was changed from ENT_COMPAT to ENT_QUOTES | ENT_SUBSTITUTE | ENT_HTML401 in PHP 8.1. For cross-version compatibility, the $flags parameter should be explicitly set."
alpha/apps/kaltura/modules/extwidget/actions/serveFlavorAction.class.php,121,67,WARNING,PHPCompatibility.FunctionDeclarations.RemovedOptionalBeforeRequiredParam.Deprecated80,unverified static candidate,"Declaring an optional parameter before a required parameter is deprecated since PHP 8.0. Parameter $playlistStartTime is optional, while parameter $firstClipStartTime is required. The $playlistStartTime parameter is implicitly treated as a required parameter."
alpha/apps/kaltura/modules/extwidget/templates/openGraphSuccess.php,7,70,ERROR,PHPCompatibility.ParameterValues.NewHTMLEntitiesFlagsDefault.NotSet,unverified static candidate,"The default value of the $flags parameter for html_entity_decode() was changed from ENT_COMPAT to ENT_QUOTES | ENT_SUBSTITUTE | ENT_HTML401 in PHP 8.1. For cross-version compatibility, the $flags parameter should be explicitly set."
alpha/apps/kaltura/modules/extwidget/templates/openGraphSuccess.php,8,76,ERROR,PHPCompatibility.ParameterValues.NewHTMLEntitiesFlagsDefault.NotSet,unverified static candidate,"The default value of the $flags parameter for html_entity_decode() was changed from ENT_COMPAT to ENT_QUOTES | ENT_SUBSTITUTE | ENT_HTML401 in PHP 8.1. For cross-version compatibility, the $flags parameter should be explicitly set."
alpha/apps/kaltura/modules/extwidget/templates/openGraphSuccess.php,27,52,ERROR,PHPCompatibility.ParameterValues.NewHTMLEntitiesFlagsDefault.NotSet,unverified static candidate,"The default value of the $flags parameter for htmlspecialchars() was changed from ENT_COMPAT to ENT_QUOTES | ENT_SUBSTITUTE | ENT_HTML401 in PHP 8.1. For cross-version compatibility, the $flags parameter should be explicitly set."
alpha/apps/kaltura/modules/extwidget/templates/openGraphSuccess.php,28,58,ERROR,PHPCompatibility.ParameterValues.NewHTMLEntitiesFlagsDefault.NotSet,unverified static candidate,"The default value of the $flags parameter for htmlspecialchars() was changed from ENT_COMPAT to ENT_QUOTES | ENT_SUBSTITUTE | ENT_HTML401 in PHP 8.1. For cross-version compatibility, the $flags parameter should be explicitly set."
alpha/apps/kaltura/modules/extwidget/templates/openGraphSuccess.php,39,20,ERROR,PHPCompatibility.ParameterValues.NewHTMLEntitiesFlagsDefault.NotSet,unverified static candidate,"The default value of the $flags parameter for htmlspecialchars() was changed from ENT_COMPAT to ENT_QUOTES | ENT_SUBSTITUTE | ENT_HTML401 in PHP 8.1. For cross-version compatibility, the $flags parameter should be explicitly set."
alpha/apps/kaltura/modules/extwidget/templates/previewSuccess.php,12,70,ERROR,PHPCompatibility.ParameterValues.NewHTMLEntitiesFlagsDefault.NotSet,unverified static candidate,"The default value of the $flags parameter for html_entity_decode() was changed from ENT_COMPAT to ENT_QUOTES | ENT_SUBSTITUTE | ENT_HTML401 in PHP 8.1. For cross-version compatibility, the $flags parameter should be explicitly set."
alpha/apps/kaltura/modules/extwidget/templates/previewSuccess.php,13,76,ERROR,PHPCompatibility.ParameterValues.NewHTMLEntitiesFlagsDefault.NotSet,unverified static candidate,"The default value of the $flags parameter for html_entity_decode() was changed from ENT_COMPAT to ENT_QUOTES | ENT_SUBSTITUTE | ENT_HTML401 in PHP 8.1. For cross-version compatibility, the $flags parameter should be explicitly set."
alpha/apps/kaltura/modules/extwidget/templates/previewSuccess.php,31,52,ERROR,PHPCompatibility.ParameterValues.NewHTMLEntitiesFlagsDefault.NotSet,unverified static candidate,"The default value of the $flags parameter for htmlspecialchars() was changed from ENT_COMPAT to ENT_QUOTES | ENT_SUBSTITUTE | ENT_HTML401 in PHP 8.1. For cross-version compatibility, the $flags parameter should be explicitly set."
alpha/apps/kaltura/modules/extwidget/templates/previewSuccess.php,32,58,ERROR,PHPCompatibility.ParameterValues.NewHTMLEntitiesFlagsDefault.NotSet,unverified static candidate,"The default value of the $flags parameter for htmlspecialchars() was changed from ENT_COMPAT to ENT_QUOTES | ENT_SUBSTITUTE | ENT_HTML401 in PHP 8.1. For cross-version compatibility, the $flags parameter should be explicitly set."
alpha/apps/kaltura/modules/extwidget/templates/previewSuccess.php,44,20,ERROR,PHPCompatibility.ParameterValues.NewHTMLEntitiesFlagsDefault.NotSet,unverified static candidate,"The default value of the $flags parameter for htmlspecialchars() was changed from ENT_COMPAT to ENT_QUOTES | ENT_SUBSTITUTE | ENT_HTML401 in PHP 8.1. For cross-version compatibility, the $flags parameter should be explicitly set."
alpha/apps/kaltura/modules/extwidget/templates/previewSuccess.php,210,20,ERROR,PHPCompatibility.ParameterValues.NewHTMLEntitiesFlagsDefault.NotSet,unverified static candidate,"The default value of the $flags parameter for htmlspecialchars() was changed from ENT_COMPAT to ENT_QUOTES | ENT_SUBSTITUTE | ENT_HTML401 in PHP 8.1. For cross-version compatibility, the $flags parameter should be explicitly set."
alpha/apps/kaltura/modules/extwidget/templates/previewSuccess.php,213,18,ERROR,PHPCompatibility.ParameterValues.NewHTMLEntitiesFlagsDefault.NotSet,unverified static candidate,"The default value of the $flags parameter for htmlspecialchars() was changed from ENT_COMPAT to ENT_QUOTES | ENT_SUBSTITUTE | ENT_HTML401 in PHP 8.1. For cross-version compatibility, the $flags parameter should be explicitly set."
alpha/apps/kaltura/modules/keditorservices/actions/flvclipperAction.class.php,387,25,WARNING,PHPCompatibility.FunctionUse.RemovedFunctions.strftimeDeprecated,unverified static candidate,Function strftime() is deprecated since PHP 8.1; Use date() or IntlDateFormatter::format() instead
alpha/apps/kaltura/modules/keditorservices/actions/setRoughcutThumbnailAction.class.php,78,12,ERROR,PHPCompatibility.Variables.RemovedPredefinedGlobalVariables.http_raw_post_dataDeprecatedRemoved,unverified static candidate,Global variable '$HTTP_RAW_POST_DATA' is deprecated since PHP 5.6 and removed since PHP 7.0; Use php://input instead
alpha/apps/kaltura/modules/keditorservices/actions/setRoughcutThumbnailAction.class.php,79,18,ERROR,PHPCompatibility.Variables.RemovedPredefinedGlobalVariables.http_raw_post_dataDeprecatedRemoved,unverified static candidate,Global variable '$HTTP_RAW_POST_DATA' is deprecated since PHP 5.6 and removed since PHP 7.0; Use php://input instead
alpha/apps/kaltura/modules/keditorservices/templates/getKshowInfoSuccess.php,18,71,WARNING,PHPCompatibility.FunctionUse.RemovedFunctions.strftimeDeprecated,unverified static candidate,Function strftime() is deprecated since PHP 8.1; Use date() or IntlDateFormatter::format() instead
alpha/apps/kaltura/modules/kmc/actions/extloginAction.class.php,18,12,ERROR,PHPCompatibility.FunctionUse.ArgumentFunctionsReportCurrentValue.Changed,unverified static candidate,"Since PHP 7.0, functions inspecting arguments, like func_get_args(), no longer report the original value as passed to a parameter, but will instead provide the current value. The parameter ""$error_code"" was changed on line 14."
alpha/apps/kaltura/modules/kmc/actions/kmcEmbedAction.class.php,19,18,ERROR,PHPCompatibility.ParameterValues.NewHTMLEntitiesFlagsDefault.NotSet,unverified static candidate,"The default value of the $flags parameter for htmlspecialchars() was changed from ENT_COMPAT to ENT_QUOTES | ENT_SUBSTITUTE | ENT_HTML401 in PHP 8.1. For cross-version compatibility, the $flags parameter should be explicitly set."
alpha/apps/kaltura/modules/kmc/actions/updateLoginDataAction.class.php,145,16,ERROR,PHPCompatibility.ParameterValues.NewHTMLEntitiesFlagsDefault.NotSet,unverified static candidate,"The default value of the $flags parameter for htmlentities() was changed from ENT_COMPAT to ENT_QUOTES | ENT_SUBSTITUTE | ENT_HTML401 in PHP 8.1. For cross-version compatibility, the $flags parameter should be explicitly set."
alpha/apps/kaltura/modules/kmc/actions/updateLoginDataAction.class.php,148,15,ERROR,PHPCompatibility.ParameterValues.NewHTMLEntitiesFlagsDefault.NotSet,unverified static candidate,"The default value of the $flags parameter for htmlentities() was changed from ENT_COMPAT to ENT_QUOTES | ENT_SUBSTITUTE | ENT_HTML401 in PHP 8.1. For cross-version compatibility, the $flags parameter should be explicitly set."
alpha/apps/kaltura/modules/kmc/actions/updateLoginDataAction.class.php,181,10,ERROR,PHPCompatibility.ParameterValues.NewHTMLEntitiesFlagsDefault.NotSet,unverified static candidate,"The default value of the $flags parameter for htmlspecialchars() was changed from ENT_COMPAT to ENT_QUOTES | ENT_SUBSTITUTE | ENT_HTML401 in PHP 8.1. For cross-version compatibility, the $flags parameter should be explicitly set."
alpha/apps/kaltura/modules/kmc/templates/TermsOfUseSuccess.php,1,1,WARNING,Internal.NoCodeFound,unverified static candidate,No PHP code was found in this file and short open tags are not allowed by this install of PHP. This file may be using short open tags but PHP does not allow them.
alpha/apps/kaltura/modules/kmc/templates/kmc2helpSuccess.php,1,1,WARNING,Internal.NoCodeFound,unverified static candidate,No PHP code was found in this file and short open tags are not allowed by this install of PHP. This file may be using short open tags but PHP does not allow them.
alpha/apps/kaltura/modules/kmc/templates/kmcEmbedSuccess.php,14,13,ERROR,PHPCompatibility.ParameterValues.NewHTMLEntitiesFlagsDefault.NotSet,unverified static candidate,"The default value of the $flags parameter for htmlspecialchars() was changed from ENT_COMPAT to ENT_QUOTES | ENT_SUBSTITUTE | ENT_HTML401 in PHP 8.1. For cross-version compatibility, the $flags parameter should be explicitly set."
alpha/apps/kaltura/modules/kmc/templates/kmcEmbedSuccess.php,14,30,ERROR,PHPCompatibility.ParameterValues.NewHTMLEntitiesFlagsDefault.NotSet,unverified static candidate,"The default value of the $flags parameter for html_entity_decode() was changed from ENT_COMPAT to ENT_QUOTES | ENT_SUBSTITUTE | ENT_HTML401 in PHP 8.1. For cross-version compatibility, the $flags parameter should be explicitly set."
alpha/apps/kaltura/modules/kmc/templates/reportsSuccess.php,20,23,ERROR,PHPCompatibility.ParameterValues.NewHTMLEntitiesFlagsDefault.NotSet,unverified static candidate,"The default value of the $flags parameter for htmlspecialchars() was changed from ENT_COMPAT to ENT_QUOTES | ENT_SUBSTITUTE | ENT_HTML401 in PHP 8.1. For cross-version compatibility, the $flags parameter should be explicitly set."
alpha/apps/kaltura/modules/kmc/templates/reportsSuccess.php,21,30,ERROR,PHPCompatibility.ParameterValues.NewHTMLEntitiesFlagsDefault.NotSet,unverified static candidate,"The default value of the $flags parameter for htmlspecialchars() was changed from ENT_COMPAT to ENT_QUOTES | ENT_SUBSTITUTE | ENT_HTML401 in PHP 8.1. For cross-version compatibility, the $flags parameter should be explicitly set."
alpha/apps/kaltura/modules/kmc/templates/reportsSuccess.php,26,27,ERROR,PHPCompatibility.ParameterValues.NewHTMLEntitiesFlagsDefault.NotSet,unverified static candidate,"The default value of the $flags parameter for htmlspecialchars() was changed from ENT_COMPAT to ENT_QUOTES | ENT_SUBSTITUTE | ENT_HTML401 in PHP 8.1. For cross-version compatibility, the $flags parameter should be explicitly set."
alpha/apps/kaltura/modules/kmc/templates/reportsSuccess.php,27,22,ERROR,PHPCompatibility.ParameterValues.NewHTMLEntitiesFlagsDefault.NotSet,unverified static candidate,"The default value of the $flags parameter for htmlspecialchars() was changed from ENT_COMPAT to ENT_QUOTES | ENT_SUBSTITUTE | ENT_HTML401 in PHP 8.1. For cross-version compatibility, the $flags parameter should be explicitly set."
alpha/apps/kaltura/modules/kmc/templates/reportsSuccess.php,28,30,ERROR,PHPCompatibility.ParameterValues.NewHTMLEntitiesFlagsDefault.NotSet,unverified static candidate,"The default value of the $flags parameter for htmlspecialchars() was changed from ENT_COMPAT to ENT_QUOTES | ENT_SUBSTITUTE | ENT_HTML401 in PHP 8.1. For cross-version compatibility, the $flags parameter should be explicitly set."
alpha/apps/kaltura/modules/kmcng/templates/kmcngError.php,1,1,WARNING,Internal.NoCodeFound,unverified static candidate,No PHP code was found in this file and short open tags are not allowed by this install of PHP. This file may be using short open tags but PHP does not allow them.
alpha/apps/kaltura/modules/kmcng/templates/kmcngSuccess.php,1,1,WARNING,Internal.NoCodeFound,unverified static candidate,No PHP code was found in this file and short open tags are not allowed by this install of PHP. This file may be using short open tags but PHP does not allow them.
alpha/apps/kaltura/modules/kmcng/templates/resetpasswordError.php,1,1,WARNING,Internal.NoCodeFound,unverified static candidate,No PHP code was found in this file and short open tags are not allowed by this install of PHP. This file may be using short open tags but PHP does not allow them.
alpha/apps/kaltura/modules/kmcng/templates/resetpasswordSuccess.php,1,1,WARNING,Internal.NoCodeFound,unverified static candidate,No PHP code was found in this file and short open tags are not allowed by this install of PHP. This file may be using short open tags but PHP does not allow them.
alpha/apps/kaltura/modules/partnerservices2/actions/defPartnerservices2baseAction.class.php,166,44,ERROR,PHPCompatibility.ParameterValues.NewHTMLEntitiesFlagsDefault.NotSet,unverified static candidate,"The default value of the $flags parameter for htmlentities() was changed from ENT_COMPAT to ENT_QUOTES | ENT_SUBSTITUTE | ENT_HTML401 in PHP 8.1. For cross-version compatibility, the $flags parameter should be explicitly set."
alpha/apps/kaltura/modules/partnerservices2/actions/updateentrythumbnailjpegAction.class.php,59,12,ERROR,PHPCompatibility.Variables.RemovedPredefinedGlobalVariables.http_raw_post_dataDeprecatedRemoved,unverified static candidate,Global variable '$HTTP_RAW_POST_DATA' is deprecated since PHP 5.6 and removed since PHP 7.0; Use php://input instead
alpha/apps/kaltura/modules/partnerservices2/actions/updateentrythumbnailjpegAction.class.php,60,18,ERROR,PHPCompatibility.Variables.RemovedPredefinedGlobalVariables.http_raw_post_dataDeprecatedRemoved,unverified static candidate,Global variable '$HTTP_RAW_POST_DATA' is deprecated since PHP 5.6 and removed since PHP 7.0; Use php://input instead
alpha/apps/kaltura/modules/partnerservices2/actions/uploadjpegAction.class.php,44,12,ERROR,PHPCompatibility.Variables.RemovedPredefinedGlobalVariables.http_raw_post_dataDeprecatedRemoved,unverified static candidate,Global variable '$HTTP_RAW_POST_DATA' is deprecated since PHP 5.6 and removed since PHP 7.0; Use php://input instead
alpha/apps/kaltura/modules/partnerservices2/actions/uploadjpegAction.class.php,45,12,ERROR,PHPCompatibility.Variables.RemovedPredefinedGlobalVariables.http_raw_post_dataDeprecatedRemoved,unverified static candidate,Global variable '$HTTP_RAW_POST_DATA' is deprecated since PHP 5.6 and removed since PHP 7.0; Use php://input instead
alpha/apps/kaltura/modules/partnerservices2/templates/indexSuccess.php,1,1,WARNING,Internal.NoCodeFound,unverified static candidate,No PHP code was found in this file and short open tags are not allowed by this install of PHP. This file may be using short open tags but PHP does not allow them.
alpha/apps/kaltura/modules/system/actions/eventlogAction.class.php,33,10,WARNING,PHPCompatibility.FunctionUse.RemovedFunctions.strftimeDeprecated,unverified static candidate,Function strftime() is deprecated since PHP 8.1; Use date() or IntlDateFormatter::format() instead
alpha/apps/kaltura/modules/system/actions/getPartnerReportAction.class.php,28,52,WARNING,PHPCompatibility.FunctionUse.RemovedFunctions.strftimeDeprecated,unverified static candidate,Function strftime() is deprecated since PHP 8.1; Use date() or IntlDateFormatter::format() instead
alpha/apps/kaltura/modules/system/actions/helperAction.class.php,116,10,WARNING,PHPCompatibility.FunctionUse.RemovedFunctions.strftimeDeprecated,unverified static candidate,Function strftime() is deprecated since PHP 8.1; Use date() or IntlDateFormatter::format() instead
alpha/apps/kaltura/modules/system/actions/reportsAction.class.php,65,17,WARNING,PHPCompatibility.FunctionUse.RemovedFunctions.strftimeDeprecated,unverified static candidate,Function strftime() is deprecated since PHP 8.1; Use date() or IntlDateFormatter::format() instead
alpha/apps/kaltura/modules/system/actions/viewPartnersEditDataAction.class.php,29,16,WARNING,PHPCompatibility.FunctionUse.RemovedFunctions.strftimeDeprecated,unverified static candidate,Function strftime() is deprecated since PHP 8.1; Use date() or IntlDateFormatter::format() instead
alpha/apps/kaltura/modules/system/lib/investigate.class.php,223,89,ERROR,PHPCompatibility.ParameterValues.NewHTMLEntitiesFlagsDefault.NotSet,unverified static candidate,"The default value of the $flags parameter for htmlspecialchars() was changed from ENT_COMPAT to ENT_QUOTES | ENT_SUBSTITUTE | ENT_HTML401 in PHP 8.1. For cross-version compatibility, the $flags parameter should be explicitly set."
alpha/apps/kaltura/modules/system/lib/investigate.class.php,429,90,ERROR,PHPCompatibility.ParameterValues.NewHTMLEntitiesFlagsDefault.NotSet,unverified static candidate,"The default value of the $flags parameter for htmlspecialchars() was changed from ENT_COMPAT to ENT_QUOTES | ENT_SUBSTITUTE | ENT_HTML401 in PHP 8.1. For cross-version compatibility, the $flags parameter should be explicitly set."
alpha/apps/kaltura/modules/system/lib/investigate.class.php,605,13,ERROR,PHPCompatibility.ParameterValues.NewHTMLEntitiesFlagsDefault.NotSet,unverified static candidate,"The default value of the $flags parameter for htmlentities() was changed from ENT_COMPAT to ENT_QUOTES | ENT_SUBSTITUTE | ENT_HTML401 in PHP 8.1. For cross-version compatibility, the $flags parameter should be explicitly set."
alpha/apps/kaltura/modules/system/lib/investigate.class.php,794,20,ERROR,PHPCompatibility.ParameterValues.NewHTMLEntitiesFlagsDefault.NotSet,unverified static candidate,"The default value of the $flags parameter for htmlentities() was changed from ENT_COMPAT to ENT_QUOTES | ENT_SUBSTITUTE | ENT_HTML401 in PHP 8.1. For cross-version compatibility, the $flags parameter should be explicitly set."
alpha/apps/kaltura/modules/system/lib/investigate.class.php,854,22,ERROR,PHPCompatibility.ParameterValues.NewHTMLEntitiesFlagsDefault.NotSet,unverified static candidate,"The default value of the $flags parameter for htmlentities() was changed from ENT_COMPAT to ENT_QUOTES | ENT_SUBSTITUTE | ENT_HTML401 in PHP 8.1. For cross-version compatibility, the $flags parameter should be explicitly set."
alpha/apps/kaltura/modules/system/templates/batchwatchSuccess.php,16,19,WARNING,PHPCompatibility.FunctionUse.RemovedFunctions.strftimeDeprecated,unverified static candidate,Function strftime() is deprecated since PHP 8.1; Use date() or IntlDateFormatter::format() instead
alpha/apps/kaltura/modules/system/templates/batchwatchSuccess.php,16,81,WARNING,PHPCompatibility.FunctionUse.RemovedFunctions.strftimeDeprecated,unverified static candidate,Function strftime() is deprecated since PHP 8.1; Use date() or IntlDateFormatter::format() instead
alpha/apps/kaltura/modules/system/templates/batchwatchSuccess.php,73,57,WARNING,PHPCompatibility.FunctionUse.RemovedFunctions.strftimeDeprecated,unverified static candidate,Function strftime() is deprecated since PHP 8.1; Use date() or IntlDateFormatter::format() instead
alpha/apps/kaltura/modules/system/templates/batchwatchSuccess.php,80,28,WARNING,PHPCompatibility.FunctionUse.RemovedFunctions.strftimeDeprecated,unverified static candidate,Function strftime() is deprecated since PHP 8.1; Use date() or IntlDateFormatter::format() instead
alpha/apps/kaltura/modules/system/templates/conversionProfileMgrSuccess.php,1,1,WARNING,Internal.LineEndings.Mixed,unverified static candidate,File has mixed line endings; this may cause incorrect results
alpha/apps/kaltura/modules/system/templates/defSystemSuccess.php,1,1,WARNING,Internal.NoCodeFound,unverified static candidate,No PHP code was found in this file and short open tags are not allowed by this install of PHP. This file may be using short open tags but PHP does not allow them.
alpha/apps/kaltura/modules/system/templates/editUiconfSuccess.php,277,72,ERROR,PHPCompatibility.ParameterValues.NewHTMLEntitiesFlagsDefault.NotSet,unverified static candidate,"The default value of the $flags parameter for htmlspecialchars() was changed from ENT_COMPAT to ENT_QUOTES | ENT_SUBSTITUTE | ENT_HTML401 in PHP 8.1. For cross-version compatibility, the $flags parameter should be explicitly set."
alpha/apps/kaltura/modules/system/templates/editUiconfSuccess.php,281,80,ERROR,PHPCompatibility.ParameterValues.NewHTMLEntitiesFlagsDefault.NotSet,unverified static candidate,"The default value of the $flags parameter for htmlspecialchars() was changed from ENT_COMPAT to ENT_QUOTES | ENT_SUBSTITUTE | ENT_HTML401 in PHP 8.1. For cross-version compatibility, the $flags parameter should be explicitly set."
alpha/apps/kaltura/modules/system/templates/email_import_diagnose.php,36,16,WARNING,PHPCompatibility.FunctionUse.RemovedFunctions.dlDeprecated,unverified static candidate,Function dl() is deprecated since PHP 5.3
alpha/apps/kaltura/modules/system/templates/email_import_diagnose.php,36,43,WARNING,PHPCompatibility.FunctionUse.RemovedFunctions.dlDeprecated,unverified static candidate,Function dl() is deprecated since PHP 5.3
alpha/apps/kaltura/modules/system/templates/email_import_diagnose.php,71,15,WARNING,PHPCompatibility.FunctionUse.RemovedFunctions.dlDeprecated,unverified static candidate,Function dl() is deprecated since PHP 5.3
alpha/apps/kaltura/modules/system/templates/email_import_diagnose.php,71,38,WARNING,PHPCompatibility.FunctionUse.RemovedFunctions.dlDeprecated,unverified static candidate,Function dl() is deprecated since PHP 5.3
alpha/apps/kaltura/modules/system/templates/genericStatsSuccess.php,8,36,WARNING,PHPCompatibility.FunctionUse.RemovedFunctions.strftimeDeprecated,unverified static candidate,Function strftime() is deprecated since PHP 8.1; Use date() or IntlDateFormatter::format() instead
alpha/apps/kaltura/modules/system/templates/genericStatsSuccess.php,8,81,WARNING,PHPCompatibility.FunctionUse.RemovedFunctions.strftimeDeprecated,unverified static candidate,Function strftime() is deprecated since PHP 8.1; Use date() or IntlDateFormatter::format() instead
alpha/apps/kaltura/modules/system/templates/loginSuccess.php,21,63,ERROR,PHPCompatibility.ParameterValues.NewHTMLEntitiesFlagsDefault.NotSet,unverified static candidate,"The default value of the $flags parameter for htmlspecialchars() was changed from ENT_COMPAT to ENT_QUOTES | ENT_SUBSTITUTE | ENT_HTML401 in PHP 8.1. For cross-version compatibility, the $flags parameter should be explicitly set."
alpha/apps/kaltura/modules/system/templates/myImapMessage.class.php,77,14,ERROR,PHPCompatibility.ParameterValues.NewHTMLEntitiesFlagsDefault.NotSet,unverified static candidate,"The default value of the $flags parameter for htmlspecialchars() was changed from ENT_COMPAT to ENT_QUOTES | ENT_SUBSTITUTE | ENT_HTML401 in PHP 8.1. For cross-version compatibility, the $flags parameter should be explicitly set."
alpha/apps/kaltura/modules/system/templates/myImapMessage.class.php,99,20,ERROR,PHPCompatibility.ParameterValues.NewHTMLEntitiesFlagsDefault.NotSet,unverified static candidate,"The default value of the $flags parameter for htmlspecialchars() was changed from ENT_COMPAT to ENT_QUOTES | ENT_SUBSTITUTE | ENT_HTML401 in PHP 8.1. For cross-version compatibility, the $flags parameter should be explicitly set."
alpha/apps/kaltura/modules/system/templates/viewLogsSuccess.php,18,13,ERROR,PHPCompatibility.ParameterValues.NewHTMLEntitiesFlagsDefault.NotSet,unverified static candidate,"The default value of the $flags parameter for htmlentities() was changed from ENT_COMPAT to ENT_QUOTES | ENT_SUBSTITUTE | ENT_HTML401 in PHP 8.1. For cross-version compatibility, the $flags parameter should be explicitly set."
alpha/config/kConf.php,7,1,WARNING,PHPCompatibility.FunctionUse.RemovedFunctions.libxml_disable_entity_loaderDeprecated,unverified static candidate,Function libxml_disable_entity_loader() is deprecated since PHP 8.0
alpha/lib/model/DeliveryProfileAkamaiAppleHttpManifest.php,69,21,WARNING,PHPCompatibility.ParameterValues.RemovedGetClassNoArgs.ArgMissing,unverified static candidate,Calling get_class() without the $object argument is deprecated since PHP 8.3.
alpha/lib/model/DeliveryProfileAkamaiHds.php,69,21,WARNING,PHPCompatibility.ParameterValues.RemovedGetClassNoArgs.ArgMissing,unverified static candidate,Calling get_class() without the $object argument is deprecated since PHP 8.3.
alpha/lib/model/DeliveryProfilePeer.php,185,61,WARNING,PHPCompatibility.FunctionDeclarations.RemovedOptionalBeforeRequiredParam.Deprecated80,unverified static candidate,"Declaring an optional parameter before a required parameter is deprecated since PHP 8.0. Parameter $streamerType is optional, while parameter $deliveryAttributes is required. The $streamerType parameter is implicitly treated as a required parameter."
alpha/lib/model/LiveStreamEntry.php,188,31,WARNING,PHPCompatibility.FunctionDeclarations.RemovedOptionalBeforeRequiredParam.Deprecated80,unverified static candidate,"Declaring an optional parameter before a required parameter is deprecated since PHP 8.0. Parameter $copyPartnerId is optional, while parameter $template is required. The $copyPartnerId parameter is implicitly treated as a required parameter."
alpha/lib/model/UserLoginData.php,177,11,WARNING,PHPCompatibility.FunctionUse.RemovedFunctions.strftimeDeprecated,unverified static candidate,Function strftime() is deprecated since PHP 8.1; Use date() or IntlDateFormatter::format() instead
alpha/lib/model/accessControl.php,332,14,WARNING,PHPCompatibility.FunctionUse.RemovedFunctions.utf8_encodeDeprecated,unverified static candidate,"Function utf8_encode() is deprecated since PHP 8.2; Use mb_convert_encoding(), UConverter::transcode() or iconv instead"
alpha/lib/model/entry.php,580,15,WARNING,PHPCompatibility.FunctionUse.RemovedFunctions.strftimeDeprecated,unverified static candidate,Function strftime() is deprecated since PHP 8.1; Use date() or IntlDateFormatter::format() instead
alpha/lib/model/entry.php,1016,45,WARNING,PHPCompatibility.FunctionDeclarations.RemovedOptionalBeforeRequiredParam.Deprecated80,unverified static candidate,"Declaring an optional parameter before a required parameter is deprecated since PHP 8.0. Parameter $version is optional, while parameter $format is required. The $version parameter is implicitly treated as a required parameter."
alpha/lib/model/entry.php,3372,31,WARNING,PHPCompatibility.FunctionDeclarations.RemovedOptionalBeforeRequiredParam.Deprecated80,unverified static candidate,"Declaring an optional parameter before a required parameter is deprecated since PHP 8.0. Parameter $copyPartnerId is optional, while parameter $template is required. The $copyPartnerId parameter is implicitly treated as a required parameter."
alpha/lib/model/entry.php,4478,11,WARNING,PHPCompatibility.FunctionUse.RemovedFunctions.strftimeDeprecated,unverified static candidate,Function strftime() is deprecated since PHP 8.1; Use date() or IntlDateFormatter::format() instead
alpha/lib/model/kuser.php,842,11,WARNING,PHPCompatibility.FunctionUse.RemovedFunctions.strftimeDeprecated,unverified static candidate,Function strftime() is deprecated since PHP 8.1; Use date() or IntlDateFormatter::format() instead
alpha/lib/model/kuser.php,916,11,WARNING,PHPCompatibility.FunctionUse.RemovedFunctions.strftimeDeprecated,unverified static candidate,Function strftime() is deprecated since PHP 8.1; Use date() or IntlDateFormatter::format() instead
alpha/lib/model/mediaInfo.php,105,43,ERROR,PHPCompatibility.ParameterValues.NewHTMLEntitiesFlagsDefault.NotSet,unverified static candidate,"The default value of the $flags parameter for htmlspecialchars() was changed from ENT_COMPAT to ENT_QUOTES | ENT_SUBSTITUTE | ENT_HTML401 in PHP 8.1. For cross-version compatibility, the $flags parameter should be explicitly set."
alpha/lib/model/om/BaseApiServer.php,151,11,WARNING,PHPCompatibility.FunctionUse.RemovedFunctions.strftimeDeprecated,unverified static candidate,Function strftime() is deprecated since PHP 8.1; Use date() or IntlDateFormatter::format() instead
alpha/lib/model/om/BaseApiServer.php,191,11,WARNING,PHPCompatibility.FunctionUse.RemovedFunctions.strftimeDeprecated,unverified static candidate,Function strftime() is deprecated since PHP 8.1; Use date() or IntlDateFormatter::format() instead
alpha/lib/model/om/BaseAppToken.php,221,11,WARNING,PHPCompatibility.FunctionUse.RemovedFunctions.strftimeDeprecated,unverified static candidate,Function strftime() is deprecated since PHP 8.1; Use date() or IntlDateFormatter::format() instead
alpha/lib/model/om/BaseAppToken.php,261,11,WARNING,PHPCompatibility.FunctionUse.RemovedFunctions.strftimeDeprecated,unverified static candidate,Function strftime() is deprecated since PHP 8.1; Use date() or IntlDateFormatter::format() instead
alpha/lib/model/om/BaseAppToken.php,301,11,WARNING,PHPCompatibility.FunctionUse.RemovedFunctions.strftimeDeprecated,unverified static candidate,Function strftime() is deprecated since PHP 8.1; Use date() or IntlDateFormatter::format() instead
alpha/lib/model/om/BaseBatchJob.php,446,11,WARNING,PHPCompatibility.FunctionUse.RemovedFunctions.strftimeDeprecated,unverified static candidate,Function strftime() is deprecated since PHP 8.1; Use date() or IntlDateFormatter::format() instead
alpha/lib/model/om/BaseBatchJob.php,486,11,WARNING,PHPCompatibility.FunctionUse.RemovedFunctions.strftimeDeprecated,unverified static candidate,Function strftime() is deprecated since PHP 8.1; Use date() or IntlDateFormatter::format() instead
alpha/lib/model/om/BaseBatchJob.php,536,11,WARNING,PHPCompatibility.FunctionUse.RemovedFunctions.strftimeDeprecated,unverified static candidate,Function strftime() is deprecated since PHP 8.1; Use date() or IntlDateFormatter::format() instead
alpha/lib/model/om/BaseBatchJob.php,576,11,WARNING,PHPCompatibility.FunctionUse.RemovedFunctions.strftimeDeprecated,unverified static candidate,Function strftime() is deprecated since PHP 8.1; Use date() or IntlDateFormatter::format() instead
alpha/lib/model/om/BaseBatchJobLock.php,356,11,WARNING,PHPCompatibility.FunctionUse.RemovedFunctions.strftimeDeprecated,unverified static candidate,Function strftime() is deprecated since PHP 8.1; Use date() or IntlDateFormatter::format() instead
alpha/lib/model/om/BaseBatchJobLock.php,396,11,WARNING,PHPCompatibility.FunctionUse.RemovedFunctions.strftimeDeprecated,unverified static candidate,Function strftime() is deprecated since PHP 8.1; Use date() or IntlDateFormatter::format() instead
alpha/lib/model/om/BaseBatchJobLock.php,506,11,WARNING,PHPCompatibility.FunctionUse.RemovedFunctions.strftimeDeprecated,unverified static candidate,Function strftime() is deprecated since PHP 8.1; Use date() or IntlDateFormatter::format() instead
alpha/lib/model/om/BaseBatchJobLockSuspend.php,346,11,WARNING,PHPCompatibility.FunctionUse.RemovedFunctions.strftimeDeprecated,unverified static candidate,Function strftime() is deprecated since PHP 8.1; Use date() or IntlDateFormatter::format() instead
alpha/lib/model/om/BaseBatchJobLockSuspend.php,386,11,WARNING,PHPCompatibility.FunctionUse.RemovedFunctions.strftimeDeprecated,unverified static candidate,Function strftime() is deprecated since PHP 8.1; Use date() or IntlDateFormatter::format() instead
alpha/lib/model/om/BaseBatchJobLockSuspend.php,496,11,WARNING,PHPCompatibility.FunctionUse.RemovedFunctions.strftimeDeprecated,unverified static candidate,Function strftime() is deprecated since PHP 8.1; Use date() or IntlDateFormatter::format() instead
alpha/lib/model/om/BaseBatchJobLog.php,571,11,WARNING,PHPCompatibility.FunctionUse.RemovedFunctions.strftimeDeprecated,unverified static candidate,Function strftime() is deprecated since PHP 8.1; Use date() or IntlDateFormatter::format() instead
alpha/lib/model/om/BaseBatchJobLog.php,621,11,WARNING,PHPCompatibility.FunctionUse.RemovedFunctions.strftimeDeprecated,unverified static candidate,Function strftime() is deprecated since PHP 8.1; Use date() or IntlDateFormatter::format() instead
alpha/lib/model/om/BaseBatchJobLog.php,671,11,WARNING,PHPCompatibility.FunctionUse.RemovedFunctions.strftimeDeprecated,unverified static candidate,Function strftime() is deprecated since PHP 8.1; Use date() or IntlDateFormatter::format() instead
alpha/lib/model/om/BaseBatchJobLog.php,731,11,WARNING,PHPCompatibility.FunctionUse.RemovedFunctions.strftimeDeprecated,unverified static candidate,Function strftime() is deprecated since PHP 8.1; Use date() or IntlDateFormatter::format() instead
alpha/lib/model/om/BaseBatchJobLog.php,771,11,WARNING,PHPCompatibility.FunctionUse.RemovedFunctions.strftimeDeprecated,unverified static candidate,Function strftime() is deprecated since PHP 8.1; Use date() or IntlDateFormatter::format() instead
alpha/lib/model/om/BaseBatchJobLog.php,901,11,WARNING,PHPCompatibility.FunctionUse.RemovedFunctions.strftimeDeprecated,unverified static candidate,Function strftime() is deprecated since PHP 8.1; Use date() or IntlDateFormatter::format() instead
alpha/lib/model/om/BaseBulkUploadResult.php,327,11,WARNING,PHPCompatibility.FunctionUse.RemovedFunctions.strftimeDeprecated,unverified static candidate,Function strftime() is deprecated since PHP 8.1; Use date() or IntlDateFormatter::format() instead
alpha/lib/model/om/BaseBulkUploadResult.php,367,11,WARNING,PHPCompatibility.FunctionUse.RemovedFunctions.strftimeDeprecated,unverified static candidate,Function strftime() is deprecated since PHP 8.1; Use date() or IntlDateFormatter::format() instead
alpha/lib/model/om/BaseBulkUploadResult.php,587,11,WARNING,PHPCompatibility.FunctionUse.RemovedFunctions.strftimeDeprecated,unverified static candidate,Function strftime() is deprecated since PHP 8.1; Use date() or IntlDateFormatter::format() instead
alpha/lib/model/om/BaseBulkUploadResult.php,627,11,WARNING,PHPCompatibility.FunctionUse.RemovedFunctions.strftimeDeprecated,unverified static candidate,Function strftime() is deprecated since PHP 8.1; Use date() or IntlDateFormatter::format() instead
alpha/lib/model/om/BaseControlPanelCommand.php,219,11,WARNING,PHPCompatibility.FunctionUse.RemovedFunctions.strftimeDeprecated,unverified static candidate,Function strftime() is deprecated since PHP 8.1; Use date() or IntlDateFormatter::format() instead
alpha/lib/model/om/BaseControlPanelCommand.php,269,11,WARNING,PHPCompatibility.FunctionUse.RemovedFunctions.strftimeDeprecated,unverified static candidate,Function strftime() is deprecated since PHP 8.1; Use date() or IntlDateFormatter::format() instead
alpha/lib/model/om/BaseConversionParams.php,337,11,WARNING,PHPCompatibility.FunctionUse.RemovedFunctions.strftimeDeprecated,unverified static candidate,Function strftime() is deprecated since PHP 8.1; Use date() or IntlDateFormatter::format() instead
alpha/lib/model/om/BaseConversionParams.php,377,11,WARNING,PHPCompatibility.FunctionUse.RemovedFunctions.strftimeDeprecated,unverified static candidate,Function strftime() is deprecated since PHP 8.1; Use date() or IntlDateFormatter::format() instead
alpha/lib/model/om/BaseConversionProfile.php,323,11,WARNING,PHPCompatibility.FunctionUse.RemovedFunctions.strftimeDeprecated,unverified static candidate,Function strftime() is deprecated since PHP 8.1; Use date() or IntlDateFormatter::format() instead
alpha/lib/model/om/BaseConversionProfile.php,363,11,WARNING,PHPCompatibility.FunctionUse.RemovedFunctions.strftimeDeprecated,unverified static candidate,Function strftime() is deprecated since PHP 8.1; Use date() or IntlDateFormatter::format() instead
alpha/lib/model/om/BaseDeliveryProfile.php,261,11,WARNING,PHPCompatibility.FunctionUse.RemovedFunctions.strftimeDeprecated,unverified static candidate,Function strftime() is deprecated since PHP 8.1; Use date() or IntlDateFormatter::format() instead
alpha/lib/model/om/BaseDeliveryProfile.php,301,11,WARNING,PHPCompatibility.FunctionUse.RemovedFunctions.strftimeDeprecated,unverified static candidate,Function strftime() is deprecated since PHP 8.1; Use date() or IntlDateFormatter::format() instead
alpha/lib/model/om/BaseEmailIngestionProfile.php,295,11,WARNING,PHPCompatibility.FunctionUse.RemovedFunctions.strftimeDeprecated,unverified static candidate,Function strftime() is deprecated since PHP 8.1; Use date() or IntlDateFormatter::format() instead
alpha/lib/model/om/BaseEmailIngestionProfile.php,335,11,WARNING,PHPCompatibility.FunctionUse.RemovedFunctions.strftimeDeprecated,unverified static candidate,Function strftime() is deprecated since PHP 8.1; Use date() or IntlDateFormatter::format() instead
alpha/lib/model/om/BaseEntryServerNode.php,195,11,WARNING,PHPCompatibility.FunctionUse.RemovedFunctions.strftimeDeprecated,unverified static candidate,Function strftime() is deprecated since PHP 8.1; Use date() or IntlDateFormatter::format() instead
alpha/lib/model/om/BaseEntryServerNode.php,235,11,WARNING,PHPCompatibility.FunctionUse.RemovedFunctions.strftimeDeprecated,unverified static candidate,Function strftime() is deprecated since PHP 8.1; Use date() or IntlDateFormatter::format() instead
alpha/lib/model/om/BaseFileAsset.php,183,11,WARNING,PHPCompatibility.FunctionUse.RemovedFunctions.strftimeDeprecated,unverified static candidate,Function strftime() is deprecated since PHP 8.1; Use date() or IntlDateFormatter::format() instead
alpha/lib/model/om/BaseFileAsset.php,223,11,WARNING,PHPCompatibility.FunctionUse.RemovedFunctions.strftimeDeprecated,unverified static candidate,Function strftime() is deprecated since PHP 8.1; Use date() or IntlDateFormatter::format() instead
alpha/lib/model/om/BaseFileSync.php,307,11,WARNING,PHPCompatibility.FunctionUse.RemovedFunctions.strftimeDeprecated,unverified static candidate,Function strftime() is deprecated since PHP 8.1; Use date() or IntlDateFormatter::format() instead
alpha/lib/model/om/BaseFileSync.php,347,11,WARNING,PHPCompatibility.FunctionUse.RemovedFunctions.strftimeDeprecated,unverified static candidate,Function strftime() is deprecated since PHP 8.1; Use date() or IntlDateFormatter::format() instead
alpha/lib/model/om/BaseFileSync.php,387,11,WARNING,PHPCompatibility.FunctionUse.RemovedFunctions.strftimeDeprecated,unverified static candidate,Function strftime() is deprecated since PHP 8.1; Use date() or IntlDateFormatter::format() instead
alpha/lib/model/om/BaseKuserKgroup.php,241,11,WARNING,PHPCompatibility.FunctionUse.RemovedFunctions.strftimeDeprecated,unverified static candidate,Function strftime() is deprecated since PHP 8.1; Use date() or IntlDateFormatter::format() instead
alpha/lib/model/om/BaseKuserKgroup.php,281,11,WARNING,PHPCompatibility.FunctionUse.RemovedFunctions.strftimeDeprecated,unverified static candidate,Function strftime() is deprecated since PHP 8.1; Use date() or IntlDateFormatter::format() instead
alpha/lib/model/om/BaseKuserToUserRole.php,171,11,WARNING,PHPCompatibility.FunctionUse.RemovedFunctions.strftimeDeprecated,unverified static candidate,Function strftime() is deprecated since PHP 8.1; Use date() or IntlDateFormatter::format() instead
alpha/lib/model/om/BaseKuserToUserRole.php,211,11,WARNING,PHPCompatibility.FunctionUse.RemovedFunctions.strftimeDeprecated,unverified static candidate,Function strftime() is deprecated since PHP 8.1; Use date() or IntlDateFormatter::format() instead
alpha/lib/model/om/BaseLiveChannelSegment.php,247,11,WARNING,PHPCompatibility.FunctionUse.RemovedFunctions.strftimeDeprecated,unverified static candidate,Function strftime() is deprecated since PHP 8.1; Use date() or IntlDateFormatter::format() instead
alpha/lib/model/om/BaseLiveChannelSegment.php,287,11,WARNING,PHPCompatibility.FunctionUse.RemovedFunctions.strftimeDeprecated,unverified static candidate,Function strftime() is deprecated since PHP 8.1; Use date() or IntlDateFormatter::format() instead
alpha/lib/model/om/BasePartner.php,510,11,WARNING,PHPCompatibility.FunctionUse.RemovedFunctions.strftimeDeprecated,unverified static candidate,Function strftime() is deprecated since PHP 8.1; Use date() or IntlDateFormatter::format() instead
alpha/lib/model/om/BasePartner.php,550,11,WARNING,PHPCompatibility.FunctionUse.RemovedFunctions.strftimeDeprecated,unverified static candidate,Function strftime() is deprecated since PHP 8.1; Use date() or IntlDateFormatter::format() instead
alpha/lib/model/om/BasePartnerActivity.php,205,11,WARNING,PHPCompatibility.FunctionUse.RemovedFunctions.strftimeDeprecated,unverified static candidate,Function strftime() is deprecated since PHP 8.1; Use date() or IntlDateFormatter::format() instead
alpha/lib/model/om/BasePartnerStats.php,333,11,WARNING,PHPCompatibility.FunctionUse.RemovedFunctions.strftimeDeprecated,unverified static candidate,Function strftime() is deprecated since PHP 8.1; Use date() or IntlDateFormatter::format() instead
alpha/lib/model/om/BasePartnerStats.php,373,11,WARNING,PHPCompatibility.FunctionUse.RemovedFunctions.strftimeDeprecated,unverified static candidate,Function strftime() is deprecated since PHP 8.1; Use date() or IntlDateFormatter::format() instead
alpha/lib/model/om/BasePermission.php,273,11,WARNING,PHPCompatibility.FunctionUse.RemovedFunctions.strftimeDeprecated,unverified static candidate,Function strftime() is deprecated since PHP 8.1; Use date() or IntlDateFormatter::format() instead
alpha/lib/model/om/BasePermission.php,313,11,WARNING,PHPCompatibility.FunctionUse.RemovedFunctions.strftimeDeprecated,unverified static candidate,Function strftime() is deprecated since PHP 8.1; Use date() or IntlDateFormatter::format() instead
alpha/lib/model/om/BasePermissionItem.php,273,11,WARNING,PHPCompatibility.FunctionUse.RemovedFunctions.strftimeDeprecated,unverified static candidate,Function strftime() is deprecated since PHP 8.1; Use date() or IntlDateFormatter::format() instead
alpha/lib/model/om/BasePermissionItem.php,313,11,WARNING,PHPCompatibility.FunctionUse.RemovedFunctions.strftimeDeprecated,unverified static candidate,Function strftime() is deprecated since PHP 8.1; Use date() or IntlDateFormatter::format() instead
alpha/lib/model/om/BasePermissionToPermissionItem.php,171,11,WARNING,PHPCompatibility.FunctionUse.RemovedFunctions.strftimeDeprecated,unverified static candidate,Function strftime() is deprecated since PHP 8.1; Use date() or IntlDateFormatter::format() instead
alpha/lib/model/om/BasePermissionToPermissionItem.php,211,11,WARNING,PHPCompatibility.FunctionUse.RemovedFunctions.strftimeDeprecated,unverified static candidate,Function strftime() is deprecated since PHP 8.1; Use date() or IntlDateFormatter::format() instead
alpha/lib/model/om/BasePriorityGroup.php,165,11,WARNING,PHPCompatibility.FunctionUse.RemovedFunctions.strftimeDeprecated,unverified static candidate,Function strftime() is deprecated since PHP 8.1; Use date() or IntlDateFormatter::format() instead
alpha/lib/model/om/BasePriorityGroup.php,215,11,WARNING,PHPCompatibility.FunctionUse.RemovedFunctions.strftimeDeprecated,unverified static candidate,Function strftime() is deprecated since PHP 8.1; Use date() or IntlDateFormatter::format() instead
alpha/lib/model/om/BasePuserKuser.php,268,11,WARNING,PHPCompatibility.FunctionUse.RemovedFunctions.strftimeDeprecated,unverified static candidate,Function strftime() is deprecated since PHP 8.1; Use date() or IntlDateFormatter::format() instead
alpha/lib/model/om/BasePuserKuser.php,308,11,WARNING,PHPCompatibility.FunctionUse.RemovedFunctions.strftimeDeprecated,unverified static candidate,Function strftime() is deprecated since PHP 8.1; Use date() or IntlDateFormatter::format() instead
alpha/lib/model/om/BasePuserRole.php,236,11,WARNING,PHPCompatibility.FunctionUse.RemovedFunctions.strftimeDeprecated,unverified static candidate,Function strftime() is deprecated since PHP 8.1; Use date() or IntlDateFormatter::format() instead
alpha/lib/model/om/BasePuserRole.php,276,11,WARNING,PHPCompatibility.FunctionUse.RemovedFunctions.strftimeDeprecated,unverified static candidate,Function strftime() is deprecated since PHP 8.1; Use date() or IntlDateFormatter::format() instead
alpha/lib/model/om/BaseReport.php,241,11,WARNING,PHPCompatibility.FunctionUse.RemovedFunctions.strftimeDeprecated,unverified static candidate,Function strftime() is deprecated since PHP 8.1; Use date() or IntlDateFormatter::format() instead
alpha/lib/model/om/BaseReport.php,281,11,WARNING,PHPCompatibility.FunctionUse.RemovedFunctions.strftimeDeprecated,unverified static candidate,Function strftime() is deprecated since PHP 8.1; Use date() or IntlDateFormatter::format() instead
alpha/lib/model/om/BaseReport.php,321,11,WARNING,PHPCompatibility.FunctionUse.RemovedFunctions.strftimeDeprecated,unverified static candidate,Function strftime() is deprecated since PHP 8.1; Use date() or IntlDateFormatter::format() instead
alpha/lib/model/om/BaseResponseProfile.php,165,11,WARNING,PHPCompatibility.FunctionUse.RemovedFunctions.strftimeDeprecated,unverified static candidate,Function strftime() is deprecated since PHP 8.1; Use date() or IntlDateFormatter::format() instead
alpha/lib/model/om/BaseResponseProfile.php,205,11,WARNING,PHPCompatibility.FunctionUse.RemovedFunctions.strftimeDeprecated,unverified static candidate,Function strftime() is deprecated since PHP 8.1; Use date() or IntlDateFormatter::format() instead
alpha/lib/model/om/BaseScheduler.php,205,11,WARNING,PHPCompatibility.FunctionUse.RemovedFunctions.strftimeDeprecated,unverified static candidate,Function strftime() is deprecated since PHP 8.1; Use date() or IntlDateFormatter::format() instead
alpha/lib/model/om/BaseScheduler.php,255,11,WARNING,PHPCompatibility.FunctionUse.RemovedFunctions.strftimeDeprecated,unverified static candidate,Function strftime() is deprecated since PHP 8.1; Use date() or IntlDateFormatter::format() instead
alpha/lib/model/om/BaseScheduler.php,345,11,WARNING,PHPCompatibility.FunctionUse.RemovedFunctions.strftimeDeprecated,unverified static candidate,Function strftime() is deprecated since PHP 8.1; Use date() or IntlDateFormatter::format() instead
alpha/lib/model/om/BaseSchedulerConfig.php,207,11,WARNING,PHPCompatibility.FunctionUse.RemovedFunctions.strftimeDeprecated,unverified static candidate,Function strftime() is deprecated since PHP 8.1; Use date() or IntlDateFormatter::format() instead
alpha/lib/model/om/BaseSchedulerConfig.php,257,11,WARNING,PHPCompatibility.FunctionUse.RemovedFunctions.strftimeDeprecated,unverified static candidate,Function strftime() is deprecated since PHP 8.1; Use date() or IntlDateFormatter::format() instead
alpha/lib/model/om/BaseSchedulerStatus.php,183,11,WARNING,PHPCompatibility.FunctionUse.RemovedFunctions.strftimeDeprecated,unverified static candidate,Function strftime() is deprecated since PHP 8.1; Use date() or IntlDateFormatter::format() instead
alpha/lib/model/om/BaseSchedulerStatus.php,233,11,WARNING,PHPCompatibility.FunctionUse.RemovedFunctions.strftimeDeprecated,unverified static candidate,Function strftime() is deprecated since PHP 8.1; Use date() or IntlDateFormatter::format() instead
alpha/lib/model/om/BaseSchedulerWorker.php,215,11,WARNING,PHPCompatibility.FunctionUse.RemovedFunctions.strftimeDeprecated,unverified static candidate,Function strftime() is deprecated since PHP 8.1; Use date() or IntlDateFormatter::format() instead
alpha/lib/model/om/BaseSchedulerWorker.php,265,11,WARNING,PHPCompatibility.FunctionUse.RemovedFunctions.strftimeDeprecated,unverified static candidate,Function strftime() is deprecated since PHP 8.1; Use date() or IntlDateFormatter::format() instead
alpha/lib/model/om/BaseSchedulerWorker.php,385,11,WARNING,PHPCompatibility.FunctionUse.RemovedFunctions.strftimeDeprecated,unverified static candidate,Function strftime() is deprecated since PHP 8.1; Use date() or IntlDateFormatter::format() instead
alpha/lib/model/om/BaseServerNode.php,245,11,WARNING,PHPCompatibility.FunctionUse.RemovedFunctions.strftimeDeprecated,unverified static candidate,Function strftime() is deprecated since PHP 8.1; Use date() or IntlDateFormatter::format() instead
alpha/lib/model/om/BaseServerNode.php,285,11,WARNING,PHPCompatibility.FunctionUse.RemovedFunctions.strftimeDeprecated,unverified static candidate,Function strftime() is deprecated since PHP 8.1; Use date() or IntlDateFormatter::format() instead
alpha/lib/model/om/BaseServerNode.php,325,11,WARNING,PHPCompatibility.FunctionUse.RemovedFunctions.strftimeDeprecated,unverified static candidate,Function strftime() is deprecated since PHP 8.1; Use date() or IntlDateFormatter::format() instead
alpha/lib/model/om/BaseStorageProfile.php,243,11,WARNING,PHPCompatibility.FunctionUse.RemovedFunctions.strftimeDeprecated,unverified static candidate,Function strftime() is deprecated since PHP 8.1; Use date() or IntlDateFormatter::format() instead
alpha/lib/model/om/BaseStorageProfile.php,283,11,WARNING,PHPCompatibility.FunctionUse.RemovedFunctions.strftimeDeprecated,unverified static candidate,Function strftime() is deprecated since PHP 8.1; Use date() or IntlDateFormatter::format() instead
alpha/lib/model/om/BaseSystemUser.php,297,11,WARNING,PHPCompatibility.FunctionUse.RemovedFunctions.strftimeDeprecated,unverified static candidate,Function strftime() is deprecated since PHP 8.1; Use date() or IntlDateFormatter::format() instead
alpha/lib/model/om/BaseSystemUser.php,337,11,WARNING,PHPCompatibility.FunctionUse.RemovedFunctions.strftimeDeprecated,unverified static candidate,Function strftime() is deprecated since PHP 8.1; Use date() or IntlDateFormatter::format() instead
alpha/lib/model/om/BaseSystemUser.php,377,11,WARNING,PHPCompatibility.FunctionUse.RemovedFunctions.strftimeDeprecated,unverified static candidate,Function strftime() is deprecated since PHP 8.1; Use date() or IntlDateFormatter::format() instead
alpha/lib/model/om/BaseSystemUser.php,417,11,WARNING,PHPCompatibility.FunctionUse.RemovedFunctions.strftimeDeprecated,unverified static candidate,Function strftime() is deprecated since PHP 8.1; Use date() or IntlDateFormatter::format() instead
alpha/lib/model/om/BaseTrackEntry.php,365,11,WARNING,PHPCompatibility.FunctionUse.RemovedFunctions.strftimeDeprecated,unverified static candidate,Function strftime() is deprecated since PHP 8.1; Use date() or IntlDateFormatter::format() instead
alpha/lib/model/om/BaseTrackEntry.php,405,11,WARNING,PHPCompatibility.FunctionUse.RemovedFunctions.strftimeDeprecated,unverified static candidate,Function strftime() is deprecated since PHP 8.1; Use date() or IntlDateFormatter::format() instead
alpha/lib/model/om/BaseUploadToken.php,318,11,WARNING,PHPCompatibility.FunctionUse.RemovedFunctions.strftimeDeprecated,unverified static candidate,Function strftime() is deprecated since PHP 8.1; Use date() or IntlDateFormatter::format() instead
alpha/lib/model/om/BaseUploadToken.php,358,11,WARNING,PHPCompatibility.FunctionUse.RemovedFunctions.strftimeDeprecated,unverified static candidate,Function strftime() is deprecated since PHP 8.1; Use date() or IntlDateFormatter::format() instead
alpha/lib/model/om/BaseUserEntry.php,217,11,WARNING,PHPCompatibility.FunctionUse.RemovedFunctions.strftimeDeprecated,unverified static candidate,Function strftime() is deprecated since PHP 8.1; Use date() or IntlDateFormatter::format() instead
alpha/lib/model/om/BaseUserEntry.php,257,11,WARNING,PHPCompatibility.FunctionUse.RemovedFunctions.strftimeDeprecated,unverified static candidate,Function strftime() is deprecated since PHP 8.1; Use date() or IntlDateFormatter::format() instead
alpha/lib/model/om/BaseUserLoginData.php,237,11,WARNING,PHPCompatibility.FunctionUse.RemovedFunctions.strftimeDeprecated,unverified static candidate,Function strftime() is deprecated since PHP 8.1; Use date() or IntlDateFormatter::format() instead
alpha/lib/model/om/BaseUserLoginData.php,277,11,WARNING,PHPCompatibility.FunctionUse.RemovedFunctions.strftimeDeprecated,unverified static candidate,Function strftime() is deprecated since PHP 8.1; Use date() or IntlDateFormatter::format() instead
alpha/lib/model/om/BaseUserLoginData.php,317,11,WARNING,PHPCompatibility.FunctionUse.RemovedFunctions.strftimeDeprecated,unverified static candidate,Function strftime() is deprecated since PHP 8.1; Use date() or IntlDateFormatter::format() instead
alpha/lib/model/om/BaseUserRole.php,285,11,WARNING,PHPCompatibility.FunctionUse.RemovedFunctions.strftimeDeprecated,unverified static candidate,Function strftime() is deprecated since PHP 8.1; Use date() or IntlDateFormatter::format() instead
alpha/lib/model/om/BaseUserRole.php,325,11,WARNING,PHPCompatibility.FunctionUse.RemovedFunctions.strftimeDeprecated,unverified static candidate,Function strftime() is deprecated since PHP 8.1; Use date() or IntlDateFormatter::format() instead
alpha/lib/model/om/BaseWidgetLog.php,344,11,WARNING,PHPCompatibility.FunctionUse.RemovedFunctions.strftimeDeprecated,unverified static candidate,Function strftime() is deprecated since PHP 8.1; Use date() or IntlDateFormatter::format() instead
alpha/lib/model/om/BaseWidgetLog.php,384,11,WARNING,PHPCompatibility.FunctionUse.RemovedFunctions.strftimeDeprecated,unverified static candidate,Function strftime() is deprecated since PHP 8.1; Use date() or IntlDateFormatter::format() instead
alpha/lib/model/om/BaseaccessControl.php,285,11,WARNING,PHPCompatibility.FunctionUse.RemovedFunctions.strftimeDeprecated,unverified static candidate,Function strftime() is deprecated since PHP 8.1; Use date() or IntlDateFormatter::format() instead
alpha/lib/model/om/BaseaccessControl.php,325,11,WARNING,PHPCompatibility.FunctionUse.RemovedFunctions.strftimeDeprecated,unverified static candidate,Function strftime() is deprecated since PHP 8.1; Use date() or IntlDateFormatter::format() instead
alpha/lib/model/om/BaseaccessControl.php,365,11,WARNING,PHPCompatibility.FunctionUse.RemovedFunctions.strftimeDeprecated,unverified static candidate,Function strftime() is deprecated since PHP 8.1; Use date() or IntlDateFormatter::format() instead
alpha/lib/model/om/Baseasset.php,333,11,WARNING,PHPCompatibility.FunctionUse.RemovedFunctions.strftimeDeprecated,unverified static candidate,Function strftime() is deprecated since PHP 8.1; Use date() or IntlDateFormatter::format() instead
alpha/lib/model/om/Baseasset.php,373,11,WARNING,PHPCompatibility.FunctionUse.RemovedFunctions.strftimeDeprecated,unverified static candidate,Function strftime() is deprecated since PHP 8.1; Use date() or IntlDateFormatter::format() instead
alpha/lib/model/om/Baseasset.php,413,11,WARNING,PHPCompatibility.FunctionUse.RemovedFunctions.strftimeDeprecated,unverified static candidate,Function strftime() is deprecated since PHP 8.1; Use date() or IntlDateFormatter::format() instead
alpha/lib/model/om/BaseassetParams.php,463,11,WARNING,PHPCompatibility.FunctionUse.RemovedFunctions.strftimeDeprecated,unverified static candidate,Function strftime() is deprecated since PHP 8.1; Use date() or IntlDateFormatter::format() instead
alpha/lib/model/om/BaseassetParams.php,503,11,WARNING,PHPCompatibility.FunctionUse.RemovedFunctions.strftimeDeprecated,unverified static candidate,Function strftime() is deprecated since PHP 8.1; Use date() or IntlDateFormatter::format() instead
alpha/lib/model/om/BaseassetParams.php,543,11,WARNING,PHPCompatibility.FunctionUse.RemovedFunctions.strftimeDeprecated,unverified static candidate,Function strftime() is deprecated since PHP 8.1; Use date() or IntlDateFormatter::format() instead
alpha/lib/model/om/BaseassetParamsOutput.php,492,11,WARNING,PHPCompatibility.FunctionUse.RemovedFunctions.strftimeDeprecated,unverified static candidate,Function strftime() is deprecated since PHP 8.1; Use date() or IntlDateFormatter::format() instead
alpha/lib/model/om/BaseassetParamsOutput.php,532,11,WARNING,PHPCompatibility.FunctionUse.RemovedFunctions.strftimeDeprecated,unverified static candidate,Function strftime() is deprecated since PHP 8.1; Use date() or IntlDateFormatter::format() instead
alpha/lib/model/om/BaseassetParamsOutput.php,572,11,WARNING,PHPCompatibility.FunctionUse.RemovedFunctions.strftimeDeprecated,unverified static candidate,Function strftime() is deprecated since PHP 8.1; Use date() or IntlDateFormatter::format() instead
alpha/lib/model/om/Basecategory.php,437,11,WARNING,PHPCompatibility.FunctionUse.RemovedFunctions.strftimeDeprecated,unverified static candidate,Function strftime() is deprecated since PHP 8.1; Use date() or IntlDateFormatter::format() instead
alpha/lib/model/om/Basecategory.php,477,11,WARNING,PHPCompatibility.FunctionUse.RemovedFunctions.strftimeDeprecated,unverified static candidate,Function strftime() is deprecated since PHP 8.1; Use date() or IntlDateFormatter::format() instead
alpha/lib/model/om/Basecategory.php,517,11,WARNING,PHPCompatibility.FunctionUse.RemovedFunctions.strftimeDeprecated,unverified static candidate,Function strftime() is deprecated since PHP 8.1; Use date() or IntlDateFormatter::format() instead
alpha/lib/model/om/BasecategoryEntry.php,239,11,WARNING,PHPCompatibility.FunctionUse.RemovedFunctions.strftimeDeprecated,unverified static candidate,Function strftime() is deprecated since PHP 8.1; Use date() or IntlDateFormatter::format() instead
alpha/lib/model/om/BasecategoryEntry.php,279,11,WARNING,PHPCompatibility.FunctionUse.RemovedFunctions.strftimeDeprecated,unverified static candidate,Function strftime() is deprecated since PHP 8.1; Use date() or IntlDateFormatter::format() instead
alpha/lib/model/om/BasecategoryKuser.php,301,11,WARNING,PHPCompatibility.FunctionUse.RemovedFunctions.strftimeDeprecated,unverified static candidate,Function strftime() is deprecated since PHP 8.1; Use date() or IntlDateFormatter::format() instead
alpha/lib/model/om/BasecategoryKuser.php,341,11,WARNING,PHPCompatibility.FunctionUse.RemovedFunctions.strftimeDeprecated,unverified static candidate,Function strftime() is deprecated since PHP 8.1; Use date() or IntlDateFormatter::format() instead
alpha/lib/model/om/Basecomment.php,194,11,WARNING,PHPCompatibility.FunctionUse.RemovedFunctions.strftimeDeprecated,unverified static candidate,Function strftime() is deprecated since PHP 8.1; Use date() or IntlDateFormatter::format() instead
alpha/lib/model/om/Basecomment.php,254,11,WARNING,PHPCompatibility.FunctionUse.RemovedFunctions.strftimeDeprecated,unverified static candidate,Function strftime() is deprecated since PHP 8.1; Use date() or IntlDateFormatter::format() instead
alpha/lib/model/om/Baseconversion.php,342,11,WARNING,PHPCompatibility.FunctionUse.RemovedFunctions.strftimeDeprecated,unverified static candidate,Function strftime() is deprecated since PHP 8.1; Use date() or IntlDateFormatter::format() instead
alpha/lib/model/om/Baseconversion.php,382,11,WARNING,PHPCompatibility.FunctionUse.RemovedFunctions.strftimeDeprecated,unverified static candidate,Function strftime() is deprecated since PHP 8.1; Use date() or IntlDateFormatter::format() instead
alpha/lib/model/om/BaseconversionProfile2.php,309,11,WARNING,PHPCompatibility.FunctionUse.RemovedFunctions.strftimeDeprecated,unverified static candidate,Function strftime() is deprecated since PHP 8.1; Use date() or IntlDateFormatter::format() instead
alpha/lib/model/om/BaseconversionProfile2.php,349,11,WARNING,PHPCompatibility.FunctionUse.RemovedFunctions.strftimeDeprecated,unverified static candidate,Function strftime() is deprecated since PHP 8.1; Use date() or IntlDateFormatter::format() instead
alpha/lib/model/om/BaseconversionProfile2.php,389,11,WARNING,PHPCompatibility.FunctionUse.RemovedFunctions.strftimeDeprecated,unverified static candidate,Function strftime() is deprecated since PHP 8.1; Use date() or IntlDateFormatter::format() instead
alpha/lib/model/om/Baseentry.php,806,11,WARNING,PHPCompatibility.FunctionUse.RemovedFunctions.strftimeDeprecated,unverified static candidate,Function strftime() is deprecated since PHP 8.1; Use date() or IntlDateFormatter::format() instead
alpha/lib/model/om/Baseentry.php,846,11,WARNING,PHPCompatibility.FunctionUse.RemovedFunctions.strftimeDeprecated,unverified static candidate,Function strftime() is deprecated since PHP 8.1; Use date() or IntlDateFormatter::format() instead
alpha/lib/model/om/Baseentry.php,1016,11,WARNING,PHPCompatibility.FunctionUse.RemovedFunctions.strftimeDeprecated,unverified static candidate,Function strftime() is deprecated since PHP 8.1; Use date() or IntlDateFormatter::format() instead
alpha/lib/model/om/Baseentry.php,1086,11,WARNING,PHPCompatibility.FunctionUse.RemovedFunctions.strftimeDeprecated,unverified static candidate,Function strftime() is deprecated since PHP 8.1; Use date() or IntlDateFormatter::format() instead
alpha/lib/model/om/Baseentry.php,1176,11,WARNING,PHPCompatibility.FunctionUse.RemovedFunctions.strftimeDeprecated,unverified static candidate,Function strftime() is deprecated since PHP 8.1; Use date() or IntlDateFormatter::format() instead
alpha/lib/model/om/Baseentry.php,1216,11,WARNING,PHPCompatibility.FunctionUse.RemovedFunctions.strftimeDeprecated,unverified static candidate,Function strftime() is deprecated since PHP 8.1; Use date() or IntlDateFormatter::format() instead
alpha/lib/model/om/Baseentry.php,1266,11,WARNING,PHPCompatibility.FunctionUse.RemovedFunctions.strftimeDeprecated,unverified static candidate,Function strftime() is deprecated since PHP 8.1; Use date() or IntlDateFormatter::format() instead
alpha/lib/model/om/Baseentry.php,1306,11,WARNING,PHPCompatibility.FunctionUse.RemovedFunctions.strftimeDeprecated,unverified static candidate,Function strftime() is deprecated since PHP 8.1; Use date() or IntlDateFormatter::format() instead
alpha/lib/model/om/Baseflag.php,224,11,WARNING,PHPCompatibility.FunctionUse.RemovedFunctions.strftimeDeprecated,unverified static candidate,Function strftime() is deprecated since PHP 8.1; Use date() or IntlDateFormatter::format() instead
alpha/lib/model/om/BaseflavorParamsConversionProfile.php,253,11,WARNING,PHPCompatibility.FunctionUse.RemovedFunctions.strftimeDeprecated,unverified static candidate,Function strftime() is deprecated since PHP 8.1; Use date() or IntlDateFormatter::format() instead
alpha/lib/model/om/BaseflavorParamsConversionProfile.php,293,11,WARNING,PHPCompatibility.FunctionUse.RemovedFunctions.strftimeDeprecated,unverified static candidate,Function strftime() is deprecated since PHP 8.1; Use date() or IntlDateFormatter::format() instead
alpha/lib/model/om/BaseflickrToken.php,231,11,WARNING,PHPCompatibility.FunctionUse.RemovedFunctions.strftimeDeprecated,unverified static candidate,Function strftime() is deprecated since PHP 8.1; Use date() or IntlDateFormatter::format() instead
alpha/lib/model/om/BaseflickrToken.php,271,11,WARNING,PHPCompatibility.FunctionUse.RemovedFunctions.strftimeDeprecated,unverified static candidate,Function strftime() is deprecated since PHP 8.1; Use date() or IntlDateFormatter::format() instead
alpha/lib/model/om/BaseinvalidSession.php,157,11,WARNING,PHPCompatibility.FunctionUse.RemovedFunctions.strftimeDeprecated,unverified static candidate,Function strftime() is deprecated since PHP 8.1; Use date() or IntlDateFormatter::format() instead
alpha/lib/model/om/BaseinvalidSession.php,197,11,WARNING,PHPCompatibility.FunctionUse.RemovedFunctions.strftimeDeprecated,unverified static candidate,Function strftime() is deprecated since PHP 8.1; Use date() or IntlDateFormatter::format() instead
alpha/lib/model/om/Basekshow.php,630,11,WARNING,PHPCompatibility.FunctionUse.RemovedFunctions.strftimeDeprecated,unverified static candidate,Function strftime() is deprecated since PHP 8.1; Use date() or IntlDateFormatter::format() instead
alpha/lib/model/om/Basekshow.php,670,11,WARNING,PHPCompatibility.FunctionUse.RemovedFunctions.strftimeDeprecated,unverified static candidate,Function strftime() is deprecated since PHP 8.1; Use date() or IntlDateFormatter::format() instead
alpha/lib/model/om/Basekshow.php,990,11,WARNING,PHPCompatibility.FunctionUse.RemovedFunctions.strftimeDeprecated,unverified static candidate,Function strftime() is deprecated since PHP 8.1; Use date() or IntlDateFormatter::format() instead
alpha/lib/model/om/Basekshow.php,1030,11,WARNING,PHPCompatibility.FunctionUse.RemovedFunctions.strftimeDeprecated,unverified static candidate,Function strftime() is deprecated since PHP 8.1; Use date() or IntlDateFormatter::format() instead
alpha/lib/model/om/Basekuser.php,687,11,WARNING,PHPCompatibility.FunctionUse.RemovedFunctions.strftimeDeprecated,unverified static candidate,Function strftime() is deprecated since PHP 8.1; Use date() or IntlDateFormatter::format() instead
alpha/lib/model/om/Basekuser.php,977,11,WARNING,PHPCompatibility.FunctionUse.RemovedFunctions.strftimeDeprecated,unverified static candidate,Function strftime() is deprecated since PHP 8.1; Use date() or IntlDateFormatter::format() instead
alpha/lib/model/om/Basekuser.php,1017,11,WARNING,PHPCompatibility.FunctionUse.RemovedFunctions.strftimeDeprecated,unverified static candidate,Function strftime() is deprecated since PHP 8.1; Use date() or IntlDateFormatter::format() instead
alpha/lib/model/om/Basekvote.php,294,11,WARNING,PHPCompatibility.FunctionUse.RemovedFunctions.strftimeDeprecated,unverified static candidate,Function strftime() is deprecated since PHP 8.1; Use date() or IntlDateFormatter::format() instead
alpha/lib/model/om/BasemediaInfo.php,326,11,WARNING,PHPCompatibility.FunctionUse.RemovedFunctions.strftimeDeprecated,unverified static candidate,Function strftime() is deprecated since PHP 8.1; Use date() or IntlDateFormatter::format() instead
alpha/lib/model/om/BasemediaInfo.php,366,11,WARNING,PHPCompatibility.FunctionUse.RemovedFunctions.strftimeDeprecated,unverified static candidate,Function strftime() is deprecated since PHP 8.1; Use date() or IntlDateFormatter::format() instead
alpha/lib/model/om/Basemoderation.php,264,11,WARNING,PHPCompatibility.FunctionUse.RemovedFunctions.strftimeDeprecated,unverified static candidate,Function strftime() is deprecated since PHP 8.1; Use date() or IntlDateFormatter::format() instead
alpha/lib/model/om/Basemoderation.php,304,11,WARNING,PHPCompatibility.FunctionUse.RemovedFunctions.strftimeDeprecated,unverified static candidate,Function strftime() is deprecated since PHP 8.1; Use date() or IntlDateFormatter::format() instead
alpha/lib/model/om/BasemoderationFlag.php,252,11,WARNING,PHPCompatibility.FunctionUse.RemovedFunctions.strftimeDeprecated,unverified static candidate,Function strftime() is deprecated since PHP 8.1; Use date() or IntlDateFormatter::format() instead
alpha/lib/model/om/BasemoderationFlag.php,292,11,WARNING,PHPCompatibility.FunctionUse.RemovedFunctions.strftimeDeprecated,unverified static candidate,Function strftime() is deprecated since PHP 8.1; Use date() or IntlDateFormatter::format() instead
alpha/lib/model/om/BaseroughcutEntry.php,240,11,WARNING,PHPCompatibility.FunctionUse.RemovedFunctions.strftimeDeprecated,unverified static candidate,Function strftime() is deprecated since PHP 8.1; Use date() or IntlDateFormatter::format() instead
alpha/lib/model/om/BaseroughcutEntry.php,280,11,WARNING,PHPCompatibility.FunctionUse.RemovedFunctions.strftimeDeprecated,unverified static candidate,Function strftime() is deprecated since PHP 8.1; Use date() or IntlDateFormatter::format() instead
alpha/lib/model/om/BasesyndicationFeed.php,523,11,WARNING,PHPCompatibility.FunctionUse.RemovedFunctions.strftimeDeprecated,unverified static candidate,Function strftime() is deprecated since PHP 8.1; Use date() or IntlDateFormatter::format() instead
alpha/lib/model/om/BasesyndicationFeed.php,563,11,WARNING,PHPCompatibility.FunctionUse.RemovedFunctions.strftimeDeprecated,unverified static candidate,Function strftime() is deprecated since PHP 8.1; Use date() or IntlDateFormatter::format() instead
alpha/lib/model/om/BaseuiConf.php,349,11,WARNING,PHPCompatibility.FunctionUse.RemovedFunctions.strftimeDeprecated,unverified static candidate,Function strftime() is deprecated since PHP 8.1; Use date() or IntlDateFormatter::format() instead
alpha/lib/model/om/BaseuiConf.php,389,11,WARNING,PHPCompatibility.FunctionUse.RemovedFunctions.strftimeDeprecated,unverified static candidate,Function strftime() is deprecated since PHP 8.1; Use date() or IntlDateFormatter::format() instead
alpha/lib/model/om/Basewidget.php,326,11,WARNING,PHPCompatibility.FunctionUse.RemovedFunctions.strftimeDeprecated,unverified static candidate,Function strftime() is deprecated since PHP 8.1; Use date() or IntlDateFormatter::format() instead
alpha/lib/model/om/Basewidget.php,366,11,WARNING,PHPCompatibility.FunctionUse.RemovedFunctions.strftimeDeprecated,unverified static candidate,Function strftime() is deprecated since PHP 8.1; Use date() or IntlDateFormatter::format() instead
alpha/lib/model/uiConf.php,360,39,WARNING,PHPCompatibility.FunctionDeclarations.RemovedOptionalBeforeRequiredParam.Deprecated80,unverified static candidate,"Declaring an optional parameter before a required parameter is deprecated since PHP 8.0. Parameter $suffix is optional, while parameter $v is required. The $suffix parameter is implicitly treated as a required parameter."
alpha/lib/model/uiConf.php,427,25,WARNING,PHPCompatibility.FunctionUse.RemovedFunctions.strftimeDeprecated,unverified static candidate,Function strftime() is deprecated since PHP 8.1; Use date() or IntlDateFormatter::format() instead
alpha/scripts/analyze_collect_stats.php,67,10,WARNING,PHPCompatibility.FunctionUse.RemovedFunctions.strftimeDeprecated,unverified static candidate,Function strftime() is deprecated since PHP 8.1; Use date() or IntlDateFormatter::format() instead
alpha/scripts/compatCheck.php,107,6,ERROR,PHPCompatibility.FunctionDeclarations.RemovedCallingDestructAfterConstructorExit.Found,unverified static candidate,"When die() is called within an object constructor, the object destructor will no longer be called since PHP 8.0"
alpha/scripts/compatCheck.php,108,44,ERROR,PHPCompatibility.FunctionDeclarations.RemovedCallingDestructAfterConstructorExit.Found,unverified static candidate,"When die() is called within an object constructor, the object destructor will no longer be called since PHP 8.0"
alpha/scripts/compatCheckElasticSearch.php,56,6,ERROR,PHPCompatibility.FunctionDeclarations.RemovedCallingDestructAfterConstructorExit.Found,unverified static candidate,"When die() is called within an object constructor, the object destructor will no longer be called since PHP 8.0"
alpha/scripts/compatCheckElasticSearch.php,57,44,ERROR,PHPCompatibility.FunctionDeclarations.RemovedCallingDestructAfterConstructorExit.Found,unverified static candidate,"When die() is called within an object constructor, the object destructor will no longer be called since PHP 8.0"
alpha/scripts/create_api_event_log_from_api_v3_log.php,200,6,ERROR,PHPCompatibility.Lists.AssignmentOrder.Affected,unverified static candidate,list() will assign variable from left-to-right since PHP 7.0. Ensure all variables in list() are unique to prevent unexpected results.
alpha/scripts/create_api_event_log_from_ps2_log.php,240,5,ERROR,PHPCompatibility.Lists.AssignmentOrder.Affected,unverified static candidate,list() will assign variable from left-to-right since PHP 7.0. Ensure all variables in list() are unique to prevent unexpected results.
alpha/scripts/create_event_log_from_apache_access_log.php,108,20,WARNING,PHPCompatibility.FunctionUse.RemovedFunctions.strftimeDeprecated,unverified static candidate,Function strftime() is deprecated since PHP 8.1; Use date() or IntlDateFormatter::format() instead
alpha/scripts/utils/migrationWebcastUpdateMakeHiddenAndDisplayInSearch.php,86,54,ERROR,PHPCompatibility.ParameterValues.RemovedImplodeFlexibleParamOrder.Removed,unverified static candidate,Passing the $glue and $pieces parameters in reverse order to implode has been deprecated since PHP 7.4 and is removed since PHP 8.0; $glue should be the first parameter and $pieces the second
alpha/web/nothing.php,1,1,WARNING,Internal.NoCodeFound,unverified static candidate,No PHP code was found in this file and short open tags are not allowed by this install of PHP. This file may be using short open tags but PHP does not allow them.
api_v3/lib/KalturaEntryService.php,1836,50,WARNING,PHPCompatibility.FunctionDeclarations.RemovedOptionalBeforeRequiredParam.Deprecated80,unverified static candidate,"Declaring an optional parameter before a required parameter is deprecated since PHP 8.0. Parameter $entryType is optional, while parameter $rank is required. The $entryType parameter is implicitly treated as a required parameter."
api_v3/lib/reflection/UnitTestsGenerator.php,639,25,WARNING,PHPCompatibility.FunctionDeclarations.RemovedOptionalBeforeRequiredParam.Deprecated80,unverified static candidate,"Declaring an optional parameter before a required parameter is deprecated since PHP 8.0. Parameter $txt is optional, while parameter $isBase is required. The $txt parameter is implicitly treated as a required parameter."
api_v3/lib/reflection/XmlClientGenerator.php,61,74,WARNING,PHPCompatibility.FunctionUse.RemovedFunctions.strftimeDeprecated,unverified static candidate,Function strftime() is deprecated since PHP 8.1; Use date() or IntlDateFormatter::format() instead
api_v3/lib/syndication/SyndicationFeedRenderer.php,73,10,ERROR,PHPCompatibility.ParameterValues.NewHTMLEntitiesFlagsDefault.NotSet,unverified static candidate,"The default value of the $flags parameter for htmlEntities() was changed from ENT_COMPAT to ENT_QUOTES | ENT_SUBSTITUTE | ENT_HTML401 in PHP 8.1. For cross-version compatibility, the $flags parameter should be explicitly set."
api_v3/lib/types/EntryServerNode/base/filters/KalturaEntryServerNodeFilter.php,44,16,ERROR,PHPCompatibility.ParameterValues.RemovedImplodeFlexibleParamOrder.Removed,unverified static candidate,Passing the $glue and $pieces parameters in reverse order to implode has been deprecated since PHP 7.4 and is removed since PHP 8.0; $glue should be the first parameter and $pieces the second
api_v3/lib/types/entry/KalturaPlaylist.php,175,36,ERROR,PHPCompatibility.ParameterValues.NewHTMLEntitiesFlagsDefault.NotSet,unverified static candidate,"The default value of the $flags parameter for htmlspecialchars() was changed from ENT_COMPAT to ENT_QUOTES | ENT_SUBSTITUTE | ENT_HTML401 in PHP 8.1. For cross-version compatibility, the $flags parameter should be explicitly set."
api_v3/lib/types/serverNode/base/KalturaServerNode.php,157,57,WARNING,PHPCompatibility.FunctionDeclarations.RemovedOptionalBeforeRequiredParam.Deprecated80,unverified static candidate,"Declaring an optional parameter before a required parameter is deprecated since PHP 8.0. Parameter $propertiesToSkip is optional, while parameter $type is required. The $propertiesToSkip parameter is implicitly treated as a required parameter."
api_v3/lib/types/serverNode/base/KalturaServerNode.php,174,39,WARNING,PHPCompatibility.FunctionDeclarations.RemovedOptionalBeforeRequiredParam.Deprecated80,unverified static candidate,"Declaring an optional parameter before a required parameter is deprecated since PHP 8.0. Parameter $serverNodeId is optional, while parameter $type is required. The $serverNodeId parameter is implicitly treated as a required parameter."
api_v3/lib/types/serverNode/base/KalturaServerNode.php,183,46,WARNING,PHPCompatibility.FunctionDeclarations.RemovedOptionalBeforeRequiredParam.Deprecated80,unverified static candidate,"Declaring an optional parameter before a required parameter is deprecated since PHP 8.0. Parameter $serverNodeId is optional, while parameter $type is required. The $serverNodeId parameter is implicitly treated as a required parameter."
api_v3/lib/types/serverNode/base/KalturaServerNode.php,197,48,WARNING,PHPCompatibility.FunctionDeclarations.RemovedOptionalBeforeRequiredParam.Deprecated80,unverified static candidate,"Declaring an optional parameter before a required parameter is deprecated since PHP 8.0. Parameter $serverNodeId is optional, while parameter $type is required. The $serverNodeId parameter is implicitly treated as a required parameter."
api_v3/services/ConversionProfileService.php,122,11,ERROR,PHPCompatibility.ParameterValues.NewHTMLEntitiesFlagsDefault.NotSet,unverified static candidate,"The default value of the $flags parameter for html_entity_decode() was changed from ENT_COMPAT to ENT_QUOTES | ENT_SUBSTITUTE | ENT_HTML401 in PHP 8.1. For cross-version compatibility, the $flags parameter should be explicitly set."
api_v3/services/ConversionProfileService.php,129,11,ERROR,PHPCompatibility.ParameterValues.NewHTMLEntitiesFlagsDefault.NotSet,unverified static candidate,"The default value of the $flags parameter for html_entity_decode() was changed from ENT_COMPAT to ENT_QUOTES | ENT_SUBSTITUTE | ENT_HTML401 in PHP 8.1. For cross-version compatibility, the $flags parameter should be explicitly set."
api_v3/services/ConversionProfileService.php,204,11,ERROR,PHPCompatibility.ParameterValues.NewHTMLEntitiesFlagsDefault.NotSet,unverified static candidate,"The default value of the $flags parameter for html_entity_decode() was changed from ENT_COMPAT to ENT_QUOTES | ENT_SUBSTITUTE | ENT_HTML401 in PHP 8.1. For cross-version compatibility, the $flags parameter should be explicitly set."
api_v3/services/ConversionProfileService.php,211,11,ERROR,PHPCompatibility.ParameterValues.NewHTMLEntitiesFlagsDefault.NotSet,unverified static candidate,"The default value of the $flags parameter for html_entity_decode() was changed from ENT_COMPAT to ENT_QUOTES | ENT_SUBSTITUTE | ENT_HTML401 in PHP 8.1. For cross-version compatibility, the $flags parameter should be explicitly set."
api_v3/web/clientTest.php,18,7,ERROR,PHPCompatibility.ParameterValues.NewHTMLEntitiesFlagsDefault.NotSet,unverified static candidate,"The default value of the $flags parameter for htmlspecialchars() was changed from ENT_COMPAT to ENT_QUOTES | ENT_SUBSTITUTE | ENT_HTML401 in PHP 8.1. For cross-version compatibility, the $flags parameter should be explicitly set."
api_v3/web/xsdDoc/footer.php,1,1,WARNING,Internal.NoCodeFound,unverified static candidate,No PHP code was found in this file and short open tags are not allowed by this install of PHP. This file may be using short open tags but PHP does not allow them.
api_v3/web/xsdDoc/overview.php,1,1,WARNING,Internal.NoCodeFound,unverified static candidate,No PHP code was found in this file and short open tags are not allowed by this install of PHP. This file may be using short open tags but PHP does not allow them.
batch/batches/BulkUpload/KAsyncBulkUpload.class.php,33,11,WARNING,PHPCompatibility.IniDirectives.RemovedIniDirectives.auto_detect_line_endingsDeprecated,unverified static candidate,INI directive 'auto_detect_line_endings' is deprecated since PHP 8.1
batch/batches/BulkUpload/KAsyncBulkUpload.class.php,63,11,WARNING,PHPCompatibility.IniDirectives.RemovedIniDirectives.auto_detect_line_endingsDeprecated,unverified static candidate,INI directive 'auto_detect_line_endings' is deprecated since PHP 8.1
batch/batches/Convert/KAsyncConvert.class.php,503,29,WARNING,PHPCompatibility.FunctionDeclarations.RemovedOptionalBeforeRequiredParam.Deprecated80,unverified static candidate,"Declaring an optional parameter before a required parameter is deprecated since PHP 8.0. Parameter $operator is optional, while parameter $filePath is required. The $operator parameter is implicitly treated as a required parameter."
batch/batches/EmailIngestion/KAsyncEmailIngestion.class.php,281,152,ERROR,PHPCompatibility.FunctionDeclarations.NewParamTypeDeclarations.mixedFound,unverified static candidate,'mixed' type declaration is not present in PHP version 7.4 or earlier
batch/batches/EmailIngestion/KAsyncEmailIngestion.class.php,483,131,ERROR,PHPCompatibility.FunctionDeclarations.NewParamTypeDeclarations.mixedFound,unverified static candidate,'mixed' type declaration is not present in PHP version 7.4 or earlier
batch/batches/KBatchBase.class.php,237,4,ERROR,PHPCompatibility.FunctionDeclarations.RemovedCallingDestructAfterConstructorExit.Found,unverified static candidate,"When die() is called within an object constructor, the object destructor will no longer be called since PHP 8.0"
batch/batches/KBatchBase.class.php,249,4,ERROR,PHPCompatibility.FunctionDeclarations.RemovedCallingDestructAfterConstructorExit.Found,unverified static candidate,"When die() is called within an object constructor, the object destructor will no longer be called since PHP 8.0"
batch/batches/LiveReportExport/Engines/LiveReportQueryHelper.php,16,4,WARNING,PHPCompatibility.FunctionDeclarations.RemovedOptionalBeforeRequiredParam.Deprecated80,unverified static candidate,"Declaring an optional parameter before a required parameter is deprecated since PHP 8.0. Parameter $keyField is optional, while parameter $valueField is required. The $keyField parameter is implicitly treated as a required parameter."
batch/scheduler/KGenericScheduler.class.php,500,8,WARNING,PHPCompatibility.TextStrings.RemovedDollarBraceStringEmbeds.DeprecatedVariableSyntax,unverified static candidate,"Using ${var} in strings is deprecated since PHP 8.2, use {$var} instead. Found: ${clazz}"
deployment/base/scripts/index/IndexGenerator.php,38,9,ERROR,PHPCompatibility.ParameterValues.RemovedImplodeFlexibleParamOrder.Removed,unverified static candidate,Passing the $glue and $pieces parameters in reverse order to implode has been deprecated since PHP 7.4 and is removed since PHP 8.0; $glue should be the first parameter and $pieces the second
deployment/updates/scripts/2015_09_21_migrateMediaServerTableToServerNodeTable.php,118,36,ERROR,PHPCompatibility.Extensions.RemovedExtensions.mysql_DeprecatedRemoved,unverified static candidate,Extension 'mysql_' is deprecated since PHP 5.5 and removed since PHP 7.0; Use mysqli instead
deployment/updates/scripts/2015_09_21_migrateMediaServerTableToServerNodeTable.php,118,36,ERROR,PHPCompatibility.FunctionUse.RemovedFunctions.mysql_errorDeprecatedRemoved,unverified static candidate,Function mysql_error() is deprecated since PHP 5.5 and removed since PHP 7.0
infra/cdl/kdl/KDLAudioMultiStreaming.php,164,63,WARNING,PHPCompatibility.FunctionDeclarations.RemovedOptionalBeforeRequiredParam.Deprecated80,unverified static candidate,"Declaring an optional parameter before a required parameter is deprecated since PHP 8.0. Parameter $verifyFields is optional, while parameter $filteredStreams is required. The $verifyFields parameter is implicitly treated as a required parameter."
infra/cdl/kdl/KDLCommon.php,215,8,ERROR,PHPCompatibility.Numbers.RemovedHexadecimalNumericStrings.Found,unverified static candidate,"The behaviour of hexadecimal numeric strings was inconsistent prior to PHP 7 and support has been removed in PHP 7. Found: ""0x0"""
infra/chunkedEncode/KChunkedEncode.php,287,49,WARNING,PHPCompatibility.FunctionDeclarations.RemovedOptionalBeforeRequiredParam.Deprecated80,unverified static candidate,"Declaring an optional parameter before a required parameter is deprecated since PHP 8.0. Parameter $acodec is optional, while parameter $format is required. The $acodec parameter is implicitly treated as a required parameter."
infra/content/kXml.class.php,77,15,ERROR,PHPCompatibility.ParameterValues.NewHTMLEntitiesFlagsDefault.NotSet,unverified static candidate,"The default value of the $flags parameter for htmlspecialchars() was changed from ENT_COMPAT to ENT_QUOTES | ENT_SUBSTITUTE | ENT_HTML401 in PHP 8.1. For cross-version compatibility, the $flags parameter should be explicitly set."
infra/content/kXml.class.php,78,11,ERROR,PHPCompatibility.ParameterValues.NewHTMLEntitiesFlagsDefault.NotSet,unverified static candidate,"The default value of the $flags parameter for htmlspecialchars() was changed from ENT_COMPAT to ENT_QUOTES | ENT_SUBSTITUTE | ENT_HTML401 in PHP 8.1. For cross-version compatibility, the $flags parameter should be explicitly set."
infra/content/kXsdException.php,12,11,WARNING,PHPCompatibility.FunctionUse.ArgumentFunctionsReportCurrentValue.NeedsInspection,unverified static candidate,"Since PHP 7.0, functions inspecting arguments, like func_get_args(), no longer report the original value as passed to a parameter, but will instead provide the current value. The parameter ""$messageCode"" was used, and possibly changed (by reference), on line 10."
infra/general/KCryptoWrapper.class.php,113,13,ERROR,PHPCompatibility.Extensions.RemovedExtensions.mcryptDeprecatedRemoved,unverified static candidate,Extension 'mcrypt' is deprecated since PHP 7.1 and removed since PHP 7.2; Use openssl (preferred) or pecl/mcrypt once available instead
infra/general/KCryptoWrapper.class.php,113,13,ERROR,PHPCompatibility.FunctionUse.RemovedFunctions.mcrypt_create_ivDeprecatedRemoved,unverified static candidate,Function mcrypt_create_iv() is deprecated since PHP 7.1 and removed since PHP 7.2; Use random_bytes() or OpenSSL instead
infra/general/KCryptoWrapper.class.php,113,38,ERROR,PHPCompatibility.Constants.RemovedConstants.mcrypt_dev_urandomDeprecatedRemoved,unverified static candidate,"The constant ""MCRYPT_DEV_URANDOM"" is deprecated since PHP 7.1 and removed since PHP 7.2"
infra/general/KCryptoWrapper.class.php,118,12,ERROR,PHPCompatibility.Extensions.RemovedExtensions.mcryptDeprecatedRemoved,unverified static candidate,Extension 'mcrypt' is deprecated since PHP 7.1 and removed since PHP 7.2; Use openssl (preferred) or pecl/mcrypt once available instead
infra/general/KCryptoWrapper.class.php,118,12,ERROR,PHPCompatibility.FunctionUse.RemovedFunctions.mcrypt_module_openDeprecatedRemoved,unverified static candidate,Function mcrypt_module_open() is deprecated since PHP 7.1 and removed since PHP 7.2; Use OpenSSL instead
infra/general/KCryptoWrapper.class.php,119,29,ERROR,PHPCompatibility.Extensions.RemovedExtensions.mcryptDeprecatedRemoved,unverified static candidate,Extension 'mcrypt' is deprecated since PHP 7.1 and removed since PHP 7.2; Use openssl (preferred) or pecl/mcrypt once available instead
infra/general/KCryptoWrapper.class.php,119,29,ERROR,PHPCompatibility.FunctionUse.RemovedFunctions.mcrypt_enc_get_key_sizeDeprecatedRemoved,unverified static candidate,Function mcrypt_enc_get_key_size() is deprecated since PHP 7.1 and removed since PHP 7.2; Use OpenSSL instead
infra/general/KCryptoWrapper.class.php,121,6,ERROR,PHPCompatibility.Extensions.RemovedExtensions.mcryptDeprecatedRemoved,unverified static candidate,Extension 'mcrypt' is deprecated since PHP 7.1 and removed since PHP 7.2; Use openssl (preferred) or pecl/mcrypt once available instead
infra/general/KCryptoWrapper.class.php,121,6,ERROR,PHPCompatibility.FunctionUse.RemovedFunctions.mcrypt_generic_initDeprecatedRemoved,unverified static candidate,Function mcrypt_generic_init() is deprecated since PHP 7.1 and removed since PHP 7.2; Use OpenSSL instead
infra/general/KCryptoWrapper.class.php,122,24,ERROR,PHPCompatibility.Extensions.RemovedExtensions.mcryptDeprecatedRemoved,unverified static candidate,Extension 'mcrypt' is deprecated since PHP 7.1 and removed since PHP 7.2; Use openssl (preferred) or pecl/mcrypt once available instead
infra/general/KCryptoWrapper.class.php,122,24,ERROR,PHPCompatibility.FunctionUse.RemovedFunctions.mcrypt_genericDeprecatedRemoved,unverified static candidate,Function mcrypt_generic() is deprecated since PHP 7.1 and removed since PHP 7.2; Use OpenSSL instead
infra/general/KCryptoWrapper.class.php,123,6,ERROR,PHPCompatibility.Extensions.RemovedExtensions.mcryptDeprecatedRemoved,unverified static candidate,Extension 'mcrypt' is deprecated since PHP 7.1 and removed since PHP 7.2; Use openssl (preferred) or pecl/mcrypt once available instead
infra/general/KCryptoWrapper.class.php,123,6,ERROR,PHPCompatibility.FunctionUse.RemovedFunctions.mcrypt_generic_deinitDeprecatedRemoved,unverified static candidate,Function mcrypt_generic_deinit() is deprecated since PHP 7.1 and removed since PHP 7.2; Use OpenSSL instead
infra/general/KCryptoWrapper.class.php,124,6,ERROR,PHPCompatibility.Extensions.RemovedExtensions.mcryptDeprecatedRemoved,unverified static candidate,Extension 'mcrypt' is deprecated since PHP 7.1 and removed since PHP 7.2; Use openssl (preferred) or pecl/mcrypt once available instead
infra/general/KCryptoWrapper.class.php,124,6,ERROR,PHPCompatibility.FunctionUse.RemovedFunctions.mcrypt_module_closeDeprecatedRemoved,unverified static candidate,Function mcrypt_module_close() is deprecated since PHP 7.1 and removed since PHP 7.2; Use OpenSSL instead
infra/general/KCryptoWrapper.class.php,130,12,ERROR,PHPCompatibility.Extensions.RemovedExtensions.mcryptDeprecatedRemoved,unverified static candidate,Extension 'mcrypt' is deprecated since PHP 7.1 and removed since PHP 7.2; Use openssl (preferred) or pecl/mcrypt once available instead
infra/general/KCryptoWrapper.class.php,130,12,ERROR,PHPCompatibility.FunctionUse.RemovedFunctions.mcrypt_module_openDeprecatedRemoved,unverified static candidate,Function mcrypt_module_open() is deprecated since PHP 7.1 and removed since PHP 7.2; Use OpenSSL instead
infra/general/KCryptoWrapper.class.php,131,29,ERROR,PHPCompatibility.Extensions.RemovedExtensions.mcryptDeprecatedRemoved,unverified static candidate,Extension 'mcrypt' is deprecated since PHP 7.1 and removed since PHP 7.2; Use openssl (preferred) or pecl/mcrypt once available instead
infra/general/KCryptoWrapper.class.php,131,29,ERROR,PHPCompatibility.FunctionUse.RemovedFunctions.mcrypt_enc_get_key_sizeDeprecatedRemoved,unverified static candidate,Function mcrypt_enc_get_key_size() is deprecated since PHP 7.1 and removed since PHP 7.2; Use OpenSSL instead
infra/general/KCryptoWrapper.class.php,133,6,ERROR,PHPCompatibility.Extensions.RemovedExtensions.mcryptDeprecatedRemoved,unverified static candidate,Extension 'mcrypt' is deprecated since PHP 7.1 and removed since PHP 7.2; Use openssl (preferred) or pecl/mcrypt once available instead
infra/general/KCryptoWrapper.class.php,133,6,ERROR,PHPCompatibility.FunctionUse.RemovedFunctions.mcrypt_generic_initDeprecatedRemoved,unverified static candidate,Function mcrypt_generic_init() is deprecated since PHP 7.1 and removed since PHP 7.2; Use OpenSSL instead
infra/general/KCryptoWrapper.class.php,134,24,ERROR,PHPCompatibility.FunctionUse.RemovedFunctions.mdecrypt_genericDeprecatedRemoved,unverified static candidate,Function mdecrypt_generic() is deprecated since PHP 7.1 and removed since PHP 7.2; Use OpenSSL instead
infra/general/KCryptoWrapper.class.php,135,6,ERROR,PHPCompatibility.Extensions.RemovedExtensions.mcryptDeprecatedRemoved,unverified static candidate,Extension 'mcrypt' is deprecated since PHP 7.1 and removed since PHP 7.2; Use openssl (preferred) or pecl/mcrypt once available instead
infra/general/KCryptoWrapper.class.php,135,6,ERROR,PHPCompatibility.FunctionUse.RemovedFunctions.mcrypt_generic_deinitDeprecatedRemoved,unverified static candidate,Function mcrypt_generic_deinit() is deprecated since PHP 7.1 and removed since PHP 7.2; Use OpenSSL instead
infra/general/KCryptoWrapper.class.php,136,6,ERROR,PHPCompatibility.Extensions.RemovedExtensions.mcryptDeprecatedRemoved,unverified static candidate,Extension 'mcrypt' is deprecated since PHP 7.1 and removed since PHP 7.2; Use openssl (preferred) or pecl/mcrypt once available instead
infra/general/KCryptoWrapper.class.php,136,6,ERROR,PHPCompatibility.FunctionUse.RemovedFunctions.mcrypt_module_closeDeprecatedRemoved,unverified static candidate,Function mcrypt_module_close() is deprecated since PHP 7.1 and removed since PHP 7.2; Use OpenSSL instead
infra/general/KCryptoWrapper.class.php,142,13,ERROR,PHPCompatibility.Extensions.RemovedExtensions.mcryptDeprecatedRemoved,unverified static candidate,Extension 'mcrypt' is deprecated since PHP 7.1 and removed since PHP 7.2; Use openssl (preferred) or pecl/mcrypt once available instead
infra/general/KCryptoWrapper.class.php,142,13,ERROR,PHPCompatibility.FunctionUse.RemovedFunctions.mcrypt_encryptDeprecatedRemoved,unverified static candidate,Function mcrypt_encrypt() is deprecated since PHP 7.1 and removed since PHP 7.2; Use OpenSSL instead
infra/general/KCryptoWrapper.class.php,143,7,ERROR,PHPCompatibility.Constants.RemovedConstants.mcrypt_rijndael_128DeprecatedRemoved,unverified static candidate,"The constant ""MCRYPT_RIJNDAEL_128"" is deprecated since PHP 7.1 and removed since PHP 7.2"
infra/general/KCryptoWrapper.class.php,146,7,ERROR,PHPCompatibility.Constants.RemovedConstants.mcrypt_mode_cbcDeprecatedRemoved,unverified static candidate,"The constant ""MCRYPT_MODE_CBC"" is deprecated since PHP 7.1 and removed since PHP 7.2"
infra/general/KCryptoWrapper.class.php,153,13,ERROR,PHPCompatibility.Extensions.RemovedExtensions.mcryptDeprecatedRemoved,unverified static candidate,Extension 'mcrypt' is deprecated since PHP 7.1 and removed since PHP 7.2; Use openssl (preferred) or pecl/mcrypt once available instead
infra/general/KCryptoWrapper.class.php,153,13,ERROR,PHPCompatibility.FunctionUse.RemovedFunctions.mcrypt_decryptDeprecatedRemoved,unverified static candidate,Function mcrypt_decrypt() is deprecated since PHP 7.1 and removed since PHP 7.2; Use OpenSSL instead
infra/general/KCryptoWrapper.class.php,154,7,ERROR,PHPCompatibility.Constants.RemovedConstants.mcrypt_rijndael_128DeprecatedRemoved,unverified static candidate,"The constant ""MCRYPT_RIJNDAEL_128"" is deprecated since PHP 7.1 and removed since PHP 7.2"
infra/general/KCryptoWrapper.class.php,157,7,ERROR,PHPCompatibility.Constants.RemovedConstants.mcrypt_mode_cbcDeprecatedRemoved,unverified static candidate,"The constant ""MCRYPT_MODE_CBC"" is deprecated since PHP 7.1 and removed since PHP 7.2"
infra/general/PdfGenerator.php,165,33,WARNING,PHPCompatibility.FunctionDeclarations.RemovedOptionalBeforeRequiredParam.Deprecated80,unverified static candidate,"Declaring an optional parameter before a required parameter is deprecated since PHP 8.0. Parameter $level is optional, while parameter $text is required. The $level parameter is implicitly treated as a required parameter."
infra/general/S3.php,209,4,WARNING,PHPCompatibility.FunctionUse.RemovedFunctions.openssl_free_keyDeprecated,unverified static candidate,Function openssl_free_key() is deprecated since PHP 8.0
infra/general/S3.php,223,17,WARNING,PHPCompatibility.FunctionNameRestrictions.ReservedFunctionNames.MethodDoubleUnderscore,unverified static candidate,"Method name ""S3::__triggerError"" is discouraged; PHP has reserved all method names with a double underscore prefix for future use."
infra/general/S3.php,1400,17,WARNING,PHPCompatibility.FunctionNameRestrictions.ReservedFunctionNames.MethodDoubleUnderscore,unverified static candidate,"Method name ""S3::__getCloudFrontInvalidationBatchXML"" is discouraged; PHP has reserved all method names with a double underscore prefix for future use."
infra/general/S3.php,1429,17,WARNING,PHPCompatibility.FunctionNameRestrictions.ReservedFunctionNames.MethodDoubleUnderscore,unverified static candidate,"Method name ""S3::__getCloudFrontDistributionConfigXML"" is discouraged; PHP has reserved all method names with a double underscore prefix for future use."
infra/general/S3.php,1469,17,WARNING,PHPCompatibility.FunctionNameRestrictions.ReservedFunctionNames.MethodDoubleUnderscore,unverified static candidate,"Method name ""S3::__parseCloudFrontDistributionConfig"" is discouraged; PHP has reserved all method names with a double underscore prefix for future use."
infra/general/S3.php,1529,17,WARNING,PHPCompatibility.FunctionNameRestrictions.ReservedFunctionNames.MethodDoubleUnderscore,unverified static candidate,"Method name ""S3::__getCloudFrontResponse"" is discouraged; PHP has reserved all method names with a double underscore prefix for future use."
infra/general/S3.php,1558,16,WARNING,PHPCompatibility.FunctionNameRestrictions.ReservedFunctionNames.MethodDoubleUnderscore,unverified static candidate,"Method name ""S3::__getMimeType"" is discouraged; PHP has reserved all method names with a double underscore prefix for future use."
infra/general/S3.php,1609,16,WARNING,PHPCompatibility.FunctionNameRestrictions.ReservedFunctionNames.MethodDoubleUnderscore,unverified static candidate,"Method name ""S3::__getSignature"" is discouraged; PHP has reserved all method names with a double underscore prefix for future use."
infra/general/S3.php,1624,17,WARNING,PHPCompatibility.FunctionNameRestrictions.ReservedFunctionNames.MethodDoubleUnderscore,unverified static candidate,"Method name ""S3::__getHash"" is discouraged; PHP has reserved all method names with a double underscore prefix for future use."
infra/general/S3.php,1883,10,WARNING,PHPCompatibility.FunctionNameRestrictions.ReservedFunctionNames.MethodDoubleUnderscore,unverified static candidate,"Method name ""S3Request::__responseWriteCallback"" is discouraged; PHP has reserved all method names with a double underscore prefix for future use."
infra/general/S3.php,1900,10,WARNING,PHPCompatibility.FunctionNameRestrictions.ReservedFunctionNames.MethodDoubleUnderscore,unverified static candidate,"Method name ""S3Request::__responseHeaderCallback"" is discouraged; PHP has reserved all method names with a double underscore prefix for future use."
infra/general/S3.php,1917,46,ERROR,PHPCompatibility.Syntax.RemovedCurlyBraceArrayAccess.Removed,unverified static candidate,Curly brace syntax for accessing array elements and string offsets has been deprecated in PHP 7.4 and removed in PHP 8.0. Found: $value{0}
infra/general/diffUtils.php,838,10,ERROR,PHPCompatibility.ParameterValues.NewHTMLEntitiesFlagsDefault.NotSet,unverified static candidate,"The default value of the $flags parameter for htmlentities() was changed from ENT_COMPAT to ENT_QUOTES | ENT_SUBSTITUTE | ENT_HTML401 in PHP 8.1. For cross-version compatibility, the $flags parameter should be explicitly set."
infra/general/diffUtils.php,854,19,ERROR,PHPCompatibility.ParameterValues.NewHTMLEntitiesFlagsDefault.NotSet,unverified static candidate,"The default value of the $flags parameter for htmlspecialchars() was changed from ENT_COMPAT to ENT_QUOTES | ENT_SUBSTITUTE | ENT_HTML401 in PHP 8.1. For cross-version compatibility, the $flags parameter should be explicitly set."
infra/general/kArray.class.php,72,13,ERROR,PHPCompatibility.FunctionUse.ArgumentFunctionsReportCurrentValue.Changed,unverified static candidate,"Since PHP 7.0, functions inspecting arguments, like func_get_arg(), no longer report the original value as passed to a parameter, but will instead provide the current value. The parameter ""$arr1"" was changed on line 61."
infra/general/kHtmlPurifier.class.php,42,27,ERROR,PHPCompatibility.ParameterValues.NewHTMLEntitiesFlagsDefault.NotSet,unverified static candidate,"The default value of the $flags parameter for htmlspecialchars_decode() was changed from ENT_COMPAT to ENT_QUOTES | ENT_SUBSTITUTE | ENT_HTML401 in PHP 8.1. For cross-version compatibility, the $flags parameter should be explicitly set."
infra/general/kSoapClient.php,29,3,WARNING,PHPCompatibility.FunctionUse.RemovedFunctions.libxml_disable_entity_loaderDeprecated,unverified static candidate,Function libxml_disable_entity_loader() is deprecated since PHP 8.0
infra/general/kSoapClient.php,33,3,WARNING,PHPCompatibility.FunctionUse.RemovedFunctions.libxml_disable_entity_loaderDeprecated,unverified static candidate,Function libxml_disable_entity_loader() is deprecated since PHP 8.0
infra/general/kString.class.php,143,9,WARNING,PHPCompatibility.FunctionUse.RemovedFunctions.strftimeDeprecated,unverified static candidate,Function strftime() is deprecated since PHP 8.1; Use date() or IntlDateFormatter::format() instead
infra/general/scheduling/DatesGenerator.php,583,11,WARNING,PHPCompatibility.FunctionUse.RemovedFunctions.strftimeDeprecated,unverified static candidate,Function strftime() is deprecated since PHP 8.1; Use date() or IntlDateFormatter::format() instead
infra/media/mediaInfoParser/KAMFMediaInfoParser.php,66,78,WARNING,PHPCompatibility.FunctionUse.RemovedFunctions.utf8_encodeDeprecated,unverified static candidate,"Function utf8_encode() is deprecated since PHP 8.2; Use mb_convert_encoding(), UConverter::transcode() or iconv instead"
infra/media/mediaInfoParser/KFFMpegMediaParser.php,92,65,WARNING,PHPCompatibility.FunctionUse.RemovedFunctions.utf8_encodeDeprecated,unverified static candidate,"Function utf8_encode() is deprecated since PHP 8.2; Use mb_convert_encoding(), UConverter::transcode() or iconv instead"
infra/media/mediaInfoParser/KSyncPointsMediaInfoParser.php,111,44,WARNING,PHPCompatibility.FunctionUse.RemovedFunctions.utf8_encodeDeprecated,unverified static candidate,"Function utf8_encode() is deprecated since PHP 8.2; Use mb_convert_encoding(), UConverter::transcode() or iconv instead"
infra/media/thumbnailMaker/KImageMagickCropper.php,24,26,ERROR,PHPCompatibility.Numbers.RemovedHexadecimalNumericStrings.Found,unverified static candidate,The behaviour of hexadecimal numeric strings was inconsistent prior to PHP 7 and support has been removed in PHP 7. Found: '0xffffff'
plugins/admin_console/kaltura_internal_tools/admin/KalturaInternalToolsFlavorParams.php,101,16,WARNING,PHPCompatibility.FunctionUse.RemovedFunctions.strftimeDeprecated,unverified static candidate,Function strftime() is deprecated since PHP 8.1; Use date() or IntlDateFormatter::format() instead
plugins/admin_console/kaltura_internal_tools/admin/KalturaInternalToolsSystemHelperAction.php,147,10,WARNING,PHPCompatibility.FunctionUse.RemovedFunctions.strftimeDeprecated,unverified static candidate,Function strftime() is deprecated since PHP 8.1; Use date() or IntlDateFormatter::format() instead
plugins/admin_console/log_view/LogViewPlugin.php,1,1,WARNING,Internal.LineEndings.Mixed,unverified static candidate,File has mixed line endings; this may cause incorrect results
plugins/admin_console/log_view/admin/forms/ObjectInvestigateLogForm.php,1,1,WARNING,Internal.LineEndings.Mixed,unverified static candidate,File has mixed line endings; this may cause incorrect results
plugins/audit/lib/model/om/BaseAuditTrail.php,255,11,WARNING,PHPCompatibility.FunctionUse.RemovedFunctions.strftimeDeprecated,unverified static candidate,Function strftime() is deprecated since PHP 8.1; Use date() or IntlDateFormatter::format() instead
plugins/audit/lib/model/om/BaseAuditTrail.php,295,11,WARNING,PHPCompatibility.FunctionUse.RemovedFunctions.strftimeDeprecated,unverified static candidate,Function strftime() is deprecated since PHP 8.1; Use date() or IntlDateFormatter::format() instead
plugins/audit/lib/model/om/BaseAuditTrailData.php,181,11,WARNING,PHPCompatibility.FunctionUse.RemovedFunctions.strftimeDeprecated,unverified static candidate,Function strftime() is deprecated since PHP 8.1; Use date() or IntlDateFormatter::format() instead
plugins/beacon/lib/api/filters/KalturaBeaconEnhanceFilter.php,26,16,WARNING,PHPCompatibility.FunctionUse.RemovedFunctions.utf8_encodeDeprecated,unverified static candidate,"Function utf8_encode() is deprecated since PHP 8.2; Use mb_convert_encoding(), UConverter::transcode() or iconv instead"
plugins/beacon/lib/model/kBeaconSearchQueryManger.php,47,47,WARNING,PHPCompatibility.FunctionDeclarations.RemovedOptionalBeforeRequiredParam.Deprecated80,unverified static candidate,"Declaring an optional parameter before a required parameter is deprecated since PHP 8.0. Parameter $indexType is optional, while parameter $searchObject is required. The $indexType parameter is implicitly treated as a required parameter."
plugins/bulk_upload/drop_folder_xml/plugins/providers/ap_feed/admin/scripts/ap-feed-item-xpath-to-extend.phtml,1,1,WARNING,Internal.NoCodeFound,unverified static candidate,No PHP code was found in this file and short open tags are not allowed by this install of PHP. This file may be using short open tags but PHP does not allow them.
plugins/conf_maps/lib/model/om/BaseConfMaps.php,195,11,WARNING,PHPCompatibility.FunctionUse.RemovedFunctions.strftimeDeprecated,unverified static candidate,Function strftime() is deprecated since PHP 8.1; Use date() or IntlDateFormatter::format() instead
plugins/content/caption/base/batch/ConvertCaptions/KAsyncConvertCaptionAsset.class.php,89,19,ERROR,PHPCompatibility.Operators.ChangedConcatOperatorPrecedence.Found,unverified static candidate,"Using an unparenthesized expression containing a ""."" before a ""+"" or ""-"" has been deprecated in PHP 7.4 and removed in PHP 8.0"
plugins/content/caption/search/lib/model/om/BaseCaptionAssetItem.php,159,11,WARNING,PHPCompatibility.FunctionUse.RemovedFunctions.strftimeDeprecated,unverified static candidate,Function strftime() is deprecated since PHP 8.1; Use date() or IntlDateFormatter::format() instead
plugins/content/external_media/lib/model/ExternalMediaEntry.php,65,31,WARNING,PHPCompatibility.FunctionDeclarations.RemovedOptionalBeforeRequiredParam.Deprecated80,unverified static candidate,"Declaring an optional parameter before a required parameter is deprecated since PHP 8.0. Parameter $copyPartnerId is optional, while parameter $template is required. The $copyPartnerId parameter is implicitly treated as a required parameter."
plugins/content_distribution/admin/scripts/distribution-item-xpath-to-extend.phtml,1,1,WARNING,Internal.NoCodeFound,unverified static candidate,No PHP code was found in this file and short open tags are not allowed by this install of PHP. This file may be using short open tags but PHP does not allow them.
plugins/content_distribution/lib/kContentDistributionManager.php,870,39,ERROR,PHPCompatibility.Numbers.RemovedHexadecimalNumericStrings.Found,unverified static candidate,"The behaviour of hexadecimal numeric strings was inconsistent prior to PHP 7 and support has been removed in PHP 7. Found: ""0x0"""
plugins/content_distribution/lib/kContentDistributionManager.php,898,38,ERROR,PHPCompatibility.Numbers.RemovedHexadecimalNumericStrings.Found,unverified static candidate,"The behaviour of hexadecimal numeric strings was inconsistent prior to PHP 7 and support has been removed in PHP 7. Found: ""0x0"""
plugins/content_distribution/lib/model/EntryDistribution.php,65,11,WARNING,PHPCompatibility.FunctionUse.RemovedFunctions.strftimeDeprecated,unverified static candidate,Function strftime() is deprecated since PHP 8.1; Use date() or IntlDateFormatter::format() instead
plugins/content_distribution/lib/model/om/BaseDistributionProfile.php,231,11,WARNING,PHPCompatibility.FunctionUse.RemovedFunctions.strftimeDeprecated,unverified static candidate,Function strftime() is deprecated since PHP 8.1; Use date() or IntlDateFormatter::format() instead
plugins/content_distribution/lib/model/om/BaseDistributionProfile.php,271,11,WARNING,PHPCompatibility.FunctionUse.RemovedFunctions.strftimeDeprecated,unverified static candidate,Function strftime() is deprecated since PHP 8.1; Use date() or IntlDateFormatter::format() instead
plugins/content_distribution/lib/model/om/BaseEntryDistribution.php,249,11,WARNING,PHPCompatibility.FunctionUse.RemovedFunctions.strftimeDeprecated,unverified static candidate,Function strftime() is deprecated since PHP 8.1; Use date() or IntlDateFormatter::format() instead
plugins/content_distribution/lib/model/om/BaseEntryDistribution.php,289,11,WARNING,PHPCompatibility.FunctionUse.RemovedFunctions.strftimeDeprecated,unverified static candidate,Function strftime() is deprecated since PHP 8.1; Use date() or IntlDateFormatter::format() instead
plugins/content_distribution/lib/model/om/BaseEntryDistribution.php,329,11,WARNING,PHPCompatibility.FunctionUse.RemovedFunctions.strftimeDeprecated,unverified static candidate,Function strftime() is deprecated since PHP 8.1; Use date() or IntlDateFormatter::format() instead
plugins/content_distribution/lib/model/om/BaseEntryDistribution.php,449,11,WARNING,PHPCompatibility.FunctionUse.RemovedFunctions.strftimeDeprecated,unverified static candidate,Function strftime() is deprecated since PHP 8.1; Use date() or IntlDateFormatter::format() instead
plugins/content_distribution/lib/model/om/BaseEntryDistribution.php,489,11,WARNING,PHPCompatibility.FunctionUse.RemovedFunctions.strftimeDeprecated,unverified static candidate,Function strftime() is deprecated since PHP 8.1; Use date() or IntlDateFormatter::format() instead
plugins/content_distribution/lib/model/om/BaseEntryDistribution.php,599,11,WARNING,PHPCompatibility.FunctionUse.RemovedFunctions.strftimeDeprecated,unverified static candidate,Function strftime() is deprecated since PHP 8.1; Use date() or IntlDateFormatter::format() instead
plugins/content_distribution/lib/model/om/BaseGenericDistributionProvider.php,195,11,WARNING,PHPCompatibility.FunctionUse.RemovedFunctions.strftimeDeprecated,unverified static candidate,Function strftime() is deprecated since PHP 8.1; Use date() or IntlDateFormatter::format() instead
plugins/content_distribution/lib/model/om/BaseGenericDistributionProvider.php,235,11,WARNING,PHPCompatibility.FunctionUse.RemovedFunctions.strftimeDeprecated,unverified static candidate,Function strftime() is deprecated since PHP 8.1; Use date() or IntlDateFormatter::format() instead
plugins/content_distribution/lib/model/om/BaseGenericDistributionProviderAction.php,207,11,WARNING,PHPCompatibility.FunctionUse.RemovedFunctions.strftimeDeprecated,unverified static candidate,Function strftime() is deprecated since PHP 8.1; Use date() or IntlDateFormatter::format() instead
plugins/content_distribution/lib/model/om/BaseGenericDistributionProviderAction.php,247,11,WARNING,PHPCompatibility.FunctionUse.RemovedFunctions.strftimeDeprecated,unverified static candidate,Function strftime() is deprecated since PHP 8.1; Use date() or IntlDateFormatter::format() instead
plugins/content_distribution/providers/avn/lib/AvnFeed.php,78,24,ERROR,PHPCompatibility.ParameterValues.NewHTMLEntitiesFlagsDefault.NotSet,unverified static candidate,"The default value of the $flags parameter for htmlentities() was changed from ENT_COMPAT to ENT_QUOTES | ENT_SUBSTITUTE | ENT_HTML401 in PHP 8.1. For cross-version compatibility, the $flags parameter should be explicitly set."
plugins/content_distribution/providers/comcast_mrss/lib/admin/ComcastMrssProfileConfiguration.php,49,22,ERROR,PHPCompatibility.ParameterValues.NewHTMLEntitiesFlagsDefault.NotSet,unverified static candidate,"The default value of the $flags parameter for htmlentities() was changed from ENT_COMPAT to ENT_QUOTES | ENT_SUBSTITUTE | ENT_HTML401 in PHP 8.1. For cross-version compatibility, the $flags parameter should be explicitly set."
plugins/content_distribution/providers/comcast_mrss/lib/admin/ComcastMrssProfileConfiguration.php,50,24,ERROR,PHPCompatibility.ParameterValues.NewHTMLEntitiesFlagsDefault.NotSet,unverified static candidate,"The default value of the $flags parameter for htmlentities() was changed from ENT_COMPAT to ENT_QUOTES | ENT_SUBSTITUTE | ENT_HTML401 in PHP 8.1. For cross-version compatibility, the $flags parameter should be explicitly set."
plugins/content_distribution/providers/comcast_mrss/lib/admin/ComcastMrssProfileConfiguration.php,105,42,ERROR,PHPCompatibility.ParameterValues.NewHTMLEntitiesFlagsDefault.NotSet,unverified static candidate,"The default value of the $flags parameter for htmlentities() was changed from ENT_COMPAT to ENT_QUOTES | ENT_SUBSTITUTE | ENT_HTML401 in PHP 8.1. For cross-version compatibility, the $flags parameter should be explicitly set."
plugins/content_distribution/providers/dailymotion/lib/Dailymotion.php,457,28,ERROR,PHPCompatibility.FunctionUse.RemovedFunctions.get_magic_quotes_gpcDeprecatedRemoved,unverified static candidate,Function get_magic_quotes_gpc() is deprecated since PHP 7.4 and removed since PHP 8.0
plugins/content_distribution/providers/doubleclick/DoubleClickDistributionPlugin.php,200,35,ERROR,PHPCompatibility.ParameterValues.NewHTMLEntitiesFlagsDefault.NotSet,unverified static candidate,"The default value of the $flags parameter for htmlentities() was changed from ENT_COMPAT to ENT_QUOTES | ENT_SUBSTITUTE | ENT_HTML401 in PHP 8.1. For cross-version compatibility, the $flags parameter should be explicitly set."
plugins/content_distribution/providers/doubleclick/DoubleClickDistributionPlugin.php,201,41,ERROR,PHPCompatibility.ParameterValues.NewHTMLEntitiesFlagsDefault.NotSet,unverified static candidate,"The default value of the $flags parameter for htmlentities() was changed from ENT_COMPAT to ENT_QUOTES | ENT_SUBSTITUTE | ENT_HTML401 in PHP 8.1. For cross-version compatibility, the $flags parameter should be explicitly set."
plugins/content_distribution/providers/doubleclick/DoubleClickDistributionPlugin.php,202,34,ERROR,PHPCompatibility.ParameterValues.NewHTMLEntitiesFlagsDefault.NotSet,unverified static candidate,"The default value of the $flags parameter for htmlentities() was changed from ENT_COMPAT to ENT_QUOTES | ENT_SUBSTITUTE | ENT_HTML401 in PHP 8.1. For cross-version compatibility, the $flags parameter should be explicitly set."
plugins/content_distribution/providers/doubleclick/lib/admin/scripts/doubleclick-form.phtml,1,1,WARNING,Internal.NoCodeFound,unverified static candidate,No PHP code was found in this file and short open tags are not allowed by this install of PHP. This file may be using short open tags but PHP does not allow them.
plugins/content_distribution/providers/freewheel/lib/FreewheelDistributionEngine.php,148,15,WARNING,PHPCompatibility.TextStrings.RemovedDollarBraceStringEmbeds.DeprecatedVariableSyntax,unverified static candidate,"Using ${var} in strings is deprecated since PHP 8.2, use {$var} instead. Found: ${random}"
plugins/content_distribution/providers/freewheel/lib/FreewheelDistributionEngine.php,154,16,WARNING,PHPCompatibility.TextStrings.RemovedDollarBraceStringEmbeds.DeprecatedVariableSyntax,unverified static candidate,"Using ${var} in strings is deprecated since PHP 8.2, use {$var} instead. Found: ${boundary}"
plugins/content_distribution/providers/freewheel/lib/FreewheelDistributionEngine.php,154,16,WARNING,PHPCompatibility.TextStrings.RemovedDollarBraceStringEmbeds.DeprecatedVariableSyntax,unverified static candidate,"Using ${var} in strings is deprecated since PHP 8.2, use {$var} instead. Found: ${filename}"
plugins/content_distribution/providers/freewheel_generic/lib/FreewheelGenericDistributionEngine.php,148,15,WARNING,PHPCompatibility.TextStrings.RemovedDollarBraceStringEmbeds.DeprecatedVariableSyntax,unverified static candidate,"Using ${var} in strings is deprecated since PHP 8.2, use {$var} instead. Found: ${random}"
plugins/content_distribution/providers/freewheel_generic/lib/FreewheelGenericDistributionEngine.php,154,15,WARNING,PHPCompatibility.TextStrings.RemovedDollarBraceStringEmbeds.DeprecatedVariableSyntax,unverified static candidate,"Using ${var} in strings is deprecated since PHP 8.2, use {$var} instead. Found: ${boundary}"
plugins/content_distribution/providers/freewheel_generic/lib/FreewheelGenericDistributionEngine.php,154,15,WARNING,PHPCompatibility.TextStrings.RemovedDollarBraceStringEmbeds.DeprecatedVariableSyntax,unverified static candidate,"Using ${var} in strings is deprecated since PHP 8.2, use {$var} instead. Found: ${filename}"
plugins/content_distribution/providers/freewheel_generic/lib/admin/scripts/freewheel-form.phtml,1,1,WARNING,Internal.NoCodeFound,unverified static candidate,No PHP code was found in this file and short open tags are not allowed by this install of PHP. This file may be using short open tags but PHP does not allow them.
plugins/content_distribution/providers/hulu/lib/HuluFeedHelper.php,214,24,ERROR,PHPCompatibility.ParameterValues.NewHTMLEntitiesFlagsDefault.NotSet,unverified static candidate,"The default value of the $flags parameter for htmlspecialchars() was changed from ENT_COMPAT to ENT_QUOTES | ENT_SUBSTITUTE | ENT_HTML401 in PHP 8.1. For cross-version compatibility, the $flags parameter should be explicitly set."
plugins/content_distribution/providers/ndn/lib/NdnFeed.php,83,45,ERROR,PHPCompatibility.ParameterValues.NewHTMLEntitiesFlagsDefault.NotSet,unverified static candidate,"The default value of the $flags parameter for htmlentities() was changed from ENT_COMPAT to ENT_QUOTES | ENT_SUBSTITUTE | ENT_HTML401 in PHP 8.1. For cross-version compatibility, the $flags parameter should be explicitly set."
plugins/content_distribution/providers/ndn/lib/NdnFeed.php,85,24,ERROR,PHPCompatibility.ParameterValues.NewHTMLEntitiesFlagsDefault.NotSet,unverified static candidate,"The default value of the $flags parameter for htmlentities() was changed from ENT_COMPAT to ENT_QUOTES | ENT_SUBSTITUTE | ENT_HTML401 in PHP 8.1. For cross-version compatibility, the $flags parameter should be explicitly set."
plugins/content_distribution/providers/tvcom/lib/TVComFeed.php,89,56,ERROR,PHPCompatibility.ParameterValues.NewHTMLEntitiesFlagsDefault.NotSet,unverified static candidate,"The default value of the $flags parameter for htmlentities() was changed from ENT_COMPAT to ENT_QUOTES | ENT_SUBSTITUTE | ENT_HTML401 in PHP 8.1. For cross-version compatibility, the $flags parameter should be explicitly set."
plugins/content_distribution/providers/uverse/lib/UverseFeed.php,88,45,ERROR,PHPCompatibility.ParameterValues.NewHTMLEntitiesFlagsDefault.NotSet,unverified static candidate,"The default value of the $flags parameter for htmlentities() was changed from ENT_COMPAT to ENT_QUOTES | ENT_SUBSTITUTE | ENT_HTML401 in PHP 8.1. For cross-version compatibility, the $flags parameter should be explicitly set."
plugins/content_distribution/providers/uverse/lib/UverseFeed.php,90,24,ERROR,PHPCompatibility.ParameterValues.NewHTMLEntitiesFlagsDefault.NotSet,unverified static candidate,"The default value of the $flags parameter for htmlentities() was changed from ENT_COMPAT to ENT_QUOTES | ENT_SUBSTITUTE | ENT_HTML401 in PHP 8.1. For cross-version compatibility, the $flags parameter should be explicitly set."
plugins/content_distribution/providers/yahoo/lib/YahooDistributionFeedHelper.php,137,45,ERROR,PHPCompatibility.ParameterValues.NewHTMLEntitiesFlagsDefault.NotSet,unverified static candidate,"The default value of the $flags parameter for htmlentities() was changed from ENT_COMPAT to ENT_QUOTES | ENT_SUBSTITUTE | ENT_HTML401 in PHP 8.1. For cross-version compatibility, the $flags parameter should be explicitly set."
plugins/content_distribution/providers/yahoo/lib/YahooDistributionFeedHelper.php,139,24,ERROR,PHPCompatibility.ParameterValues.NewHTMLEntitiesFlagsDefault.NotSet,unverified static candidate,"The default value of the $flags parameter for htmlentities() was changed from ENT_COMPAT to ENT_QUOTES | ENT_SUBSTITUTE | ENT_HTML401 in PHP 8.1. For cross-version compatibility, the $flags parameter should be explicitly set."
plugins/content_distribution/providers/yahoo/lib/YahooDistributionStatusParser.php,1,1,WARNING,Internal.NoCodeFound,unverified static candidate,No PHP code was found in this file and short open tags are not allowed by this install of PHP. This file may be using short open tags but PHP does not allow them.
plugins/content_distribution/providers/yahoo/lib/kYahooDistributionEventConsumer.php,1,1,WARNING,Internal.NoCodeFound,unverified static candidate,No PHP code was found in this file and short open tags are not allowed by this install of PHP. This file may be using short open tags but PHP does not allow them.
plugins/content_distribution/providers/youtube/lib/feed/YouTubeDistributionCsvFeedHelper.php,69,140,WARNING,PHPCompatibility.FunctionDeclarations.RemovedOptionalBeforeRequiredParam.Deprecated80,unverified static candidate,"Declaring an optional parameter before a required parameter is deprecated since PHP 8.0. Parameter $videoId is optional, while parameter $entryId is required. The $videoId parameter is implicitly treated as a required parameter."
plugins/content_distribution/providers/youtube/lib/feed/YouTubeDistributionCsvFeedHelper.php,88,115,WARNING,PHPCompatibility.FunctionDeclarations.RemovedOptionalBeforeRequiredParam.Deprecated80,unverified static candidate,"Declaring an optional parameter before a required parameter is deprecated since PHP 8.0. Parameter $videoId is optional, while parameter $entryId is required. The $videoId parameter is implicitly treated as a required parameter."
plugins/content_distribution/providers/youtube/lib/feed/YouTubeDistributionCsvFeedHelper.php,88,132,WARNING,PHPCompatibility.FunctionDeclarations.RemovedOptionalBeforeRequiredParam.Deprecated80,unverified static candidate,"Declaring an optional parameter before a required parameter is deprecated since PHP 8.0. Parameter $videoFilePath is optional, while parameter $entryId is required. The $videoFilePath parameter is implicitly treated as a required parameter."
plugins/cue_points/ad_cue_point/AdCuePointPlugin.php,234,34,ERROR,PHPCompatibility.ParameterValues.NewHTMLEntitiesFlagsDefault.NotSet,unverified static candidate,"The default value of the $flags parameter for htmlspecialchars() was changed from ENT_COMPAT to ENT_QUOTES | ENT_SUBSTITUTE | ENT_HTML401 in PHP 8.1. For cross-version compatibility, the $flags parameter should be explicitly set."
plugins/cue_points/ad_cue_point/AdCuePointPlugin.php,258,34,ERROR,PHPCompatibility.ParameterValues.NewHTMLEntitiesFlagsDefault.NotSet,unverified static candidate,"The default value of the $flags parameter for htmlspecialchars() was changed from ENT_COMPAT to ENT_QUOTES | ENT_SUBSTITUTE | ENT_HTML401 in PHP 8.1. For cross-version compatibility, the $flags parameter should be explicitly set."
plugins/cue_points/base/lib/model/om/BaseCuePoint.php,295,11,WARNING,PHPCompatibility.FunctionUse.RemovedFunctions.strftimeDeprecated,unverified static candidate,Function strftime() is deprecated since PHP 8.1; Use date() or IntlDateFormatter::format() instead
plugins/cue_points/base/lib/model/om/BaseCuePoint.php,335,11,WARNING,PHPCompatibility.FunctionUse.RemovedFunctions.strftimeDeprecated,unverified static candidate,Function strftime() is deprecated since PHP 8.1; Use date() or IntlDateFormatter::format() instead
plugins/drm/lib/model/om/BaseDrmKey.php,225,11,WARNING,PHPCompatibility.FunctionUse.RemovedFunctions.strftimeDeprecated,unverified static candidate,Function strftime() is deprecated since PHP 8.1; Use date() or IntlDateFormatter::format() instead
plugins/drm/lib/model/om/BaseDrmKey.php,265,11,WARNING,PHPCompatibility.FunctionUse.RemovedFunctions.strftimeDeprecated,unverified static candidate,Function strftime() is deprecated since PHP 8.1; Use date() or IntlDateFormatter::format() instead
plugins/drm/lib/model/om/BaseDrmPolicy.php,317,11,WARNING,PHPCompatibility.FunctionUse.RemovedFunctions.strftimeDeprecated,unverified static candidate,Function strftime() is deprecated since PHP 8.1; Use date() or IntlDateFormatter::format() instead
plugins/drm/lib/model/om/BaseDrmPolicy.php,357,11,WARNING,PHPCompatibility.FunctionUse.RemovedFunctions.strftimeDeprecated,unverified static candidate,Function strftime() is deprecated since PHP 8.1; Use date() or IntlDateFormatter::format() instead
plugins/drm/lib/model/om/BaseDrmProfile.php,247,11,WARNING,PHPCompatibility.FunctionUse.RemovedFunctions.strftimeDeprecated,unverified static candidate,Function strftime() is deprecated since PHP 8.1; Use date() or IntlDateFormatter::format() instead
plugins/drm/lib/model/om/BaseDrmProfile.php,287,11,WARNING,PHPCompatibility.FunctionUse.RemovedFunctions.strftimeDeprecated,unverified static candidate,Function strftime() is deprecated since PHP 8.1; Use date() or IntlDateFormatter::format() instead
plugins/drm/providers/widevine/batch/KWidevineBatchHelper.php,89,26,WARNING,PHPCompatibility.FunctionDeclarations.RemovedOptionalBeforeRequiredParam.Deprecated80,unverified static candidate,"Declaring an optional parameter before a required parameter is deprecated since PHP 8.0. Parameter $assetName is optional, while parameter $iv is required. The $assetName parameter is implicitly treated as a required parameter."
plugins/drm/providers/widevine/batch/KWidevineBatchHelper.php,89,45,WARNING,PHPCompatibility.FunctionDeclarations.RemovedOptionalBeforeRequiredParam.Deprecated80,unverified static candidate,"Declaring an optional parameter before a required parameter is deprecated since PHP 8.0. Parameter $assetId is optional, while parameter $iv is required. The $assetId parameter is implicitly treated as a required parameter."
plugins/drm/providers/widevine/batch/KWidevineBatchHelper.php,89,62,WARNING,PHPCompatibility.FunctionDeclarations.RemovedOptionalBeforeRequiredParam.Deprecated80,unverified static candidate,"Declaring an optional parameter before a required parameter is deprecated since PHP 8.0. Parameter $portal is optional, while parameter $iv is required. The $portal parameter is implicitly treated as a required parameter."
plugins/drm/providers/widevine/batch/KWidevineBatchHelper.php,90,8,WARNING,PHPCompatibility.FunctionDeclarations.RemovedOptionalBeforeRequiredParam.Deprecated80,unverified static candidate,"Declaring an optional parameter before a required parameter is deprecated since PHP 8.0. Parameter $policy is optional, while parameter $iv is required. The $policy parameter is implicitly treated as a required parameter."
plugins/drm/providers/widevine/batch/KWidevineBatchHelper.php,90,24,WARNING,PHPCompatibility.FunctionDeclarations.RemovedOptionalBeforeRequiredParam.Deprecated80,unverified static candidate,"Declaring an optional parameter before a required parameter is deprecated since PHP 8.0. Parameter $licenseStartDate is optional, while parameter $iv is required. The $licenseStartDate parameter is implicitly treated as a required parameter."
plugins/drm/providers/widevine/batch/KWidevineBatchHelper.php,90,50,WARNING,PHPCompatibility.FunctionDeclarations.RemovedOptionalBeforeRequiredParam.Deprecated80,unverified static candidate,"Declaring an optional parameter before a required parameter is deprecated since PHP 8.0. Parameter $licenseEndDate is optional, while parameter $iv is required. The $licenseEndDate parameter is implicitly treated as a required parameter."
plugins/drop_folder/batch/Engine/KDropFolderFileTransferEngine.php,536,110,WARNING,PHPCompatibility.FunctionDeclarations.RemovedOptionalBeforeRequiredParam.Deprecated80,unverified static candidate,"Declaring an optional parameter before a required parameter is deprecated since PHP 8.0. Parameter $matchedEntry is optional, while parameter $dropFolder is required. The $matchedEntry parameter is implicitly treated as a required parameter."
plugins/drop_folder/lib/model/om/BaseDropFolder.php,375,11,WARNING,PHPCompatibility.FunctionUse.RemovedFunctions.strftimeDeprecated,unverified static candidate,Function strftime() is deprecated since PHP 8.1; Use date() or IntlDateFormatter::format() instead
plugins/drop_folder/lib/model/om/BaseDropFolder.php,415,11,WARNING,PHPCompatibility.FunctionUse.RemovedFunctions.strftimeDeprecated,unverified static candidate,Function strftime() is deprecated since PHP 8.1; Use date() or IntlDateFormatter::format() instead
plugins/drop_folder/lib/model/om/BaseDropFolderFile.php,309,11,WARNING,PHPCompatibility.FunctionUse.RemovedFunctions.strftimeDeprecated,unverified static candidate,Function strftime() is deprecated since PHP 8.1; Use date() or IntlDateFormatter::format() instead
plugins/drop_folder/lib/model/om/BaseDropFolderFile.php,429,11,WARNING,PHPCompatibility.FunctionUse.RemovedFunctions.strftimeDeprecated,unverified static candidate,Function strftime() is deprecated since PHP 8.1; Use date() or IntlDateFormatter::format() instead
plugins/drop_folder/lib/model/om/BaseDropFolderFile.php,469,11,WARNING,PHPCompatibility.FunctionUse.RemovedFunctions.strftimeDeprecated,unverified static candidate,Function strftime() is deprecated since PHP 8.1; Use date() or IntlDateFormatter::format() instead
plugins/drop_folder/lib/model/om/BaseDropFolderFile.php,509,11,WARNING,PHPCompatibility.FunctionUse.RemovedFunctions.strftimeDeprecated,unverified static candidate,Function strftime() is deprecated since PHP 8.1; Use date() or IntlDateFormatter::format() instead
plugins/drop_folder/lib/model/om/BaseDropFolderFile.php,549,11,WARNING,PHPCompatibility.FunctionUse.RemovedFunctions.strftimeDeprecated,unverified static candidate,Function strftime() is deprecated since PHP 8.1; Use date() or IntlDateFormatter::format() instead
plugins/drop_folder/lib/model/om/BaseDropFolderFile.php,589,11,WARNING,PHPCompatibility.FunctionUse.RemovedFunctions.strftimeDeprecated,unverified static candidate,Function strftime() is deprecated since PHP 8.1; Use date() or IntlDateFormatter::format() instead
plugins/drop_folder/lib/model/om/BaseDropFolderFile.php,629,11,WARNING,PHPCompatibility.FunctionUse.RemovedFunctions.strftimeDeprecated,unverified static candidate,Function strftime() is deprecated since PHP 8.1; Use date() or IntlDateFormatter::format() instead
plugins/event_notification/lib/model/EventNotificationTemplatePeer.php,149,86,WARNING,PHPCompatibility.FunctionDeclarations.RemovedOptionalBeforeRequiredParam.Deprecated80,unverified static candidate,"Declaring an optional parameter before a required parameter is deprecated since PHP 8.0. Parameter $partnerId is optional, while parameter $pks is required. The $partnerId parameter is implicitly treated as a required parameter."
plugins/event_notification/lib/model/om/BaseEventNotificationTemplate.php,243,11,WARNING,PHPCompatibility.FunctionUse.RemovedFunctions.strftimeDeprecated,unverified static candidate,Function strftime() is deprecated since PHP 8.1; Use date() or IntlDateFormatter::format() instead
plugins/event_notification/lib/model/om/BaseEventNotificationTemplate.php,283,11,WARNING,PHPCompatibility.FunctionUse.RemovedFunctions.strftimeDeprecated,unverified static candidate,Function strftime() is deprecated since PHP 8.1; Use date() or IntlDateFormatter::format() instead
plugins/event_notification/providers/bpm/lib/model/om/BaseBusinessProcessCase.php,187,11,WARNING,PHPCompatibility.FunctionUse.RemovedFunctions.strftimeDeprecated,unverified static candidate,Function strftime() is deprecated since PHP 8.1; Use date() or IntlDateFormatter::format() instead
plugins/event_notification/providers/bpm/lib/model/om/BaseBusinessProcessCase.php,227,11,WARNING,PHPCompatibility.FunctionUse.RemovedFunctions.strftimeDeprecated,unverified static candidate,Function strftime() is deprecated since PHP 8.1; Use date() or IntlDateFormatter::format() instead
plugins/event_notification/providers/bpm/lib/model/om/BaseBusinessProcessServer.php,177,11,WARNING,PHPCompatibility.FunctionUse.RemovedFunctions.strftimeDeprecated,unverified static candidate,Function strftime() is deprecated since PHP 8.1; Use date() or IntlDateFormatter::format() instead
plugins/event_notification/providers/bpm/lib/model/om/BaseBusinessProcessServer.php,217,11,WARNING,PHPCompatibility.FunctionUse.RemovedFunctions.strftimeDeprecated,unverified static candidate,Function strftime() is deprecated since PHP 8.1; Use date() or IntlDateFormatter::format() instead
plugins/integration/providers/cielo24/lib/api/KalturaCielo24JobProviderData.php,1,1,WARNING,Internal.LineEndings.Mixed,unverified static candidate,File has mixed line endings; this may cause incorrect results
plugins/metadata/lib/model/om/BaseMetadata.php,171,11,WARNING,PHPCompatibility.FunctionUse.RemovedFunctions.strftimeDeprecated,unverified static candidate,Function strftime() is deprecated since PHP 8.1; Use date() or IntlDateFormatter::format() instead
plugins/metadata/lib/model/om/BaseMetadata.php,211,11,WARNING,PHPCompatibility.FunctionUse.RemovedFunctions.strftimeDeprecated,unverified static candidate,Function strftime() is deprecated since PHP 8.1; Use date() or IntlDateFormatter::format() instead
plugins/metadata/lib/model/om/BaseMetadataProfile.php,195,11,WARNING,PHPCompatibility.FunctionUse.RemovedFunctions.strftimeDeprecated,unverified static candidate,Function strftime() is deprecated since PHP 8.1; Use date() or IntlDateFormatter::format() instead
plugins/metadata/lib/model/om/BaseMetadataProfile.php,235,11,WARNING,PHPCompatibility.FunctionUse.RemovedFunctions.strftimeDeprecated,unverified static candidate,Function strftime() is deprecated since PHP 8.1; Use date() or IntlDateFormatter::format() instead
plugins/metadata/lib/model/om/BaseMetadataProfileField.php,189,11,WARNING,PHPCompatibility.FunctionUse.RemovedFunctions.strftimeDeprecated,unverified static candidate,Function strftime() is deprecated since PHP 8.1; Use date() or IntlDateFormatter::format() instead
plugins/metadata/lib/model/om/BaseMetadataProfileField.php,229,11,WARNING,PHPCompatibility.FunctionUse.RemovedFunctions.strftimeDeprecated,unverified static candidate,Function strftime() is deprecated since PHP 8.1; Use date() or IntlDateFormatter::format() instead
plugins/metadata/services/MetadataProfileService.php,51,14,ERROR,PHPCompatibility.ParameterValues.NewHTMLEntitiesFlagsDefault.NotSet,unverified static candidate,"The default value of the $flags parameter for html_entity_decode() was changed from ENT_COMPAT to ENT_QUOTES | ENT_SUBSTITUTE | ENT_HTML401 in PHP 8.1. For cross-version compatibility, the $flags parameter should be explicitly set."
plugins/metadata/services/MetadataProfileService.php,53,17,ERROR,PHPCompatibility.ParameterValues.NewHTMLEntitiesFlagsDefault.NotSet,unverified static candidate,"The default value of the $flags parameter for html_entity_decode() was changed from ENT_COMPAT to ENT_QUOTES | ENT_SUBSTITUTE | ENT_HTML401 in PHP 8.1. For cross-version compatibility, the $flags parameter should be explicitly set."
plugins/metadata/services/MetadataProfileService.php,179,15,ERROR,PHPCompatibility.ParameterValues.NewHTMLEntitiesFlagsDefault.NotSet,unverified static candidate,"The default value of the $flags parameter for html_entity_decode() was changed from ENT_COMPAT to ENT_QUOTES | ENT_SUBSTITUTE | ENT_HTML401 in PHP 8.1. For cross-version compatibility, the $flags parameter should be explicitly set."
plugins/metadata/services/MetadataProfileService.php,185,17,ERROR,PHPCompatibility.ParameterValues.NewHTMLEntitiesFlagsDefault.NotSet,unverified static candidate,"The default value of the $flags parameter for html_entity_decode() was changed from ENT_COMPAT to ENT_QUOTES | ENT_SUBSTITUTE | ENT_HTML401 in PHP 8.1. For cross-version compatibility, the $flags parameter should be explicitly set."
plugins/queue/providers/rabbit_mq/lib/PhpAmqpLib/Connection/AMQPStreamConnection.php,52,35,WARNING,PHPCompatibility.FunctionUse.ArgumentFunctionsReportCurrentValue.NeedsInspection,unverified static candidate,"Since PHP 7.0, functions inspecting arguments, like func_get_args(), no longer report the original value as passed to a parameter, but will instead provide the current value. The parameter ""$channel_rpc_timeout"" was used, and possibly changed (by reference), on line 42."
plugins/queue/providers/rabbit_mq/lib/PhpAmqpLib/Connection/AbstractConnection.php,151,9,WARNING,PHPCompatibility.FunctionDeclarations.RemovedOptionalBeforeRequiredParam.Deprecated80,unverified static candidate,"Declaring an optional parameter before a required parameter is deprecated since PHP 8.0. Parameter $vhost is optional, while parameter $io is required. The $vhost parameter is implicitly treated as a required parameter."
plugins/queue/providers/rabbit_mq/lib/PhpAmqpLib/Connection/AbstractConnection.php,152,9,WARNING,PHPCompatibility.FunctionDeclarations.RemovedOptionalBeforeRequiredParam.Deprecated80,unverified static candidate,"Declaring an optional parameter before a required parameter is deprecated since PHP 8.0. Parameter $insist is optional, while parameter $io is required. The $insist parameter is implicitly treated as a required parameter."
plugins/queue/providers/rabbit_mq/lib/PhpAmqpLib/Connection/AbstractConnection.php,153,9,WARNING,PHPCompatibility.FunctionDeclarations.RemovedOptionalBeforeRequiredParam.Deprecated80,unverified static candidate,"Declaring an optional parameter before a required parameter is deprecated since PHP 8.0. Parameter $login_method is optional, while parameter $io is required. The $login_method parameter is implicitly treated as a required parameter."
plugins/queue/providers/rabbit_mq/lib/PhpAmqpLib/Connection/AbstractConnection.php,154,9,WARNING,PHPCompatibility.FunctionDeclarations.RemovedOptionalBeforeRequiredParam.Deprecated80,unverified static candidate,"Declaring an optional parameter before a required parameter is deprecated since PHP 8.0. Parameter $login_response is optional, while parameter $io is required. The $login_response parameter is implicitly treated as a required parameter."
plugins/queue/providers/rabbit_mq/lib/PhpAmqpLib/Connection/AbstractConnection.php,155,9,WARNING,PHPCompatibility.FunctionDeclarations.RemovedOptionalBeforeRequiredParam.Deprecated80,unverified static candidate,"Declaring an optional parameter before a required parameter is deprecated since PHP 8.0. Parameter $locale is optional, while parameter $io is required. The $locale parameter is implicitly treated as a required parameter."
plugins/queue/providers/rabbit_mq/lib/PhpAmqpLib/Helper/MiscHelper.php,86,41,ERROR,PHPCompatibility.ParameterValues.NewHTMLEntitiesFlagsDefault.NotSet,unverified static candidate,"The default value of the $flags parameter for htmlentities() was changed from ENT_COMPAT to ENT_QUOTES | ENT_SUBSTITUTE | ENT_HTML401 in PHP 8.1. For cross-version compatibility, the $flags parameter should be explicitly set."
plugins/queue/providers/rabbit_mq/lib/PhpAmqpLib/Helper/Protocol/Protocol080.php,16,37,WARNING,PHPCompatibility.FunctionDeclarations.RemovedOptionalBeforeRequiredParam.Deprecated80,unverified static candidate,"Declaring an optional parameter before a required parameter is deprecated since PHP 8.0. Parameter $version_major is optional, while parameter $server_properties is required. The $version_major parameter is implicitly treated as a required parameter."
plugins/queue/providers/rabbit_mq/lib/PhpAmqpLib/Helper/Protocol/Protocol080.php,16,57,WARNING,PHPCompatibility.FunctionDeclarations.RemovedOptionalBeforeRequiredParam.Deprecated80,unverified static candidate,"Declaring an optional parameter before a required parameter is deprecated since PHP 8.0. Parameter $version_minor is optional, while parameter $server_properties is required. The $version_minor parameter is implicitly treated as a required parameter."
plugins/queue/providers/rabbit_mq/lib/PhpAmqpLib/Helper/Protocol/Protocol080.php,142,50,WARNING,PHPCompatibility.FunctionDeclarations.RemovedOptionalBeforeRequiredParam.Deprecated80,unverified static candidate,"Declaring an optional parameter before a required parameter is deprecated since PHP 8.0. Parameter $reply_text is optional, while parameter $class_id is required. The $reply_text parameter is implicitly treated as a required parameter."
plugins/queue/providers/rabbit_mq/lib/PhpAmqpLib/Helper/Protocol/Protocol080.php,232,47,WARNING,PHPCompatibility.FunctionDeclarations.RemovedOptionalBeforeRequiredParam.Deprecated80,unverified static candidate,"Declaring an optional parameter before a required parameter is deprecated since PHP 8.0. Parameter $reply_text is optional, while parameter $class_id is required. The $reply_text parameter is implicitly treated as a required parameter."
plugins/queue/providers/rabbit_mq/lib/PhpAmqpLib/Helper/Protocol/Protocol080.php,285,37,WARNING,PHPCompatibility.FunctionDeclarations.RemovedOptionalBeforeRequiredParam.Deprecated80,unverified static candidate,"Declaring an optional parameter before a required parameter is deprecated since PHP 8.0. Parameter $ticket is optional, while parameter $exchange is required. The $ticket parameter is implicitly treated as a required parameter."
plugins/queue/providers/rabbit_mq/lib/PhpAmqpLib/Helper/Protocol/Protocol080.php,313,36,WARNING,PHPCompatibility.FunctionDeclarations.RemovedOptionalBeforeRequiredParam.Deprecated80,unverified static candidate,"Declaring an optional parameter before a required parameter is deprecated since PHP 8.0. Parameter $ticket is optional, while parameter $exchange is required. The $ticket parameter is implicitly treated as a required parameter."
plugins/queue/providers/rabbit_mq/lib/PhpAmqpLib/Helper/Protocol/Protocol080.php,369,31,WARNING,PHPCompatibility.FunctionDeclarations.RemovedOptionalBeforeRequiredParam.Deprecated80,unverified static candidate,"Declaring an optional parameter before a required parameter is deprecated since PHP 8.0. Parameter $ticket is optional, while parameter $exchange is required. The $ticket parameter is implicitly treated as a required parameter."
plugins/queue/providers/rabbit_mq/lib/PhpAmqpLib/Helper/Protocol/Protocol080.php,369,44,WARNING,PHPCompatibility.FunctionDeclarations.RemovedOptionalBeforeRequiredParam.Deprecated80,unverified static candidate,"Declaring an optional parameter before a required parameter is deprecated since PHP 8.0. Parameter $queue is optional, while parameter $exchange is required. The $queue parameter is implicitly treated as a required parameter."
plugins/queue/providers/rabbit_mq/lib/PhpAmqpLib/Helper/Protocol/Protocol080.php,452,33,WARNING,PHPCompatibility.FunctionDeclarations.RemovedOptionalBeforeRequiredParam.Deprecated80,unverified static candidate,"Declaring an optional parameter before a required parameter is deprecated since PHP 8.0. Parameter $ticket is optional, while parameter $exchange is required. The $ticket parameter is implicitly treated as a required parameter."
plugins/queue/providers/rabbit_mq/lib/PhpAmqpLib/Helper/Protocol/Protocol080.php,452,46,WARNING,PHPCompatibility.FunctionDeclarations.RemovedOptionalBeforeRequiredParam.Deprecated80,unverified static candidate,"Declaring an optional parameter before a required parameter is deprecated since PHP 8.0. Parameter $queue is optional, while parameter $exchange is required. The $queue parameter is implicitly treated as a required parameter."
plugins/queue/providers/rabbit_mq/lib/PhpAmqpLib/Helper/Protocol/Protocol080.php,575,46,WARNING,PHPCompatibility.FunctionDeclarations.RemovedOptionalBeforeRequiredParam.Deprecated80,unverified static candidate,"Declaring an optional parameter before a required parameter is deprecated since PHP 8.0. Parameter $reply_text is optional, while parameter $exchange is required. The $reply_text parameter is implicitly treated as a required parameter."
plugins/queue/providers/rabbit_mq/lib/PhpAmqpLib/Helper/Protocol/Protocol080.php,590,64,WARNING,PHPCompatibility.FunctionDeclarations.RemovedOptionalBeforeRequiredParam.Deprecated80,unverified static candidate,"Declaring an optional parameter before a required parameter is deprecated since PHP 8.0. Parameter $redelivered is optional, while parameter $exchange is required. The $redelivered parameter is implicitly treated as a required parameter."
plugins/queue/providers/rabbit_mq/lib/PhpAmqpLib/Helper/Protocol/Protocol080.php,829,33,WARNING,PHPCompatibility.FunctionDeclarations.RemovedOptionalBeforeRequiredParam.Deprecated80,unverified static candidate,"Declaring an optional parameter before a required parameter is deprecated since PHP 8.0. Parameter $ticket is optional, while parameter $identifier is required. The $ticket parameter is implicitly treated as a required parameter."
plugins/queue/providers/rabbit_mq/lib/PhpAmqpLib/Helper/Protocol/Protocol080.php,829,46,WARNING,PHPCompatibility.FunctionDeclarations.RemovedOptionalBeforeRequiredParam.Deprecated80,unverified static candidate,"Declaring an optional parameter before a required parameter is deprecated since PHP 8.0. Parameter $exchange is optional, while parameter $identifier is required. The $exchange parameter is implicitly treated as a required parameter."
plugins/queue/providers/rabbit_mq/lib/PhpAmqpLib/Helper/Protocol/Protocol080.php,829,62,WARNING,PHPCompatibility.FunctionDeclarations.RemovedOptionalBeforeRequiredParam.Deprecated80,unverified static candidate,"Declaring an optional parameter before a required parameter is deprecated since PHP 8.0. Parameter $routing_key is optional, while parameter $identifier is required. The $routing_key parameter is implicitly treated as a required parameter."
plugins/queue/providers/rabbit_mq/lib/PhpAmqpLib/Helper/Protocol/Protocol080.php,829,81,WARNING,PHPCompatibility.FunctionDeclarations.RemovedOptionalBeforeRequiredParam.Deprecated80,unverified static candidate,"Declaring an optional parameter before a required parameter is deprecated since PHP 8.0. Parameter $mandatory is optional, while parameter $identifier is required. The $mandatory parameter is implicitly treated as a required parameter."
plugins/queue/providers/rabbit_mq/lib/PhpAmqpLib/Helper/Protocol/Protocol080.php,829,101,WARNING,PHPCompatibility.FunctionDeclarations.RemovedOptionalBeforeRequiredParam.Deprecated80,unverified static candidate,"Declaring an optional parameter before a required parameter is deprecated since PHP 8.0. Parameter $immediate is optional, while parameter $identifier is required. The $immediate parameter is implicitly treated as a required parameter."
plugins/queue/providers/rabbit_mq/lib/PhpAmqpLib/Helper/Protocol/Protocol080.php,845,32,WARNING,PHPCompatibility.FunctionDeclarations.RemovedOptionalBeforeRequiredParam.Deprecated80,unverified static candidate,"Declaring an optional parameter before a required parameter is deprecated since PHP 8.0. Parameter $reply_code is optional, while parameter $exchange is required. The $reply_code parameter is implicitly treated as a required parameter."
plugins/queue/providers/rabbit_mq/lib/PhpAmqpLib/Helper/Protocol/Protocol080.php,845,51,WARNING,PHPCompatibility.FunctionDeclarations.RemovedOptionalBeforeRequiredParam.Deprecated80,unverified static candidate,"Declaring an optional parameter before a required parameter is deprecated since PHP 8.0. Parameter $reply_text is optional, while parameter $exchange is required. The $reply_text parameter is implicitly treated as a required parameter."
plugins/queue/providers/rabbit_mq/lib/PhpAmqpLib/Helper/Protocol/Protocol080.php,860,63,WARNING,PHPCompatibility.FunctionDeclarations.RemovedOptionalBeforeRequiredParam.Deprecated80,unverified static candidate,"Declaring an optional parameter before a required parameter is deprecated since PHP 8.0. Parameter $redelivered is optional, while parameter $exchange is required. The $redelivered parameter is implicitly treated as a required parameter."
plugins/queue/providers/rabbit_mq/lib/PhpAmqpLib/Helper/Protocol/Protocol080.php,999,34,WARNING,PHPCompatibility.FunctionDeclarations.RemovedOptionalBeforeRequiredParam.Deprecated80,unverified static candidate,"Declaring an optional parameter before a required parameter is deprecated since PHP 8.0. Parameter $reply_code is optional, while parameter $exchange is required. The $reply_code parameter is implicitly treated as a required parameter."
plugins/queue/providers/rabbit_mq/lib/PhpAmqpLib/Helper/Protocol/Protocol080.php,999,53,WARNING,PHPCompatibility.FunctionDeclarations.RemovedOptionalBeforeRequiredParam.Deprecated80,unverified static candidate,"Declaring an optional parameter before a required parameter is deprecated since PHP 8.0. Parameter $reply_text is optional, while parameter $exchange is required. The $reply_text parameter is implicitly treated as a required parameter."
plugins/queue/providers/rabbit_mq/lib/PhpAmqpLib/Helper/Protocol/Protocol091.php,16,37,WARNING,PHPCompatibility.FunctionDeclarations.RemovedOptionalBeforeRequiredParam.Deprecated80,unverified static candidate,"Declaring an optional parameter before a required parameter is deprecated since PHP 8.0. Parameter $version_major is optional, while parameter $server_properties is required. The $version_major parameter is implicitly treated as a required parameter."
plugins/queue/providers/rabbit_mq/lib/PhpAmqpLib/Helper/Protocol/Protocol091.php,16,57,WARNING,PHPCompatibility.FunctionDeclarations.RemovedOptionalBeforeRequiredParam.Deprecated80,unverified static candidate,"Declaring an optional parameter before a required parameter is deprecated since PHP 8.0. Parameter $version_minor is optional, while parameter $server_properties is required. The $version_minor parameter is implicitly treated as a required parameter."
plugins/queue/providers/rabbit_mq/lib/PhpAmqpLib/Helper/Protocol/Protocol091.php,129,50,WARNING,PHPCompatibility.FunctionDeclarations.RemovedOptionalBeforeRequiredParam.Deprecated80,unverified static candidate,"Declaring an optional parameter before a required parameter is deprecated since PHP 8.0. Parameter $reply_text is optional, while parameter $class_id is required. The $reply_text parameter is implicitly treated as a required parameter."
plugins/queue/providers/rabbit_mq/lib/PhpAmqpLib/Helper/Protocol/Protocol091.php,230,47,WARNING,PHPCompatibility.FunctionDeclarations.RemovedOptionalBeforeRequiredParam.Deprecated80,unverified static candidate,"Declaring an optional parameter before a required parameter is deprecated since PHP 8.0. Parameter $reply_text is optional, while parameter $class_id is required. The $reply_text parameter is implicitly treated as a required parameter."
plugins/queue/providers/rabbit_mq/lib/PhpAmqpLib/Helper/Protocol/Protocol091.php,283,37,WARNING,PHPCompatibility.FunctionDeclarations.RemovedOptionalBeforeRequiredParam.Deprecated80,unverified static candidate,"Declaring an optional parameter before a required parameter is deprecated since PHP 8.0. Parameter $ticket is optional, while parameter $exchange is required. The $ticket parameter is implicitly treated as a required parameter."
plugins/queue/providers/rabbit_mq/lib/PhpAmqpLib/Helper/Protocol/Protocol091.php,311,36,WARNING,PHPCompatibility.FunctionDeclarations.RemovedOptionalBeforeRequiredParam.Deprecated80,unverified static candidate,"Declaring an optional parameter before a required parameter is deprecated since PHP 8.0. Parameter $ticket is optional, while parameter $exchange is required. The $ticket parameter is implicitly treated as a required parameter."
plugins/queue/providers/rabbit_mq/lib/PhpAmqpLib/Helper/Protocol/Protocol091.php,337,34,WARNING,PHPCompatibility.FunctionDeclarations.RemovedOptionalBeforeRequiredParam.Deprecated80,unverified static candidate,"Declaring an optional parameter before a required parameter is deprecated since PHP 8.0. Parameter $ticket is optional, while parameter $destination is required. The $ticket parameter is implicitly treated as a required parameter."
plugins/queue/providers/rabbit_mq/lib/PhpAmqpLib/Helper/Protocol/Protocol091.php,366,36,WARNING,PHPCompatibility.FunctionDeclarations.RemovedOptionalBeforeRequiredParam.Deprecated80,unverified static candidate,"Declaring an optional parameter before a required parameter is deprecated since PHP 8.0. Parameter $ticket is optional, while parameter $destination is required. The $ticket parameter is implicitly treated as a required parameter."
plugins/queue/providers/rabbit_mq/lib/PhpAmqpLib/Helper/Protocol/Protocol091.php,425,31,WARNING,PHPCompatibility.FunctionDeclarations.RemovedOptionalBeforeRequiredParam.Deprecated80,unverified static candidate,"Declaring an optional parameter before a required parameter is deprecated since PHP 8.0. Parameter $ticket is optional, while parameter $exchange is required. The $ticket parameter is implicitly treated as a required parameter."
plugins/queue/providers/rabbit_mq/lib/PhpAmqpLib/Helper/Protocol/Protocol091.php,425,44,WARNING,PHPCompatibility.FunctionDeclarations.RemovedOptionalBeforeRequiredParam.Deprecated80,unverified static candidate,"Declaring an optional parameter before a required parameter is deprecated since PHP 8.0. Parameter $queue is optional, while parameter $exchange is required. The $queue parameter is implicitly treated as a required parameter."
plugins/queue/providers/rabbit_mq/lib/PhpAmqpLib/Helper/Protocol/Protocol091.php,508,33,WARNING,PHPCompatibility.FunctionDeclarations.RemovedOptionalBeforeRequiredParam.Deprecated80,unverified static candidate,"Declaring an optional parameter before a required parameter is deprecated since PHP 8.0. Parameter $ticket is optional, while parameter $exchange is required. The $ticket parameter is implicitly treated as a required parameter."
plugins/queue/providers/rabbit_mq/lib/PhpAmqpLib/Helper/Protocol/Protocol091.php,508,46,WARNING,PHPCompatibility.FunctionDeclarations.RemovedOptionalBeforeRequiredParam.Deprecated80,unverified static candidate,"Declaring an optional parameter before a required parameter is deprecated since PHP 8.0. Parameter $queue is optional, while parameter $exchange is required. The $queue parameter is implicitly treated as a required parameter."
plugins/queue/providers/rabbit_mq/lib/PhpAmqpLib/Helper/Protocol/Protocol091.php,632,46,WARNING,PHPCompatibility.FunctionDeclarations.RemovedOptionalBeforeRequiredParam.Deprecated80,unverified static candidate,"Declaring an optional parameter before a required parameter is deprecated since PHP 8.0. Parameter $reply_text is optional, while parameter $exchange is required. The $reply_text parameter is implicitly treated as a required parameter."
plugins/queue/providers/rabbit_mq/lib/PhpAmqpLib/Helper/Protocol/Protocol091.php,647,64,WARNING,PHPCompatibility.FunctionDeclarations.RemovedOptionalBeforeRequiredParam.Deprecated80,unverified static candidate,"Declaring an optional parameter before a required parameter is deprecated since PHP 8.0. Parameter $redelivered is optional, while parameter $exchange is required. The $redelivered parameter is implicitly treated as a required parameter."
plugins/reach/lib/model/EntryVendorTaskPeer.php,97,64,WARNING,PHPCompatibility.FunctionDeclarations.RemovedOptionalBeforeRequiredParam.Deprecated80,unverified static candidate,"Declaring an optional parameter before a required parameter is deprecated since PHP 8.0. Parameter $partnerId is optional, while parameter $statuses is required. The $partnerId parameter is implicitly treated as a required parameter."
plugins/reach/lib/model/ReachProfile.php,125,14,WARNING,PHPCompatibility.FunctionUse.RemovedFunctions.utf8_encodeDeprecated,unverified static candidate,"Function utf8_encode() is deprecated since PHP 8.2; Use mb_convert_encoding(), UConverter::transcode() or iconv instead"
plugins/reach/lib/model/ReachProfile.php,150,14,WARNING,PHPCompatibility.FunctionUse.RemovedFunctions.utf8_encodeDeprecated,unverified static candidate,"Function utf8_encode() is deprecated since PHP 8.2; Use mb_convert_encoding(), UConverter::transcode() or iconv instead"
plugins/reach/lib/model/om/BaseEntryVendorTask.php,207,11,WARNING,PHPCompatibility.FunctionUse.RemovedFunctions.strftimeDeprecated,unverified static candidate,Function strftime() is deprecated since PHP 8.1; Use date() or IntlDateFormatter::format() instead
plugins/reach/lib/model/om/BaseEntryVendorTask.php,247,11,WARNING,PHPCompatibility.FunctionUse.RemovedFunctions.strftimeDeprecated,unverified static candidate,Function strftime() is deprecated since PHP 8.1; Use date() or IntlDateFormatter::format() instead
plugins/reach/lib/model/om/BaseEntryVendorTask.php,287,11,WARNING,PHPCompatibility.FunctionUse.RemovedFunctions.strftimeDeprecated,unverified static candidate,Function strftime() is deprecated since PHP 8.1; Use date() or IntlDateFormatter::format() instead
plugins/reach/lib/model/om/BaseEntryVendorTask.php,327,11,WARNING,PHPCompatibility.FunctionUse.RemovedFunctions.strftimeDeprecated,unverified static candidate,Function strftime() is deprecated since PHP 8.1; Use date() or IntlDateFormatter::format() instead
plugins/reach/lib/model/om/BasePartnerCatalogItem.php,153,11,WARNING,PHPCompatibility.FunctionUse.RemovedFunctions.strftimeDeprecated,unverified static candidate,Function strftime() is deprecated since PHP 8.1; Use date() or IntlDateFormatter::format() instead
plugins/reach/lib/model/om/BasePartnerCatalogItem.php,193,11,WARNING,PHPCompatibility.FunctionUse.RemovedFunctions.strftimeDeprecated,unverified static candidate,Function strftime() is deprecated since PHP 8.1; Use date() or IntlDateFormatter::format() instead
plugins/reach/lib/model/om/BaseReachProfile.php,209,11,WARNING,PHPCompatibility.FunctionUse.RemovedFunctions.strftimeDeprecated,unverified static candidate,Function strftime() is deprecated since PHP 8.1; Use date() or IntlDateFormatter::format() instead
plugins/reach/lib/model/om/BaseReachProfile.php,249,11,WARNING,PHPCompatibility.FunctionUse.RemovedFunctions.strftimeDeprecated,unverified static candidate,Function strftime() is deprecated since PHP 8.1; Use date() or IntlDateFormatter::format() instead
plugins/reach/lib/model/om/BaseVendorCatalogItem.php,215,11,WARNING,PHPCompatibility.FunctionUse.RemovedFunctions.strftimeDeprecated,unverified static candidate,Function strftime() is deprecated since PHP 8.1; Use date() or IntlDateFormatter::format() instead
plugins/reach/lib/model/om/BaseVendorCatalogItem.php,255,11,WARNING,PHPCompatibility.FunctionUse.RemovedFunctions.strftimeDeprecated,unverified static candidate,Function strftime() is deprecated since PHP 8.1; Use date() or IntlDateFormatter::format() instead
plugins/reach/plugins/OpenCalais/batch/kReachVendorTaskOpenCalaisProcessorEngine.php,411,38,ERROR,PHPCompatibility.ParameterValues.NewHTMLEntitiesFlagsDefault.NotSet,unverified static candidate,"The default value of the $flags parameter for htmlspecialchars() was changed from ENT_COMPAT to ENT_QUOTES | ENT_SUBSTITUTE | ENT_HTML401 in PHP 8.1. For cross-version compatibility, the $flags parameter should be explicitly set."
plugins/reach/plugins/OpenCalais/batch/kReachVendorTaskOpenCalaisProcessorEngine.php,411,95,ERROR,PHPCompatibility.ParameterValues.NewHTMLEntitiesFlagsDefault.NotSet,unverified static candidate,"The default value of the $flags parameter for htmlspecialchars() was changed from ENT_COMPAT to ENT_QUOTES | ENT_SUBSTITUTE | ENT_HTML401 in PHP 8.1. For cross-version compatibility, the $flags parameter should be explicitly set."
plugins/reach/plugins/OpenCalais/batch/kReachVendorTaskOpenCalaisProcessorEngine.php,411,146,ERROR,PHPCompatibility.ParameterValues.NewHTMLEntitiesFlagsDefault.NotSet,unverified static candidate,"The default value of the $flags parameter for htmlspecialchars() was changed from ENT_COMPAT to ENT_QUOTES | ENT_SUBSTITUTE | ENT_HTML401 in PHP 8.1. For cross-version compatibility, the $flags parameter should be explicitly set."
plugins/schedule/base/lib/api/filters/base/KalturaCameraScheduleResourceBaseFilter.php,1,1,WARNING,Internal.LineEndings.Mixed,unverified static candidate,File has mixed line endings; this may cause incorrect results
plugins/schedule/base/lib/api/filters/base/KalturaEntryScheduleEventBaseFilter.php,1,1,WARNING,Internal.LineEndings.Mixed,unverified static candidate,File has mixed line endings; this may cause incorrect results
plugins/schedule/base/lib/api/filters/base/KalturaLiveEntryScheduleResourceBaseFilter.php,1,1,WARNING,Internal.LineEndings.Mixed,unverified static candidate,File has mixed line endings; this may cause incorrect results
plugins/schedule/base/lib/api/filters/base/KalturaLiveStreamScheduleEventBaseFilter.php,1,1,WARNING,Internal.LineEndings.Mixed,unverified static candidate,File has mixed line endings; this may cause incorrect results
plugins/schedule/base/lib/api/filters/base/KalturaLocationScheduleResourceBaseFilter.php,1,1,WARNING,Internal.LineEndings.Mixed,unverified static candidate,File has mixed line endings; this may cause incorrect results
plugins/schedule/base/lib/api/filters/base/KalturaRecordScheduleEventBaseFilter.php,1,1,WARNING,Internal.LineEndings.Mixed,unverified static candidate,File has mixed line endings; this may cause incorrect results
plugins/schedule/base/lib/api/filters/base/KalturaScheduleEventBaseFilter.php,1,1,WARNING,Internal.LineEndings.Mixed,unverified static candidate,File has mixed line endings; this may cause incorrect results
plugins/schedule/base/lib/api/filters/base/KalturaScheduleResourceBaseFilter.php,1,1,WARNING,Internal.LineEndings.Mixed,unverified static candidate,File has mixed line endings; this may cause incorrect results
plugins/schedule/base/lib/model/filters/ScheduleResourceFilter.class.php,1,1,WARNING,Internal.LineEndings.Mixed,unverified static candidate,File has mixed line endings; this may cause incorrect results
plugins/schedule/base/lib/model/om/BaseScheduleEvent.php,333,11,WARNING,PHPCompatibility.FunctionUse.RemovedFunctions.strftimeDeprecated,unverified static candidate,Function strftime() is deprecated since PHP 8.1; Use date() or IntlDateFormatter::format() instead
plugins/schedule/base/lib/model/om/BaseScheduleEvent.php,373,11,WARNING,PHPCompatibility.FunctionUse.RemovedFunctions.strftimeDeprecated,unverified static candidate,Function strftime() is deprecated since PHP 8.1; Use date() or IntlDateFormatter::format() instead
plugins/schedule/base/lib/model/om/BaseScheduleEvent.php,413,11,WARNING,PHPCompatibility.FunctionUse.RemovedFunctions.strftimeDeprecated,unverified static candidate,Function strftime() is deprecated since PHP 8.1; Use date() or IntlDateFormatter::format() instead
plugins/schedule/base/lib/model/om/BaseScheduleEvent.php,593,11,WARNING,PHPCompatibility.FunctionUse.RemovedFunctions.strftimeDeprecated,unverified static candidate,Function strftime() is deprecated since PHP 8.1; Use date() or IntlDateFormatter::format() instead
plugins/schedule/base/lib/model/om/BaseScheduleEvent.php,633,11,WARNING,PHPCompatibility.FunctionUse.RemovedFunctions.strftimeDeprecated,unverified static candidate,Function strftime() is deprecated since PHP 8.1; Use date() or IntlDateFormatter::format() instead
plugins/schedule/base/lib/model/om/BaseScheduleEventResource.php,183,11,WARNING,PHPCompatibility.FunctionUse.RemovedFunctions.strftimeDeprecated,unverified static candidate,Function strftime() is deprecated since PHP 8.1; Use date() or IntlDateFormatter::format() instead
plugins/schedule/base/lib/model/om/BaseScheduleEventResource.php,223,11,WARNING,PHPCompatibility.FunctionUse.RemovedFunctions.strftimeDeprecated,unverified static candidate,Function strftime() is deprecated since PHP 8.1; Use date() or IntlDateFormatter::format() instead
plugins/schedule/base/lib/model/om/BaseScheduleResource.php,263,11,WARNING,PHPCompatibility.FunctionUse.RemovedFunctions.strftimeDeprecated,unverified static candidate,Function strftime() is deprecated since PHP 8.1; Use date() or IntlDateFormatter::format() instead
plugins/schedule/base/lib/model/om/BaseScheduleResource.php,303,11,WARNING,PHPCompatibility.FunctionUse.RemovedFunctions.strftimeDeprecated,unverified static candidate,Function strftime() is deprecated since PHP 8.1; Use date() or IntlDateFormatter::format() instead
plugins/schedule/base/services/ScheduleResourceService.php,1,1,WARNING,Internal.LineEndings.Mixed,unverified static candidate,File has mixed line endings; this may cause incorrect results
plugins/schedule/drop_folder/lib/model/DropFolderICalBulkUploadFileHandlerConfig.php,1,1,WARNING,Internal.LineEndings.Mixed,unverified static candidate,File has mixed line endings; this may cause incorrect results
plugins/scheduled_task/admin/MediaRepurposingUtils.php,319,40,WARNING,PHPCompatibility.ParameterValues.RemovedGetClassNoArgs.ArgMissing,unverified static candidate,Calling get_class() without the $object argument is deprecated since PHP 8.3.
plugins/scheduled_task/lib/model/om/BaseScheduledTaskProfile.php,285,11,WARNING,PHPCompatibility.FunctionUse.RemovedFunctions.strftimeDeprecated,unverified static candidate,Function strftime() is deprecated since PHP 8.1; Use date() or IntlDateFormatter::format() instead
plugins/scheduled_task/lib/model/om/BaseScheduledTaskProfile.php,325,11,WARNING,PHPCompatibility.FunctionUse.RemovedFunctions.strftimeDeprecated,unverified static candidate,Function strftime() is deprecated since PHP 8.1; Use date() or IntlDateFormatter::format() instead
plugins/scheduled_task/lib/model/om/BaseScheduledTaskProfile.php,365,11,WARNING,PHPCompatibility.FunctionUse.RemovedFunctions.strftimeDeprecated,unverified static candidate,Function strftime() is deprecated since PHP 8.1; Use date() or IntlDateFormatter::format() instead
plugins/scheduled_task/lib/processors/KMediaRepurposingProcessor.php,204,40,WARNING,PHPCompatibility.FunctionDeclarations.RemovedOptionalBeforeRequiredParam.Deprecated80,unverified static candidate,"Declaring an optional parameter before a required parameter is deprecated since PHP 8.0. Parameter $xml is optional, while parameter $error is required. The $xml parameter is implicitly treated as a required parameter."
plugins/search/lib/model/om/BaseSphinxLog.php,285,11,WARNING,PHPCompatibility.FunctionUse.RemovedFunctions.strftimeDeprecated,unverified static candidate,Function strftime() is deprecated since PHP 8.1; Use date() or IntlDateFormatter::format() instead
plugins/search/lib/model/om/BaseSphinxLogServer.php,182,11,WARNING,PHPCompatibility.FunctionUse.RemovedFunctions.strftimeDeprecated,unverified static candidate,Function strftime() is deprecated since PHP 8.1; Use date() or IntlDateFormatter::format() instead
plugins/search/lib/model/om/BaseSphinxLogServer.php,222,11,WARNING,PHPCompatibility.FunctionUse.RemovedFunctions.strftimeDeprecated,unverified static candidate,Function strftime() is deprecated since PHP 8.1; Use date() or IntlDateFormatter::format() instead
plugins/search/providers/elastic_search/client/elasticClient.php,194,48,WARNING,PHPCompatibility.FunctionDeclarations.RemovedOptionalBeforeRequiredParam.Deprecated80,unverified static candidate,"Declaring an optional parameter before a required parameter is deprecated since PHP 8.0. Parameter $body is optional, while parameter $monitorActionName is required. The $body parameter is implicitly treated as a required parameter."
plugins/search/providers/elastic_search/client/elasticClient.php,194,62,WARNING,PHPCompatibility.FunctionDeclarations.RemovedOptionalBeforeRequiredParam.Deprecated80,unverified static candidate,"Declaring an optional parameter before a required parameter is deprecated since PHP 8.0. Parameter $logQuery is optional, while parameter $monitorActionName is required. The $logQuery parameter is implicitly treated as a required parameter."
plugins/search/providers/elastic_search/lib/elasticSearchUtils.php,217,12,ERROR,PHPCompatibility.ParameterValues.NewHTMLEntitiesFlagsDefault.NotSet,unverified static candidate,"The default value of the $flags parameter for html_entity_decode() was changed from ENT_COMPAT to ENT_QUOTES | ENT_SUBSTITUTE | ENT_HTML401 in PHP 8.1. For cross-version compatibility, the $flags parameter should be explicitly set."
plugins/search/providers/elastic_search/lib/model/filters/ESearchQueryFromFilter.php,407,38,ERROR,PHPCompatibility.Variables.NewUniformVariableSyntax.Found,unverified static candidate,"Indirect access to variables, properties and methods will be evaluated strictly in left-to-right order since PHP 7.0. Use curly braces to remove ambiguity."
plugins/search/providers/elastic_search/scripts/elasticClusterProvisioning.php,61,18,WARNING,PHPCompatibility.FunctionUse.RemovedFunctions.strftimeDeprecated,unverified static candidate,Function strftime() is deprecated since PHP 8.1; Use date() or IntlDateFormatter::format() instead
plugins/search/providers/elastic_search/scripts/elasticClusterProvisioning.php,592,13,WARNING,PHPCompatibility.FunctionUse.RemovedFunctions.strftimeDeprecated,unverified static candidate,Function strftime() is deprecated since PHP 8.1; Use date() or IntlDateFormatter::format() instead
plugins/search/providers/sphinx_search/lib/kSphinxSearchManager.php,373,44,WARNING,PHPCompatibility.FunctionUse.RemovedFunctions.utf8_encodeDeprecated,unverified static candidate,"Function utf8_encode() is deprecated since PHP 8.2; Use mb_convert_encoding(), UConverter::transcode() or iconv instead"
plugins/short_link/lib/model/om/BaseShortLink.php,187,11,WARNING,PHPCompatibility.FunctionUse.RemovedFunctions.strftimeDeprecated,unverified static candidate,Function strftime() is deprecated since PHP 8.1; Use date() or IntlDateFormatter::format() instead
plugins/short_link/lib/model/om/BaseShortLink.php,227,11,WARNING,PHPCompatibility.FunctionUse.RemovedFunctions.strftimeDeprecated,unverified static candidate,Function strftime() is deprecated since PHP 8.1; Use date() or IntlDateFormatter::format() instead
plugins/short_link/lib/model/om/BaseShortLink.php,267,11,WARNING,PHPCompatibility.FunctionUse.RemovedFunctions.strftimeDeprecated,unverified static candidate,Function strftime() is deprecated since PHP 8.1; Use date() or IntlDateFormatter::format() instead
plugins/sso/base/lib/model/om/BaseSso.php,205,11,WARNING,PHPCompatibility.FunctionUse.RemovedFunctions.strftimeDeprecated,unverified static candidate,Function strftime() is deprecated since PHP 8.1; Use date() or IntlDateFormatter::format() instead
plugins/sso/base/lib/model/om/BaseSso.php,245,11,WARNING,PHPCompatibility.FunctionUse.RemovedFunctions.strftimeDeprecated,unverified static candidate,Function strftime() is deprecated since PHP 8.1; Use date() or IntlDateFormatter::format() instead
plugins/sso/lib/api/filters/base/KalturaSsoBaseFilter.php,1,1,WARNING,Internal.LineEndings.Mixed,unverified static candidate,File has mixed line endings; this may cause incorrect results
plugins/sso/services/SsoService.php,121,30,WARNING,PHPCompatibility.FunctionDeclarations.RemovedOptionalBeforeRequiredParam.Deprecated80,unverified static candidate,"Declaring an optional parameter before a required parameter is deprecated since PHP 8.0. Parameter $userId is optional, while parameter $applicationType is required. The $userId parameter is implicitly treated as a required parameter."
plugins/tag_search/lib/model/om/BaseTag.php,227,11,WARNING,PHPCompatibility.FunctionUse.RemovedFunctions.strftimeDeprecated,unverified static candidate,Function strftime() is deprecated since PHP 8.1; Use date() or IntlDateFormatter::format() instead
plugins/tag_search/lib/model/om/BaseTag.php,267,11,WARNING,PHPCompatibility.FunctionUse.RemovedFunctions.strftimeDeprecated,unverified static candidate,Function strftime() is deprecated since PHP 8.1; Use date() or IntlDateFormatter::format() instead
plugins/vendor/lib/model/om/BaseVendorIntegration.php,231,11,WARNING,PHPCompatibility.FunctionUse.RemovedFunctions.strftimeDeprecated,unverified static candidate,Function strftime() is deprecated since PHP 8.1; Use date() or IntlDateFormatter::format() instead
plugins/vendor/lib/model/om/BaseVendorIntegration.php,271,11,WARNING,PHPCompatibility.FunctionUse.RemovedFunctions.strftimeDeprecated,unverified static candidate,Function strftime() is deprecated since PHP 8.1; Use date() or IntlDateFormatter::format() instead
plugins/virtual_event/lib/model/om/BaseVirtualEvent.php,225,11,WARNING,PHPCompatibility.FunctionUse.RemovedFunctions.strftimeDeprecated,unverified static candidate,Function strftime() is deprecated since PHP 8.1; Use date() or IntlDateFormatter::format() instead
plugins/virtual_event/lib/model/om/BaseVirtualEvent.php,265,11,WARNING,PHPCompatibility.FunctionUse.RemovedFunctions.strftimeDeprecated,unverified static candidate,Function strftime() is deprecated since PHP 8.1; Use date() or IntlDateFormatter::format() instead
plugins/virus_scan/lib/model/om/BaseVirusScanProfile.php,171,11,WARNING,PHPCompatibility.FunctionUse.RemovedFunctions.strftimeDeprecated,unverified static candidate,Function strftime() is deprecated since PHP 8.1; Use date() or IntlDateFormatter::format() instead
plugins/virus_scan/lib/model/om/BaseVirusScanProfile.php,211,11,WARNING,PHPCompatibility.FunctionUse.RemovedFunctions.strftimeDeprecated,unverified static candidate,Function strftime() is deprecated since PHP 8.1; Use date() or IntlDateFormatter::format() instead
tests/standAloneClient/exec.php,388,41,ERROR,PHPCompatibility.ParameterValues.NewHTMLEntitiesFlagsDefault.NotSet,unverified static candidate,"The default value of the $flags parameter for htmlentities() was changed from ENT_COMPAT to ENT_QUOTES | ENT_SUBSTITUTE | ENT_HTML401 in PHP 8.1. For cross-version compatibility, the $flags parameter should be explicitly set."
var_console/lib/Kaltura/View/Helper/PrintKalturaObject.php,32,10,ERROR,PHPCompatibility.ParameterValues.NewHTMLEntitiesFlagsDefault.NotSet,unverified static candidate,"The default value of the $flags parameter for htmlspecialchars() was changed from ENT_COMPAT to ENT_QUOTES | ENT_SUBSTITUTE | ENT_HTML401 in PHP 8.1. For cross-version compatibility, the $flags parameter should be explicitly set."
var_console/views/scripts/index/index.phtml,1,1,WARNING,Internal.NoCodeFound,unverified static candidate,No PHP code was found in this file and short open tags are not allowed by this install of PHP. This file may be using short open tags but PHP does not allow them.
var_console/views/scripts/partner/index.phtml,1,1,WARNING,Internal.NoCodeFound,unverified static candidate,No PHP code was found in this file and short open tags are not allowed by this install of PHP. This file may be using short open tags but PHP does not allow them.
var_console/views/scripts/user/index.phtml,1,1,WARNING,Internal.NoCodeFound,unverified static candidate,No PHP code was found in this file and short open tags are not allowed by this install of PHP. This file may be using short open tags but PHP does not allow them.
vendor/IP2Location/IP2Location.inc.php,83,12,ERROR,PHPCompatibility.Syntax.RemovedCurlyBraceArrayAccess.Removed,unverified static candidate,Curly brace syntax for accessing array elements and string offsets has been deprecated in PHP 7.4 and removed in PHP 8.0. Found: $f_v{1}
vendor/IP2Location/IP2Location.inc.php,87,12,ERROR,PHPCompatibility.Syntax.RemovedCurlyBraceArrayAccess.Removed,unverified static candidate,Curly brace syntax for accessing array elements and string offsets has been deprecated in PHP 7.4 and removed in PHP 8.0. Found: $f_v{0}
vendor/PHPMailer/class.phpmailer.php,744,42,WARNING,PHPCompatibility.IniDirectives.RemovedIniDirectives.safe_modeDeprecatedRemoved,unverified static candidate,INI directive 'safe_mode' is deprecated since PHP 5.3 and removed since PHP 5.4
vendor/PHPMailer/class.phpmailer.php,1641,20,ERROR,PHPCompatibility.FunctionUse.RemovedFunctions.get_magic_quotes_runtimeDeprecatedRemoved,unverified static candidate,Function get_magic_quotes_runtime() is deprecated since PHP 7.4 and removed since PHP 8.0
vendor/PHPMailer/class.phpmailer.php,1644,11,ERROR,PHPCompatibility.FunctionUse.RemovedFunctions.set_magic_quotes_runtimeDeprecatedRemoved,unverified static candidate,Function set_magic_quotes_runtime() is deprecated since PHP 5.3 and removed since PHP 7.0
vendor/PHPMailer/class.phpmailer.php,1646,13,ERROR,PHPCompatibility.IniDirectives.RemovedIniDirectives.magic_quotes_runtimeDeprecatedRemoved,unverified static candidate,INI directive 'magic_quotes_runtime' is deprecated since PHP 5.3 and removed since PHP 5.4
vendor/PHPMailer/class.phpmailer.php,1653,11,ERROR,PHPCompatibility.FunctionUse.RemovedFunctions.set_magic_quotes_runtimeDeprecatedRemoved,unverified static candidate,Function set_magic_quotes_runtime() is deprecated since PHP 5.3 and removed since PHP 7.0
vendor/PHPMailer/class.phpmailer.php,1655,13,ERROR,PHPCompatibility.IniDirectives.RemovedIniDirectives.magic_quotes_runtimeDeprecatedRemoved,unverified static candidate,INI directive 'magic_quotes_runtime' is deprecated since PHP 5.3 and removed since PHP 5.4
vendor/PHPMailer/class.phpmailer.php,1827,28,ERROR,PHPCompatibility.FunctionUse.RemovedFunctions.eachDeprecatedRemoved,unverified static candidate,Function each() is deprecated since PHP 7.2 and removed since PHP 8.0; Use a foreach loop or ArrayIterator instead
vendor/PHPMailer/class.phpmailer.php,1909,33,ERROR,PHPCompatibility.ParameterValues.RemovedPCREModifiers.Removed,unverified static candidate,preg_replace() - /e modifier is deprecated since PHP 5.5 and removed since PHP 7.0
vendor/PHPMailer/class.phpmailer.php,1912,33,ERROR,PHPCompatibility.ParameterValues.RemovedPCREModifiers.Removed,unverified static candidate,preg_replace() - /e modifier is deprecated since PHP 5.5 and removed since PHP 7.0
vendor/PHPMailer/class.phpmailer.php,1917,33,ERROR,PHPCompatibility.ParameterValues.RemovedPCREModifiers.Removed,unverified static candidate,preg_replace() - /e modifier is deprecated since PHP 5.5 and removed since PHP 7.0
vendor/PHPMailer/class.pop3.php,148,37,WARNING,PHPCompatibility.FunctionDeclarations.RemovedOptionalBeforeRequiredParam.Deprecated80,unverified static candidate,"Declaring an optional parameter before a required parameter is deprecated since PHP 8.0. Parameter $port is optional, while parameter $username is required. The $port parameter is implicitly treated as a required parameter."
vendor/PHPMailer/class.pop3.php,148,52,WARNING,PHPCompatibility.FunctionDeclarations.RemovedOptionalBeforeRequiredParam.Deprecated80,unverified static candidate,"Declaring an optional parameter before a required parameter is deprecated since PHP 8.0. Parameter $tval is optional, while parameter $username is required. The $tval parameter is implicitly treated as a required parameter."
vendor/PHPMailer/class.smtp.php,391,27,ERROR,PHPCompatibility.FunctionUse.RemovedFunctions.eachDeprecatedRemoved,unverified static candidate,Function each() is deprecated since PHP 7.2 and removed since PHP 8.0; Use a foreach loop or ArrayIterator instead
vendor/PHPMailer/class.smtp.php,420,33,ERROR,PHPCompatibility.FunctionUse.RemovedFunctions.eachDeprecatedRemoved,unverified static candidate,Function each() is deprecated since PHP 7.2 and removed since PHP 8.0; Use a foreach loop or ArrayIterator instead
vendor/PHPMailer/extras/htmlfilter.php,52,39,ERROR,PHPCompatibility.FunctionUse.RemovedFunctions.eachDeprecatedRemoved,unverified static candidate,Function each() is deprecated since PHP 7.2 and removed since PHP 8.0; Use a foreach loop or ArrayIterator instead
vendor/PHPMailer/extras/htmlfilter.php,357,11,ERROR,PHPCompatibility.Syntax.RemovedCurlyBraceArrayAccess.Removed,unverified static candidate,Curly brace syntax for accessing array elements and string offsets has been deprecated in PHP 7.4 and removed in PHP 8.0. Found: $attary{$attname}
vendor/PHPMailer/extras/htmlfilter.php,391,13,ERROR,PHPCompatibility.Syntax.RemovedCurlyBraceArrayAccess.Removed,unverified static candidate,Curly brace syntax for accessing array elements and string offsets has been deprecated in PHP 7.4 and removed in PHP 8.0. Found: $attary{$attname}
vendor/PHPMailer/extras/htmlfilter.php,399,13,ERROR,PHPCompatibility.Syntax.RemovedCurlyBraceArrayAccess.Removed,unverified static candidate,Curly brace syntax for accessing array elements and string offsets has been deprecated in PHP 7.4 and removed in PHP 8.0. Found: $attary{$attname}
vendor/PHPMailer/extras/htmlfilter.php,413,13,ERROR,PHPCompatibility.Syntax.RemovedCurlyBraceArrayAccess.Removed,unverified static candidate,Curly brace syntax for accessing array elements and string offsets has been deprecated in PHP 7.4 and removed in PHP 8.0. Found: $attary{$attname}
vendor/PHPMailer/extras/htmlfilter.php,419,12,ERROR,PHPCompatibility.Syntax.RemovedCurlyBraceArrayAccess.Removed,unverified static candidate,Curly brace syntax for accessing array elements and string offsets has been deprecated in PHP 7.4 and removed in PHP 8.0. Found: $attary{$attname}
vendor/PHPMailer/extras/htmlfilter.php,455,9,ERROR,PHPCompatibility.Syntax.RemovedCurlyBraceArrayAccess.Removed,unverified static candidate,Curly brace syntax for accessing array elements and string offsets has been deprecated in PHP 7.4 and removed in PHP 8.0. Found: $repl{$matches[0][$i]}
vendor/PHPMailer/extras/htmlfilter.php,524,37,ERROR,PHPCompatibility.FunctionUse.RemovedFunctions.eachDeprecatedRemoved,unverified static candidate,Function each() is deprecated since PHP 7.2 and removed since PHP 8.0; Use a foreach loop or ArrayIterator instead
vendor/PHPMailer/extras/htmlfilter.php,532,20,ERROR,PHPCompatibility.Syntax.RemovedCurlyBraceArrayAccess.Removed,unverified static candidate,Curly brace syntax for accessing array elements and string offsets has been deprecated in PHP 7.4 and removed in PHP 8.0. Found: $attary{$attname}
vendor/PHPMailer/extras/htmlfilter.php,562,15,ERROR,PHPCompatibility.Syntax.RemovedCurlyBraceArrayAccess.Removed,unverified static candidate,Curly brace syntax for accessing array elements and string offsets has been deprecated in PHP 7.4 and removed in PHP 8.0. Found: $attary{$attname}
vendor/PHPMailer/extras/htmlfilter.php,641,27,ERROR,PHPCompatibility.Syntax.RemovedCurlyBraceArrayAccess.Removed,unverified static candidate,Curly brace syntax for accessing array elements and string offsets has been deprecated in PHP 7.4 and removed in PHP 8.0. Found: $open_tags{$tagname}
vendor/PHPMailer/extras/htmlfilter.php,642,18,ERROR,PHPCompatibility.Syntax.RemovedCurlyBraceArrayAccess.Removed,unverified static candidate,Curly brace syntax for accessing array elements and string offsets has been deprecated in PHP 7.4 and removed in PHP 8.0. Found: $open_tags{$tagname}
vendor/PHPMailer/extras/htmlfilter.php,643,18,ERROR,PHPCompatibility.Syntax.RemovedCurlyBraceArrayAccess.Removed,unverified static candidate,Curly brace syntax for accessing array elements and string offsets has been deprecated in PHP 7.4 and removed in PHP 8.0. Found: $open_tags{$tagname}
vendor/PHPMailer/extras/htmlfilter.php,678,29,ERROR,PHPCompatibility.Syntax.RemovedCurlyBraceArrayAccess.Removed,unverified static candidate,Curly brace syntax for accessing array elements and string offsets has been deprecated in PHP 7.4 and removed in PHP 8.0. Found: $open_tags{$tagname}
vendor/PHPMailer/extras/htmlfilter.php,679,20,ERROR,PHPCompatibility.Syntax.RemovedCurlyBraceArrayAccess.Removed,unverified static candidate,Curly brace syntax for accessing array elements and string offsets has been deprecated in PHP 7.4 and removed in PHP 8.0. Found: $open_tags{$tagname}
vendor/PHPMailer/extras/htmlfilter.php,681,20,ERROR,PHPCompatibility.Syntax.RemovedCurlyBraceArrayAccess.Removed,unverified static candidate,Curly brace syntax for accessing array elements and string offsets has been deprecated in PHP 7.4 and removed in PHP 8.0. Found: $open_tags{$tagname}
vendor/PHPMailer/extras/htmlfilter.php,834,26,ERROR,PHPCompatibility.Syntax.RemovedCurlyBraceArrayAccess.Removed,unverified static candidate,Curly brace syntax for accessing array elements and string offsets has been deprecated in PHP 7.4 and removed in PHP 8.0. Found: $bad_attvals{'/.*/'}
vendor/PHPMailer/extras/htmlfilter.php,834,34,ERROR,PHPCompatibility.Syntax.RemovedCurlyBraceArrayAccess.Removed,unverified static candidate,Curly brace syntax for accessing array elements and string offsets has been deprecated in PHP 7.4 and removed in PHP 8.0. Found: $bad_attvals{'/.*/'}{'/^src|background/i'}
vendor/PHPMailer/extras/htmlfilter.php,836,26,ERROR,PHPCompatibility.Syntax.RemovedCurlyBraceArrayAccess.Removed,unverified static candidate,Curly brace syntax for accessing array elements and string offsets has been deprecated in PHP 7.4 and removed in PHP 8.0. Found: $bad_attvals{'/.*/'}
vendor/PHPMailer/extras/htmlfilter.php,836,34,ERROR,PHPCompatibility.Syntax.RemovedCurlyBraceArrayAccess.Removed,unverified static candidate,Curly brace syntax for accessing array elements and string offsets has been deprecated in PHP 7.4 and removed in PHP 8.0. Found: $bad_attvals{'/.*/'}{'/^src|background/i'}
vendor/PHPMailer/extras/htmlfilter.php,838,26,ERROR,PHPCompatibility.Syntax.RemovedCurlyBraceArrayAccess.Removed,unverified static candidate,Curly brace syntax for accessing array elements and string offsets has been deprecated in PHP 7.4 and removed in PHP 8.0. Found: $bad_attvals{'/.*/'}
vendor/PHPMailer/extras/htmlfilter.php,838,34,ERROR,PHPCompatibility.Syntax.RemovedCurlyBraceArrayAccess.Removed,unverified static candidate,Curly brace syntax for accessing array elements and string offsets has been deprecated in PHP 7.4 and removed in PHP 8.0. Found: $bad_attvals{'/.*/'}{'/^style/i'}
vendor/PHPMailer/extras/htmlfilter.php,840,26,ERROR,PHPCompatibility.Syntax.RemovedCurlyBraceArrayAccess.Removed,unverified static candidate,Curly brace syntax for accessing array elements and string offsets has been deprecated in PHP 7.4 and removed in PHP 8.0. Found: $bad_attvals{'/.*/'}
vendor/PHPMailer/extras/htmlfilter.php,840,34,ERROR,PHPCompatibility.Syntax.RemovedCurlyBraceArrayAccess.Removed,unverified static candidate,Curly brace syntax for accessing array elements and string offsets has been deprecated in PHP 7.4 and removed in PHP 8.0. Found: $bad_attvals{'/.*/'}{'/^style/i'}
vendor/ZendFramework/library/Zend/Cache/Backend/Sqlite.php,103,10,ERROR,PHPCompatibility.Extensions.RemovedExtensions.sqliteRemoved,unverified static candidate,Extension 'sqlite' is removed since PHP 5.4
vendor/ZendFramework/library/Zend/Cache/Backend/Sqlite.php,103,10,ERROR,PHPCompatibility.FunctionUse.RemovedFunctions.sqlite_closeRemoved,unverified static candidate,Function sqlite_close() is removed since PHP 5.4
vendor/ZendFramework/library/Zend/Cache/Backend/Sqlite.php,121,17,ERROR,PHPCompatibility.Extensions.RemovedExtensions.sqliteRemoved,unverified static candidate,Extension 'sqlite' is removed since PHP 5.4
vendor/ZendFramework/library/Zend/Cache/Backend/Sqlite.php,121,17,ERROR,PHPCompatibility.FunctionUse.RemovedFunctions.sqlite_fetch_arrayRemoved,unverified static candidate,Function sqlite_fetch_array() is removed since PHP 5.4
vendor/ZendFramework/library/Zend/Cache/Backend/Sqlite.php,139,17,ERROR,PHPCompatibility.Extensions.RemovedExtensions.sqliteRemoved,unverified static candidate,Extension 'sqlite' is removed since PHP 5.4
vendor/ZendFramework/library/Zend/Cache/Backend/Sqlite.php,139,17,ERROR,PHPCompatibility.FunctionUse.RemovedFunctions.sqlite_fetch_arrayRemoved,unverified static candidate,Function sqlite_fetch_array() is removed since PHP 5.4
vendor/ZendFramework/library/Zend/Cache/Backend/Sqlite.php,163,18,ERROR,PHPCompatibility.Extensions.RemovedExtensions.sqliteRemoved,unverified static candidate,Extension 'sqlite' is removed since PHP 5.4
vendor/ZendFramework/library/Zend/Cache/Backend/Sqlite.php,163,18,ERROR,PHPCompatibility.FunctionUse.RemovedFunctions.sqlite_escape_stringRemoved,unverified static candidate,Function sqlite_escape_string() is removed since PHP 5.4
vendor/ZendFramework/library/Zend/Cache/Backend/Sqlite.php,194,21,ERROR,PHPCompatibility.Extensions.RemovedExtensions.sqliteRemoved,unverified static candidate,Extension 'sqlite' is removed since PHP 5.4
vendor/ZendFramework/library/Zend/Cache/Backend/Sqlite.php,194,21,ERROR,PHPCompatibility.FunctionUse.RemovedFunctions.sqlite_fetch_singleRemoved,unverified static candidate,Function sqlite_fetch_single() is removed since PHP 5.4
vendor/ZendFramework/library/Zend/Cache/Backend/Sqlite.php,236,23,ERROR,PHPCompatibility.Extensions.RemovedExtensions.sqliteRemoved,unverified static candidate,Extension 'sqlite' is removed since PHP 5.4
vendor/ZendFramework/library/Zend/Cache/Backend/Sqlite.php,236,23,ERROR,PHPCompatibility.FunctionUse.RemovedFunctions.sqlite_fetch_singleRemoved,unverified static candidate,Function sqlite_fetch_single() is removed since PHP 5.4
vendor/ZendFramework/library/Zend/Cache/Backend/Sqlite.php,252,23,ERROR,PHPCompatibility.Extensions.RemovedExtensions.sqliteRemoved,unverified static candidate,Extension 'sqlite' is removed since PHP 5.4
vendor/ZendFramework/library/Zend/Cache/Backend/Sqlite.php,252,23,ERROR,PHPCompatibility.FunctionUse.RemovedFunctions.sqlite_fetch_singleRemoved,unverified static candidate,Function sqlite_fetch_single() is removed since PHP 5.4
vendor/ZendFramework/library/Zend/Cache/Backend/Sqlite.php,275,22,ERROR,PHPCompatibility.Extensions.RemovedExtensions.sqliteRemoved,unverified static candidate,Extension 'sqlite' is removed since PHP 5.4
vendor/ZendFramework/library/Zend/Cache/Backend/Sqlite.php,275,22,ERROR,PHPCompatibility.FunctionUse.RemovedFunctions.sqlite_fetch_allRemoved,unverified static candidate,Function sqlite_fetch_all() is removed since PHP 5.4
vendor/ZendFramework/library/Zend/Cache/Backend/Sqlite.php,275,45,ERROR,PHPCompatibility.Constants.RemovedConstants.sqlite_assocRemoved,unverified static candidate,"The constant ""SQLITE_ASSOC"" is removed since PHP 5.4"
vendor/ZendFramework/library/Zend/Cache/Backend/Sqlite.php,305,18,ERROR,PHPCompatibility.Extensions.RemovedExtensions.sqliteRemoved,unverified static candidate,Extension 'sqlite' is removed since PHP 5.4
vendor/ZendFramework/library/Zend/Cache/Backend/Sqlite.php,305,18,ERROR,PHPCompatibility.FunctionUse.RemovedFunctions.sqlite_fetch_allRemoved,unverified static candidate,Function sqlite_fetch_all() is removed since PHP 5.4
vendor/ZendFramework/library/Zend/Cache/Backend/Sqlite.php,305,41,ERROR,PHPCompatibility.Constants.RemovedConstants.sqlite_assocRemoved,unverified static candidate,"The constant ""SQLITE_ASSOC"" is removed since PHP 5.4"
vendor/ZendFramework/library/Zend/Cache/Backend/Sqlite.php,315,31,ERROR,PHPCompatibility.Extensions.RemovedExtensions.sqliteRemoved,unverified static candidate,Extension 'sqlite' is removed since PHP 5.4
vendor/ZendFramework/library/Zend/Cache/Backend/Sqlite.php,315,31,ERROR,PHPCompatibility.FunctionUse.RemovedFunctions.sqlite_fetch_singleRemoved,unverified static candidate,Function sqlite_fetch_single() is removed since PHP 5.4
vendor/ZendFramework/library/Zend/Cache/Backend/Sqlite.php,344,22,ERROR,PHPCompatibility.Extensions.RemovedExtensions.sqliteRemoved,unverified static candidate,Extension 'sqlite' is removed since PHP 5.4
vendor/ZendFramework/library/Zend/Cache/Backend/Sqlite.php,344,22,ERROR,PHPCompatibility.FunctionUse.RemovedFunctions.sqlite_fetch_allRemoved,unverified static candidate,Function sqlite_fetch_all() is removed since PHP 5.4
vendor/ZendFramework/library/Zend/Cache/Backend/Sqlite.php,344,45,ERROR,PHPCompatibility.Constants.RemovedConstants.sqlite_assocRemoved,unverified static candidate,"The constant ""SQLITE_ASSOC"" is removed since PHP 5.4"
vendor/ZendFramework/library/Zend/Cache/Backend/Sqlite.php,400,22,ERROR,PHPCompatibility.Extensions.RemovedExtensions.sqliteRemoved,unverified static candidate,Extension 'sqlite' is removed since PHP 5.4
vendor/ZendFramework/library/Zend/Cache/Backend/Sqlite.php,400,22,ERROR,PHPCompatibility.FunctionUse.RemovedFunctions.sqlite_fetch_allRemoved,unverified static candidate,Function sqlite_fetch_all() is removed since PHP 5.4
vendor/ZendFramework/library/Zend/Cache/Backend/Sqlite.php,400,45,ERROR,PHPCompatibility.Constants.RemovedConstants.sqlite_assocRemoved,unverified static candidate,"The constant ""SQLITE_ASSOC"" is removed since PHP 5.4"
vendor/ZendFramework/library/Zend/Cache/Backend/Sqlite.php,410,17,ERROR,PHPCompatibility.Extensions.RemovedExtensions.sqliteRemoved,unverified static candidate,Extension 'sqlite' is removed since PHP 5.4
vendor/ZendFramework/library/Zend/Cache/Backend/Sqlite.php,410,17,ERROR,PHPCompatibility.FunctionUse.RemovedFunctions.sqlite_fetch_arrayRemoved,unverified static candidate,Function sqlite_fetch_array() is removed since PHP 5.4
vendor/ZendFramework/library/Zend/Cache/Backend/Sqlite.php,410,42,ERROR,PHPCompatibility.Constants.RemovedConstants.sqlite_assocRemoved,unverified static candidate,"The constant ""SQLITE_ASSOC"" is removed since PHP 5.4"
vendor/ZendFramework/library/Zend/Cache/Backend/Sqlite.php,432,20,ERROR,PHPCompatibility.Extensions.RemovedExtensions.sqliteRemoved,unverified static candidate,Extension 'sqlite' is removed since PHP 5.4
vendor/ZendFramework/library/Zend/Cache/Backend/Sqlite.php,432,20,ERROR,PHPCompatibility.FunctionUse.RemovedFunctions.sqlite_fetch_singleRemoved,unverified static candidate,Function sqlite_fetch_single() is removed since PHP 5.4
vendor/ZendFramework/library/Zend/Cache/Backend/Sqlite.php,494,27,ERROR,PHPCompatibility.Extensions.RemovedExtensions.sqliteRemoved,unverified static candidate,Extension 'sqlite' is removed since PHP 5.4
vendor/ZendFramework/library/Zend/Cache/Backend/Sqlite.php,494,27,ERROR,PHPCompatibility.FunctionUse.RemovedFunctions.sqlite_openRemoved,unverified static candidate,Function sqlite_open() is removed since PHP 5.4
vendor/ZendFramework/library/Zend/Cache/Backend/Sqlite.php,512,21,ERROR,PHPCompatibility.Extensions.RemovedExtensions.sqliteRemoved,unverified static candidate,Extension 'sqlite' is removed since PHP 5.4
vendor/ZendFramework/library/Zend/Cache/Backend/Sqlite.php,512,21,ERROR,PHPCompatibility.FunctionUse.RemovedFunctions.sqlite_queryRemoved,unverified static candidate,Function sqlite_query() is removed since PHP 5.4
vendor/ZendFramework/library/Zend/Cache/Backend/Sqlite.php,533,18,ERROR,PHPCompatibility.Extensions.RemovedExtensions.sqliteRemoved,unverified static candidate,Extension 'sqlite' is removed since PHP 5.4
vendor/ZendFramework/library/Zend/Cache/Backend/Sqlite.php,533,18,ERROR,PHPCompatibility.FunctionUse.RemovedFunctions.sqlite_closeRemoved,unverified static candidate,Function sqlite_close() is removed since PHP 5.4
vendor/ZendFramework/library/Zend/Cache/Backend/Sqlite.php,586,17,ERROR,PHPCompatibility.Extensions.RemovedExtensions.sqliteRemoved,unverified static candidate,Extension 'sqlite' is removed since PHP 5.4
vendor/ZendFramework/library/Zend/Cache/Backend/Sqlite.php,586,17,ERROR,PHPCompatibility.FunctionUse.RemovedFunctions.sqlite_fetch_arrayRemoved,unverified static candidate,Function sqlite_fetch_array() is removed since PHP 5.4
vendor/ZendFramework/library/Zend/Cache/Core.php,140,38,ERROR,PHPCompatibility.FunctionUse.RemovedFunctions.eachDeprecatedRemoved,unverified static candidate,Function each() is deprecated since PHP 7.2 and removed since PHP 8.0; Use a foreach loop or ArrayIterator instead
vendor/ZendFramework/library/Zend/Cache/Core.php,155,38,ERROR,PHPCompatibility.FunctionUse.RemovedFunctions.eachDeprecatedRemoved,unverified static candidate,Function each() is deprecated since PHP 7.2 and removed since PHP 8.0; Use a foreach loop or ArrayIterator instead
vendor/ZendFramework/library/Zend/Cache/Core.php,507,29,ERROR,PHPCompatibility.FunctionUse.RemovedFunctions.eachDeprecatedRemoved,unverified static candidate,Function each() is deprecated since PHP 7.2 and removed since PHP 8.0; Use a foreach loop or ArrayIterator instead
vendor/ZendFramework/library/Zend/Cache/Frontend/Class.php,110,38,ERROR,PHPCompatibility.FunctionUse.RemovedFunctions.eachDeprecatedRemoved,unverified static candidate,Function each() is deprecated since PHP 7.2 and removed since PHP 8.0; Use a foreach loop or ArrayIterator instead
vendor/ZendFramework/library/Zend/Cache/Frontend/File.php,91,38,ERROR,PHPCompatibility.FunctionUse.RemovedFunctions.eachDeprecatedRemoved,unverified static candidate,Function each() is deprecated since PHP 7.2 and removed since PHP 8.0; Use a foreach loop or ArrayIterator instead
vendor/ZendFramework/library/Zend/Cache/Frontend/Function.php,66,38,ERROR,PHPCompatibility.FunctionUse.RemovedFunctions.eachDeprecatedRemoved,unverified static candidate,Function each() is deprecated since PHP 7.2 and removed since PHP 8.0; Use a foreach loop or ArrayIterator instead
vendor/ZendFramework/library/Zend/Date/DateObject.php,897,24,WARNING,PHPCompatibility.FunctionUse.RemovedFunctions.date_sunsetDeprecated,unverified static candidate,Function date_sunset() is deprecated since PHP 8.1; Use date_sun_info() instead
vendor/ZendFramework/library/Zend/Date/DateObject.php,900,20,WARNING,PHPCompatibility.FunctionUse.RemovedFunctions.date_sunriseDeprecated,unverified static candidate,Function date_sunrise() is deprecated since PHP 8.1; Use date_sun_info() instead
vendor/ZendFramework/library/Zend/File/Transfer/Adapter/Abstract.php,1240,69,WARNING,PHPCompatibility.IniDirectives.RemovedIniDirectives.mime_magic_magicfileRemoved,unverified static candidate,INI directive 'mime_magic.magicfile' is removed since PHP 5.3
vendor/ZendFramework/library/Zend/Filter/Encrypt/Mcrypt.php,109,23,ERROR,PHPCompatibility.Extensions.RemovedExtensions.mcryptDeprecatedRemoved,unverified static candidate,Extension 'mcrypt' is deprecated since PHP 7.1 and removed since PHP 7.2; Use openssl (preferred) or pecl/mcrypt once available instead
vendor/ZendFramework/library/Zend/Filter/Encrypt/Mcrypt.php,109,23,ERROR,PHPCompatibility.FunctionUse.RemovedFunctions.mcrypt_list_algorithmsDeprecatedRemoved,unverified static candidate,Function mcrypt_list_algorithms() is deprecated since PHP 7.1 and removed since PHP 7.2; Use OpenSSL instead
vendor/ZendFramework/library/Zend/Filter/Encrypt/Mcrypt.php,115,18,ERROR,PHPCompatibility.Extensions.RemovedExtensions.mcryptDeprecatedRemoved,unverified static candidate,Extension 'mcrypt' is deprecated since PHP 7.1 and removed since PHP 7.2; Use openssl (preferred) or pecl/mcrypt once available instead
vendor/ZendFramework/library/Zend/Filter/Encrypt/Mcrypt.php,115,18,ERROR,PHPCompatibility.FunctionUse.RemovedFunctions.mcrypt_list_modesDeprecatedRemoved,unverified static candidate,Function mcrypt_list_modes() is deprecated since PHP 7.1 and removed since PHP 7.2; Use OpenSSL instead
vendor/ZendFramework/library/Zend/Filter/Encrypt/Mcrypt.php,121,14,ERROR,PHPCompatibility.Extensions.RemovedExtensions.mcryptDeprecatedRemoved,unverified static candidate,Extension 'mcrypt' is deprecated since PHP 7.1 and removed since PHP 7.2; Use openssl (preferred) or pecl/mcrypt once available instead
vendor/ZendFramework/library/Zend/Filter/Encrypt/Mcrypt.php,121,14,ERROR,PHPCompatibility.FunctionUse.RemovedFunctions.mcrypt_module_self_testDeprecatedRemoved,unverified static candidate,Function mcrypt_module_self_test() is deprecated since PHP 7.1 and removed since PHP 7.2; Use OpenSSL instead
vendor/ZendFramework/library/Zend/Filter/Encrypt/Mcrypt.php,155,19,ERROR,PHPCompatibility.Extensions.RemovedExtensions.mcryptDeprecatedRemoved,unverified static candidate,Extension 'mcrypt' is deprecated since PHP 7.1 and removed since PHP 7.2; Use openssl (preferred) or pecl/mcrypt once available instead
vendor/ZendFramework/library/Zend/Filter/Encrypt/Mcrypt.php,155,19,ERROR,PHPCompatibility.FunctionUse.RemovedFunctions.mcrypt_enc_get_iv_sizeDeprecatedRemoved,unverified static candidate,Function mcrypt_enc_get_iv_size() is deprecated since PHP 7.1 and removed since PHP 7.2; Use OpenSSL instead
vendor/ZendFramework/library/Zend/Filter/Encrypt/Mcrypt.php,158,23,ERROR,PHPCompatibility.Extensions.RemovedExtensions.mcryptDeprecatedRemoved,unverified static candidate,Extension 'mcrypt' is deprecated since PHP 7.1 and removed since PHP 7.2; Use openssl (preferred) or pecl/mcrypt once available instead
vendor/ZendFramework/library/Zend/Filter/Encrypt/Mcrypt.php,158,23,ERROR,PHPCompatibility.FunctionUse.RemovedFunctions.mcrypt_create_ivDeprecatedRemoved,unverified static candidate,Function mcrypt_create_iv() is deprecated since PHP 7.1 and removed since PHP 7.2; Use random_bytes() or OpenSSL instead
vendor/ZendFramework/library/Zend/Filter/Encrypt/Mcrypt.php,158,47,ERROR,PHPCompatibility.Constants.RemovedConstants.mcrypt_randDeprecatedRemoved,unverified static candidate,"The constant ""MCRYPT_RAND"" is deprecated since PHP 7.1 and removed since PHP 7.2"
vendor/ZendFramework/library/Zend/Filter/Encrypt/Mcrypt.php,182,22,ERROR,PHPCompatibility.Extensions.RemovedExtensions.mcryptDeprecatedRemoved,unverified static candidate,Extension 'mcrypt' is deprecated since PHP 7.1 and removed since PHP 7.2; Use openssl (preferred) or pecl/mcrypt once available instead
vendor/ZendFramework/library/Zend/Filter/Encrypt/Mcrypt.php,182,22,ERROR,PHPCompatibility.FunctionUse.RemovedFunctions.mcrypt_genericDeprecatedRemoved,unverified static candidate,Function mcrypt_generic() is deprecated since PHP 7.1 and removed since PHP 7.2; Use OpenSSL instead
vendor/ZendFramework/library/Zend/Filter/Encrypt/Mcrypt.php,183,9,ERROR,PHPCompatibility.Extensions.RemovedExtensions.mcryptDeprecatedRemoved,unverified static candidate,Extension 'mcrypt' is deprecated since PHP 7.1 and removed since PHP 7.2; Use openssl (preferred) or pecl/mcrypt once available instead
vendor/ZendFramework/library/Zend/Filter/Encrypt/Mcrypt.php,183,9,ERROR,PHPCompatibility.FunctionUse.RemovedFunctions.mcrypt_generic_deinitDeprecatedRemoved,unverified static candidate,Function mcrypt_generic_deinit() is deprecated since PHP 7.1 and removed since PHP 7.2; Use OpenSSL instead
vendor/ZendFramework/library/Zend/Filter/Encrypt/Mcrypt.php,201,22,ERROR,PHPCompatibility.FunctionUse.RemovedFunctions.mdecrypt_genericDeprecatedRemoved,unverified static candidate,Function mdecrypt_generic() is deprecated since PHP 7.1 and removed since PHP 7.2; Use OpenSSL instead
vendor/ZendFramework/library/Zend/Filter/Encrypt/Mcrypt.php,202,9,ERROR,PHPCompatibility.Extensions.RemovedExtensions.mcryptDeprecatedRemoved,unverified static candidate,Extension 'mcrypt' is deprecated since PHP 7.1 and removed since PHP 7.2; Use openssl (preferred) or pecl/mcrypt once available instead
vendor/ZendFramework/library/Zend/Filter/Encrypt/Mcrypt.php,202,9,ERROR,PHPCompatibility.FunctionUse.RemovedFunctions.mcrypt_generic_deinitDeprecatedRemoved,unverified static candidate,Function mcrypt_generic_deinit() is deprecated since PHP 7.1 and removed since PHP 7.2; Use OpenSSL instead
vendor/ZendFramework/library/Zend/Filter/Encrypt/Mcrypt.php,226,19,ERROR,PHPCompatibility.Extensions.RemovedExtensions.mcryptDeprecatedRemoved,unverified static candidate,Extension 'mcrypt' is deprecated since PHP 7.1 and removed since PHP 7.2; Use openssl (preferred) or pecl/mcrypt once available instead
vendor/ZendFramework/library/Zend/Filter/Encrypt/Mcrypt.php,226,19,ERROR,PHPCompatibility.FunctionUse.RemovedFunctions.mcrypt_module_openDeprecatedRemoved,unverified static candidate,Function mcrypt_module_open() is deprecated since PHP 7.1 and removed since PHP 7.2; Use OpenSSL instead
vendor/ZendFramework/library/Zend/Filter/Encrypt/Mcrypt.php,248,9,ERROR,PHPCompatibility.Extensions.RemovedExtensions.mcryptDeprecatedRemoved,unverified static candidate,Extension 'mcrypt' is deprecated since PHP 7.1 and removed since PHP 7.2; Use openssl (preferred) or pecl/mcrypt once available instead
vendor/ZendFramework/library/Zend/Filter/Encrypt/Mcrypt.php,248,9,ERROR,PHPCompatibility.FunctionUse.RemovedFunctions.mcrypt_module_closeDeprecatedRemoved,unverified static candidate,Function mcrypt_module_close() is deprecated since PHP 7.1 and removed since PHP 7.2; Use OpenSSL instead
vendor/ZendFramework/library/Zend/Filter/Encrypt/Mcrypt.php,264,21,ERROR,PHPCompatibility.Extensions.RemovedExtensions.mcryptDeprecatedRemoved,unverified static candidate,Extension 'mcrypt' is deprecated since PHP 7.1 and removed since PHP 7.2; Use openssl (preferred) or pecl/mcrypt once available instead
vendor/ZendFramework/library/Zend/Filter/Encrypt/Mcrypt.php,264,21,ERROR,PHPCompatibility.FunctionUse.RemovedFunctions.mcrypt_enc_get_supported_key_sizesDeprecatedRemoved,unverified static candidate,Function mcrypt_enc_get_supported_key_sizes() is deprecated since PHP 7.1 and removed since PHP 7.2; Use OpenSSL instead
vendor/ZendFramework/library/Zend/Filter/Encrypt/Mcrypt.php,267,24,ERROR,PHPCompatibility.Extensions.RemovedExtensions.mcryptDeprecatedRemoved,unverified static candidate,Extension 'mcrypt' is deprecated since PHP 7.1 and removed since PHP 7.2; Use openssl (preferred) or pecl/mcrypt once available instead
vendor/ZendFramework/library/Zend/Filter/Encrypt/Mcrypt.php,267,24,ERROR,PHPCompatibility.FunctionUse.RemovedFunctions.mcrypt_enc_get_key_sizeDeprecatedRemoved,unverified static candidate,Function mcrypt_enc_get_key_size() is deprecated since PHP 7.1 and removed since PHP 7.2; Use OpenSSL instead
vendor/ZendFramework/library/Zend/Filter/Encrypt/Mcrypt.php,274,19,ERROR,PHPCompatibility.Extensions.RemovedExtensions.mcryptDeprecatedRemoved,unverified static candidate,Extension 'mcrypt' is deprecated since PHP 7.1 and removed since PHP 7.2; Use openssl (preferred) or pecl/mcrypt once available instead
vendor/ZendFramework/library/Zend/Filter/Encrypt/Mcrypt.php,274,19,ERROR,PHPCompatibility.FunctionUse.RemovedFunctions.mcrypt_generic_initDeprecatedRemoved,unverified static candidate,Function mcrypt_generic_init() is deprecated since PHP 7.1 and removed since PHP 7.2; Use OpenSSL instead
vendor/ZendFramework/library/Zend/Filter/Encrypt/Openssl.php,111,21,WARNING,PHPCompatibility.FunctionUse.RemovedFunctions.openssl_free_keyDeprecated,unverified static candidate,Function openssl_free_key() is deprecated since PHP 8.0
vendor/ZendFramework/library/Zend/Filter/Encrypt/Openssl.php,121,21,WARNING,PHPCompatibility.FunctionUse.RemovedFunctions.openssl_free_keyDeprecated,unverified static candidate,Function openssl_free_key() is deprecated since PHP 8.0
vendor/ZendFramework/library/Zend/Filter/Encrypt/Openssl.php,281,19,ERROR,PHPCompatibility.FunctionUse.OptionalToRequiredFunctionParameters.openssl_seal_cipher_algoHardRequired,unverified static candidate,"The ""cipher_algo"" parameter for function openssl_seal() is missing. Passing this parameter is no longer optional. The optional nature of the parameter is removed since PHP 8.0"
vendor/ZendFramework/library/Zend/Filter/Encrypt/Openssl.php,283,13,WARNING,PHPCompatibility.FunctionUse.RemovedFunctions.openssl_free_keyDeprecated,unverified static candidate,Function openssl_free_key() is deprecated since PHP 8.0
vendor/ZendFramework/library/Zend/Filter/Encrypt/Openssl.php,323,19,ERROR,PHPCompatibility.FunctionUse.OptionalToRequiredFunctionParameters.openssl_open_cipher_algoHardRequired,unverified static candidate,"The ""cipher_algo"" parameter for function openssl_open() is missing. Passing this parameter is no longer optional. The optional nature of the parameter is removed since PHP 8.0"
vendor/ZendFramework/library/Zend/Filter/Encrypt/Openssl.php,324,9,WARNING,PHPCompatibility.FunctionUse.RemovedFunctions.openssl_free_keyDeprecated,unverified static candidate,Function openssl_free_key() is deprecated since PHP 8.0
vendor/ZendFramework/library/Zend/Filter/File/Rename.php,67,21,ERROR,PHPCompatibility.FunctionUse.ArgumentFunctionsReportCurrentValue.Changed,unverified static candidate,"Since PHP 7.0, functions inspecting arguments, like func_get_args(), no longer report the original value as passed to a parameter, but will instead provide the current value. The parameter ""$options"" was changed on line 57."
vendor/ZendFramework/library/Zend/Filter/HtmlEntities.php,67,24,WARNING,PHPCompatibility.FunctionUse.ArgumentFunctionsReportCurrentValue.NeedsInspection,unverified static candidate,"Since PHP 7.0, functions inspecting arguments, like func_get_args(), no longer report the original value as passed to a parameter, but will instead provide the current value. The parameter ""$options"" was used, and possibly changed (by reference), on line 65."
vendor/ZendFramework/library/Zend/Filter/StripTags.php,89,24,ERROR,PHPCompatibility.FunctionUse.ArgumentFunctionsReportCurrentValue.Changed,unverified static candidate,"Since PHP 7.0, functions inspecting arguments, like func_get_args(), no longer report the original value as passed to a parameter, but will instead provide the current value. The parameter ""$options"" was changed on line 86."
vendor/ZendFramework/library/Zend/Gdata/App.php,728,14,ERROR,PHPCompatibility.Variables.ForbiddenThisUseContexts.OutsideObjectContext,unverified static candidate,"""$this"" can no longer be used in a plain function or method since PHP 7.1."
vendor/ZendFramework/library/Zend/Gdata/App.php,805,18,ERROR,PHPCompatibility.IniDirectives.RemovedIniDirectives.track_errorsDeprecatedRemoved,unverified static candidate,INI directive 'track_errors' is deprecated since PHP 7.2 and removed since PHP 8.0
vendor/ZendFramework/library/Zend/Gdata/App.php,837,18,ERROR,PHPCompatibility.IniDirectives.RemovedIniDirectives.track_errorsDeprecatedRemoved,unverified static candidate,INI directive 'track_errors' is deprecated since PHP 7.2 and removed since PHP 8.0
vendor/ZendFramework/library/Zend/Gdata/App.php,1053,25,WARNING,PHPCompatibility.TextStrings.RemovedDollarBraceStringEmbeds.DeprecatedVariableSyntax,unverified static candidate,"Using ${var} in strings is deprecated since PHP 8.2, use {$var} instead. Found: ${class}"
vendor/ZendFramework/library/Zend/Gdata/App.php,1057,48,WARNING,PHPCompatibility.TextStrings.RemovedDollarBraceStringEmbeds.DeprecatedVariableSyntax,unverified static candidate,"Using ${var} in strings is deprecated since PHP 8.2, use {$var} instead. Found: ${method}"
vendor/ZendFramework/library/Zend/Gdata/App/Base.php,302,22,ERROR,PHPCompatibility.IniDirectives.RemovedIniDirectives.track_errorsDeprecatedRemoved,unverified static candidate,INI directive 'track_errors' is deprecated since PHP 7.2 and removed since PHP 8.0
vendor/ZendFramework/library/Zend/Gdata/App/Base.php,480,43,WARNING,PHPCompatibility.TextStrings.RemovedDollarBraceStringEmbeds.DeprecatedVariableSyntax,unverified static candidate,"Using ${var} in strings is deprecated since PHP 8.2, use {$var} instead. Found: ${name}"
vendor/ZendFramework/library/Zend/Gdata/App/BaseMediaSource.php,116,43,WARNING,PHPCompatibility.TextStrings.RemovedDollarBraceStringEmbeds.DeprecatedVariableSyntax,unverified static candidate,"Using ${var} in strings is deprecated since PHP 8.2, use {$var} instead. Found: ${name}"
vendor/ZendFramework/library/Zend/Gdata/App/LoggingHttpClientAdapterSocket.php,76,20,WARNING,PHPCompatibility.TextStrings.RemovedDollarBraceStringEmbeds.DeprecatedVariableSyntax,unverified static candidate,"Using ${var} in strings is deprecated since PHP 8.2, use {$var} instead. Found: ${host}"
vendor/ZendFramework/library/Zend/Gdata/App/LoggingHttpClientAdapterSocket.php,76,20,WARNING,PHPCompatibility.TextStrings.RemovedDollarBraceStringEmbeds.DeprecatedVariableSyntax,unverified static candidate,"Using ${var} in strings is deprecated since PHP 8.2, use {$var} instead. Found: ${port}"
vendor/ZendFramework/library/Zend/Gdata/App/LoggingHttpClientAdapterSocket.php,105,20,WARNING,PHPCompatibility.TextStrings.RemovedDollarBraceStringEmbeds.DeprecatedVariableSyntax,unverified static candidate,"Using ${var} in strings is deprecated since PHP 8.2, use {$var} instead. Found: ${response}"
vendor/ZendFramework/library/Zend/Gdata/Gapps.php,648,25,WARNING,PHPCompatibility.TextStrings.RemovedDollarBraceStringEmbeds.DeprecatedVariableSyntax,unverified static candidate,"Using ${var} in strings is deprecated since PHP 8.2, use {$var} instead. Found: ${class}"
vendor/ZendFramework/library/Zend/Gdata/Gapps/ServiceException.php,161,22,ERROR,PHPCompatibility.IniDirectives.RemovedIniDirectives.track_errorsDeprecatedRemoved,unverified static candidate,INI directive 'track_errors' is deprecated since PHP 7.2 and removed since PHP 8.0
vendor/ZendFramework/library/Zend/Gdata/YouTube.php,653,18,ERROR,PHPCompatibility.IniDirectives.RemovedIniDirectives.track_errorsDeprecatedRemoved,unverified static candidate,INI directive 'track_errors' is deprecated since PHP 7.2 and removed since PHP 8.0
vendor/ZendFramework/library/Zend/Gdata/YouTube.php,800,45,WARNING,PHPCompatibility.FunctionDeclarations.RemovedOptionalBeforeRequiredParam.Deprecated80,unverified static candidate,"Declaring an optional parameter before a required parameter is deprecated since PHP 8.0. Parameter $videoEntry is optional, while parameter $recipientUserName is required. The $videoEntry parameter is implicitly treated as a required parameter."
vendor/ZendFramework/library/Zend/Gdata/YouTube.php,801,9,WARNING,PHPCompatibility.FunctionDeclarations.RemovedOptionalBeforeRequiredParam.Deprecated80,unverified static candidate,"Declaring an optional parameter before a required parameter is deprecated since PHP 8.0. Parameter $videoId is optional, while parameter $recipientUserName is required. The $videoId parameter is implicitly treated as a required parameter."
vendor/ZendFramework/library/Zend/Http/Client.php,1045,27,WARNING,PHPCompatibility.IniDirectives.RemovedIniDirectives.mbstring_func_overloadDeprecatedRemoved,unverified static candidate,INI directive 'mbstring.func_overload' is deprecated since PHP 7.2 and removed since PHP 8.0
vendor/ZendFramework/library/Zend/Http/Response.php,567,27,WARNING,PHPCompatibility.IniDirectives.RemovedIniDirectives.mbstring_func_overloadDeprecatedRemoved,unverified static candidate,INI directive 'mbstring.func_overload' is deprecated since PHP 7.2 and removed since PHP 8.0
vendor/ZendFramework/library/Zend/Json/Decoder.php,324,21,ERROR,PHPCompatibility.Syntax.RemovedCurlyBraceArrayAccess.Removed,unverified static candidate,Curly brace syntax for accessing array elements and string offsets has been deprecated in PHP 7.4 and removed in PHP 8.0. Found: $str{$i}
vendor/ZendFramework/library/Zend/Json/Decoder.php,351,32,ERROR,PHPCompatibility.Syntax.RemovedCurlyBraceArrayAccess.Removed,unverified static candidate,Curly brace syntax for accessing array elements and string offsets has been deprecated in PHP 7.4 and removed in PHP 8.0. Found: $str{$i}
vendor/ZendFramework/library/Zend/Json/Decoder.php,358,36,ERROR,PHPCompatibility.Syntax.RemovedCurlyBraceArrayAccess.Removed,unverified static candidate,Curly brace syntax for accessing array elements and string offsets has been deprecated in PHP 7.4 and removed in PHP 8.0. Found: $str{$i}
vendor/ZendFramework/library/Zend/Json/Decoder.php,431,20,ERROR,PHPCompatibility.Syntax.RemovedCurlyBraceArrayAccess.Removed,unverified static candidate,Curly brace syntax for accessing array elements and string offsets has been deprecated in PHP 7.4 and removed in PHP 8.0. Found: $str{$i}
vendor/ZendFramework/library/Zend/Json/Decoder.php,494,35,ERROR,PHPCompatibility.Syntax.RemovedCurlyBraceArrayAccess.Removed,unverified static candidate,Curly brace syntax for accessing array elements and string offsets has been deprecated in PHP 7.4 and removed in PHP 8.0. Found: $chrs{$i}
vendor/ZendFramework/library/Zend/Json/Decoder.php,552,29,ERROR,PHPCompatibility.Syntax.RemovedCurlyBraceArrayAccess.Removed,unverified static candidate,Curly brace syntax for accessing array elements and string offsets has been deprecated in PHP 7.4 and removed in PHP 8.0. Found: $utf16{0}
vendor/ZendFramework/library/Zend/Json/Decoder.php,552,52,ERROR,PHPCompatibility.Syntax.RemovedCurlyBraceArrayAccess.Removed,unverified static candidate,Curly brace syntax for accessing array elements and string offsets has been deprecated in PHP 7.4 and removed in PHP 8.0. Found: $utf16{1}
vendor/ZendFramework/library/Zend/Json/Encoder.php,557,45,ERROR,PHPCompatibility.Syntax.RemovedCurlyBraceArrayAccess.Removed,unverified static candidate,Curly brace syntax for accessing array elements and string offsets has been deprecated in PHP 7.4 and removed in PHP 8.0. Found: $utf8{0}
vendor/ZendFramework/library/Zend/Json/Encoder.php,558,46,ERROR,PHPCompatibility.Syntax.RemovedCurlyBraceArrayAccess.Removed,unverified static candidate,Curly brace syntax for accessing array elements and string offsets has been deprecated in PHP 7.4 and removed in PHP 8.0. Found: $utf8{0}
vendor/ZendFramework/library/Zend/Json/Encoder.php,559,45,ERROR,PHPCompatibility.Syntax.RemovedCurlyBraceArrayAccess.Removed,unverified static candidate,Curly brace syntax for accessing array elements and string offsets has been deprecated in PHP 7.4 and removed in PHP 8.0. Found: $utf8{1}
vendor/ZendFramework/library/Zend/Json/Encoder.php,564,46,ERROR,PHPCompatibility.Syntax.RemovedCurlyBraceArrayAccess.Removed,unverified static candidate,Curly brace syntax for accessing array elements and string offsets has been deprecated in PHP 7.4 and removed in PHP 8.0. Found: $utf8{0}
vendor/ZendFramework/library/Zend/Json/Encoder.php,565,46,ERROR,PHPCompatibility.Syntax.RemovedCurlyBraceArrayAccess.Removed,unverified static candidate,Curly brace syntax for accessing array elements and string offsets has been deprecated in PHP 7.4 and removed in PHP 8.0. Found: $utf8{1}
vendor/ZendFramework/library/Zend/Json/Encoder.php,566,46,ERROR,PHPCompatibility.Syntax.RemovedCurlyBraceArrayAccess.Removed,unverified static candidate,Curly brace syntax for accessing array elements and string offsets has been deprecated in PHP 7.4 and removed in PHP 8.0. Found: $utf8{1}
vendor/ZendFramework/library/Zend/Json/Encoder.php,567,45,ERROR,PHPCompatibility.Syntax.RemovedCurlyBraceArrayAccess.Removed,unverified static candidate,Curly brace syntax for accessing array elements and string offsets has been deprecated in PHP 7.4 and removed in PHP 8.0. Found: $utf8{2}
vendor/ZendFramework/library/Zend/Json/Server.php,104,21,WARNING,PHPCompatibility.FunctionUse.ArgumentFunctionsReportCurrentValue.NeedsInspection,unverified static candidate,"Since PHP 7.0, functions inspecting arguments, like func_get_args(), no longer report the original value as passed to a parameter, but will instead provide the current value. The parameter ""$function"" was used, and possibly changed (by reference), on line 92."
vendor/ZendFramework/library/Zend/Json/Server.php,147,21,ERROR,PHPCompatibility.FunctionUse.ArgumentFunctionsReportCurrentValue.Changed,unverified static candidate,"Since PHP 7.0, functions inspecting arguments, like func_get_args(), no longer report the original value as passed to a parameter, but will instead provide the current value. The parameter ""$argv"" was changed on line 145."
vendor/ZendFramework/library/Zend/Locale/Format.php,302,28,WARNING,PHPCompatibility.ParameterValues.RemovedIconvEncoding.DeprecatedValueFound,unverified static candidate,All previously accepted values for the $type parameter of iconv_set_encoding() have been deprecated since PHP 5.6. Found 'internal_encoding'
vendor/ZendFramework/library/Zend/Log/Formatter/Xml.php,79,26,ERROR,PHPCompatibility.ParameterValues.NewHTMLEntitiesFlagsDefault.NotSet,unverified static candidate,"The default value of the $flags parameter for htmlspecialchars() was changed from ENT_COMPAT to ENT_QUOTES | ENT_SUBSTITUTE | ENT_HTML401 in PHP 8.1. For cross-version compatibility, the $flags parameter should be explicitly set."
vendor/ZendFramework/library/Zend/Log/Writer/Db.php,75,38,WARNING,PHPCompatibility.ParameterValues.RemovedGetClassNoArgs.ArgMissing,unverified static candidate,Calling get_class() without the $object argument is deprecated since PHP 8.3.
vendor/ZendFramework/library/Zend/Mail/Protocol/Imap.php,410,18,WARNING,PHPCompatibility.FunctionUse.ArgumentFunctionsReportCurrentValue.NeedsInspection,unverified static candidate,"Since PHP 7.0, functions inspecting arguments, like func_get_args(), no longer report the original value as passed to a parameter, but will instead provide the current value. The parameter ""$string"" was used, and possibly changed (by reference), on line 403."
vendor/ZendFramework/library/Zend/Validate/File/Count.php,120,31,ERROR,PHPCompatibility.FunctionUse.ArgumentFunctionsReportCurrentValue.Changed,unverified static candidate,"Since PHP 7.0, functions inspecting arguments, like func_get_arg(), no longer report the original value as passed to a parameter, but will instead provide the current value. The parameter ""$options"" was changed on line 109."
vendor/ZendFramework/library/Zend/Validate/File/ExcludeMimeType.php,83,65,WARNING,PHPCompatibility.IniDirectives.RemovedIniDirectives.mime_magic_magicfileRemoved,unverified static candidate,INI directive 'mime_magic.magicfile' is removed since PHP 5.3
vendor/ZendFramework/library/Zend/Validate/File/FilesSize.php,87,21,ERROR,PHPCompatibility.FunctionUse.ArgumentFunctionsReportCurrentValue.Changed,unverified static candidate,"Since PHP 7.0, functions inspecting arguments, like func_get_args(), no longer report the original value as passed to a parameter, but will instead provide the current value. The parameter ""$options"" was changed on line 75."
vendor/ZendFramework/library/Zend/Validate/File/ImageSize.php,135,21,ERROR,PHPCompatibility.FunctionUse.ArgumentFunctionsReportCurrentValue.Changed,unverified static candidate,"Since PHP 7.0, functions inspecting arguments, like func_get_args(), no longer report the original value as passed to a parameter, but will instead provide the current value. The parameter ""$options"" was changed on line 128."
vendor/ZendFramework/library/Zend/Validate/File/MimeType.php,310,65,WARNING,PHPCompatibility.IniDirectives.RemovedIniDirectives.mime_magic_magicfileRemoved,unverified static candidate,INI directive 'mime_magic.magicfile' is removed since PHP 5.3
vendor/ZendFramework/library/Zend/Validate/File/Size.php,117,21,ERROR,PHPCompatibility.FunctionUse.ArgumentFunctionsReportCurrentValue.Changed,unverified static candidate,"Since PHP 7.0, functions inspecting arguments, like func_get_args(), no longer report the original value as passed to a parameter, but will instead provide the current value. The parameter ""$options"" was changed on line 106."
vendor/ZendFramework/library/Zend/Validate/Hostname.php,1947,32,WARNING,PHPCompatibility.ParameterValues.RemovedIconvEncoding.DeprecatedValueFound,unverified static candidate,All previously accepted values for the $type parameter of iconv_set_encoding() have been deprecated since PHP 5.6. Found 'internal_encoding'
vendor/ZendFramework/library/Zend/Validate/Hostname.php,2012,52,WARNING,PHPCompatibility.ParameterValues.RemovedIconvEncoding.DeprecatedValueFound,unverified static candidate,All previously accepted values for the $type parameter of iconv_set_encoding() have been deprecated since PHP 5.6. Found 'internal_encoding'
vendor/ZendFramework/library/Zend/Validate/Hostname.php,2049,32,WARNING,PHPCompatibility.ParameterValues.RemovedIconvEncoding.DeprecatedValueFound,unverified static candidate,All previously accepted values for the $type parameter of iconv_set_encoding() have been deprecated since PHP 5.6. Found 'internal_encoding'
vendor/ZendFramework/library/Zend/Validate/StringLength.php,179,42,WARNING,PHPCompatibility.ParameterValues.RemovedIconvEncoding.DeprecatedValueFound,unverified static candidate,All previously accepted values for the $type parameter of iconv_set_encoding() have been deprecated since PHP 5.6. Found 'internal_encoding'
vendor/ZendFramework/library/Zend/Validate/StringLength.php,185,32,WARNING,PHPCompatibility.ParameterValues.RemovedIconvEncoding.DeprecatedValueFound,unverified static candidate,All previously accepted values for the $type parameter of iconv_set_encoding() have been deprecated since PHP 5.6. Found 'internal_encoding'
vendor/ZendFramework/library/Zend/View/Helper/HeadStyle.php,336,58,ERROR,PHPCompatibility.ParameterValues.NewHTMLEntitiesFlagsDefault.NotSet,unverified static candidate,"The default value of the $flags parameter for htmlspecialchars() was changed from ENT_COMPAT to ENT_QUOTES | ENT_SUBSTITUTE | ENT_HTML401 in PHP 8.1. For cross-version compatibility, the $flags parameter should be explicitly set."
vendor/ZendFramework/library/Zend/View/Helper/Navigation/Sitemap.php,286,25,ERROR,PHPCompatibility.Syntax.RemovedCurlyBraceArrayAccess.Removed,unverified static candidate,Curly brace syntax for accessing array elements and string offsets has been deprecated in PHP 7.4 and removed in PHP 8.0. Found: $href{0}
vendor/ZendFramework/library/Zend/View/Helper/Navigation/Sitemap.php,289,24,ERROR,PHPCompatibility.Syntax.RemovedCurlyBraceArrayAccess.Removed,unverified static candidate,Curly brace syntax for accessing array elements and string offsets has been deprecated in PHP 7.4 and removed in PHP 8.0. Found: $href{0}
vendor/ZendFramework/library/Zend/View/Helper/Translate.php,79,20,WARNING,PHPCompatibility.FunctionUse.ArgumentFunctionsReportCurrentValue.NeedsInspection,unverified static candidate,"Since PHP 7.0, functions inspecting arguments, like func_get_args(), no longer report the original value as passed to a parameter, but will instead provide the current value. The parameter ""$messageid"" was used, and possibly changed (by reference), on line 70."
vendor/avro/wikimedia/avro/lib/avro/datum.php,207,9,ERROR,PHPCompatibility.ControlStructures.ForbiddenBreakContinueOutsideLoop.FatalError,unverified static candidate,Using 'break' outside of a loop or switch structure is invalid and will throw a fatal error since PHP 7.0
vendor/aws/Aws/Common/Credentials/AbstractCredentialsDecorator.php,22,1,WARNING,PHPCompatibility.Interfaces.RemovedSerializable.Deprecated,unverified static candidate,"""Only Serializable"" classes are deprecated since PHP 8.1. The magic __serialize() and __unserialize() methods need to be implemented for cross-version compatibility. Missing implementation of: __serialize() and __unserialize()"
vendor/aws/Aws/Common/Credentials/CredentialsInterface.php,24,1,WARNING,PHPCompatibility.Interfaces.RemovedSerializable.MissingInterface,unverified static candidate,"The ""CredentialsInterface"" interface extends the serializable serializable interface. For the PHPCompatibility.Interface.RemovedSerializable sniff to be reliable, the name of this interface needs to be added to the list of interface implementations to find. Please add the interface name ""CredentialsInterface"" to the ""serializableInterfaces"" property for this sniff in your custom ruleset and rescan the codebase."
vendor/aws/Aws/Common/Enum.php,22,10,WARNING,PHPCompatibility.Keywords.ForbiddenNames.enumFound,unverified static candidate,"'enum' is a soft reserved keyword as of PHP version 8.1 and should not be used to name a class, interface or trait or as part of a namespace (class declaration)"
vendor/aws/Aws/Common/Model/MultipartUpload/TransferStateInterface.php,24,1,WARNING,PHPCompatibility.Interfaces.RemovedSerializable.MissingInterface,unverified static candidate,"The ""TransferStateInterface"" interface extends the serializable serializable interface. For the PHPCompatibility.Interface.RemovedSerializable sniff to be reliable, the name of this interface needs to be added to the list of interface implementations to find. Please add the interface name ""TransferStateInterface"" to the ""serializableInterfaces"" property for this sniff in your custom ruleset and rescan the codebase."
vendor/aws/Aws/Common/Model/MultipartUpload/UploadIdInterface.php,22,1,WARNING,PHPCompatibility.Interfaces.RemovedSerializable.MissingInterface,unverified static candidate,"The ""UploadIdInterface"" interface extends the serializable serializable interface. For the PHPCompatibility.Interface.RemovedSerializable sniff to be reliable, the name of this interface needs to be added to the list of interface implementations to find. Please add the interface name ""UploadIdInterface"" to the ""serializableInterfaces"" property for this sniff in your custom ruleset and rescan the codebase."
vendor/aws/Aws/Common/Model/MultipartUpload/UploadPartInterface.php,22,1,WARNING,PHPCompatibility.Interfaces.RemovedSerializable.MissingInterface,unverified static candidate,"The ""UploadPartInterface"" interface extends the serializable serializable interface. For the PHPCompatibility.Interface.RemovedSerializable sniff to be reliable, the name of this interface needs to be added to the list of interface implementations to find. Please add the interface name ""UploadPartInterface"" to the ""serializableInterfaces"" property for this sniff in your custom ruleset and rescan the codebase."
vendor/aws/Doctrine/Common/Cache/FileCache.php,114,15,ERROR,PHPCompatibility.ParameterValues.RemovedImplodeFlexibleParamOrder.Removed,unverified static candidate,Passing the $glue and $pieces parameters in reverse order to implode has been deprecated since PHP 7.4 and is removed since PHP 8.0; $glue should be the first parameter and $pieces the second
vendor/aws/Guzzle/Http/Curl/CurlMulti.php,287,67,ERROR,PHPCompatibility.Classes.NewClasses.curlhandleFound,unverified static candidate,The built-in class CurlHandle is not present in PHP version 7.4 or earlier
vendor/aws/Guzzle/Http/Curl/CurlMulti.php,352,65,ERROR,PHPCompatibility.Classes.NewClasses.curlhandleFound,unverified static candidate,The built-in class CurlHandle is not present in PHP version 7.4 or earlier
vendor/aws/Guzzle/Http/Message/Response.php,17,1,WARNING,PHPCompatibility.Interfaces.RemovedSerializable.Deprecated,unverified static candidate,"""Only Serializable"" classes are deprecated since PHP 8.1. The magic __serialize() and __unserialize() methods need to be implemented for cross-version compatibility. Missing implementation of: __serialize() and __unserialize()"
vendor/aws/Guzzle/Http/Message/Response.php,882,28,WARNING,PHPCompatibility.FunctionUse.RemovedFunctions.libxml_disable_entity_loaderDeprecated,unverified static candidate,Function libxml_disable_entity_loader() is deprecated since PHP 8.0
vendor/aws/Guzzle/Http/Message/Response.php,896,9,WARNING,PHPCompatibility.FunctionUse.RemovedFunctions.libxml_disable_entity_loaderDeprecated,unverified static candidate,Function libxml_disable_entity_loader() is deprecated since PHP 8.0
vendor/aws/Guzzle/Plugin/Cookie/CookieJar/ArrayCookieJar.php,14,1,WARNING,PHPCompatibility.Interfaces.RemovedSerializable.Deprecated,unverified static candidate,"""Only Serializable"" classes are deprecated since PHP 8.1. The magic __serialize() and __unserialize() methods need to be implemented for cross-version compatibility. Missing implementation of: __serialize() and __unserialize()"
vendor/aws/Guzzle/Service/Builder/ServiceBuilder.php,16,1,WARNING,PHPCompatibility.Interfaces.RemovedSerializable.Deprecated,unverified static candidate,"""Only Serializable"" classes are deprecated since PHP 8.1. The magic __serialize() and __unserialize() methods need to be implemented for cross-version compatibility. Missing implementation of: __serialize() and __unserialize()"
vendor/aws/Guzzle/Service/Description/ServiceDescription.php,11,1,WARNING,PHPCompatibility.Interfaces.RemovedSerializable.Deprecated,unverified static candidate,"""Only Serializable"" classes are deprecated since PHP 8.1. The magic __serialize() and __unserialize() methods need to be implemented for cross-version compatibility. Missing implementation of: __serialize() and __unserialize()"
vendor/aws/Guzzle/Service/Description/ServiceDescriptionInterface.php,8,1,WARNING,PHPCompatibility.Interfaces.RemovedSerializable.MissingInterface,unverified static candidate,"The ""ServiceDescriptionInterface"" interface extends the serializable serializable interface. For the PHPCompatibility.Interface.RemovedSerializable sniff to be reliable, the name of this interface needs to be added to the list of interface implementations to find. Please add the interface name ""ServiceDescriptionInterface"" to the ""serializableInterfaces"" property for this sniff in your custom ruleset and rescan the codebase."
vendor/aws/Guzzle/Service/Resource/AbstractResourceIteratorFactory.php,3,11,WARNING,PHPCompatibility.Keywords.ForbiddenNames.resourceFound,unverified static candidate,"'resource' is a soft reserved keyword as of PHP version 7.0 and should not be used to name a class, interface or trait or as part of a namespace (namespace declaration)"
vendor/aws/Guzzle/Service/Resource/CompositeResourceIteratorFactory.php,3,11,WARNING,PHPCompatibility.Keywords.ForbiddenNames.resourceFound,unverified static candidate,"'resource' is a soft reserved keyword as of PHP version 7.0 and should not be used to name a class, interface or trait or as part of a namespace (namespace declaration)"
vendor/aws/Guzzle/Service/Resource/MapResourceIteratorFactory.php,3,11,WARNING,PHPCompatibility.Keywords.ForbiddenNames.resourceFound,unverified static candidate,"'resource' is a soft reserved keyword as of PHP version 7.0 and should not be used to name a class, interface or trait or as part of a namespace (namespace declaration)"
vendor/aws/Guzzle/Service/Resource/Model.php,3,11,WARNING,PHPCompatibility.Keywords.ForbiddenNames.resourceFound,unverified static candidate,"'resource' is a soft reserved keyword as of PHP version 7.0 and should not be used to name a class, interface or trait or as part of a namespace (namespace declaration)"
vendor/aws/Guzzle/Service/Resource/ResourceIterator.php,3,11,WARNING,PHPCompatibility.Keywords.ForbiddenNames.resourceFound,unverified static candidate,"'resource' is a soft reserved keyword as of PHP version 7.0 and should not be used to name a class, interface or trait or as part of a namespace (namespace declaration)"
vendor/aws/Guzzle/Service/Resource/ResourceIteratorApplyBatched.php,3,11,WARNING,PHPCompatibility.Keywords.ForbiddenNames.resourceFound,unverified static candidate,"'resource' is a soft reserved keyword as of PHP version 7.0 and should not be used to name a class, interface or trait or as part of a namespace (namespace declaration)"
vendor/aws/Guzzle/Service/Resource/ResourceIteratorClassFactory.php,3,11,WARNING,PHPCompatibility.Keywords.ForbiddenNames.resourceFound,unverified static candidate,"'resource' is a soft reserved keyword as of PHP version 7.0 and should not be used to name a class, interface or trait or as part of a namespace (namespace declaration)"
vendor/aws/Guzzle/Service/Resource/ResourceIteratorFactoryInterface.php,3,11,WARNING,PHPCompatibility.Keywords.ForbiddenNames.resourceFound,unverified static candidate,"'resource' is a soft reserved keyword as of PHP version 7.0 and should not be used to name a class, interface or trait or as part of a namespace (namespace declaration)"
vendor/aws/Guzzle/Service/Resource/ResourceIteratorInterface.php,3,11,WARNING,PHPCompatibility.Keywords.ForbiddenNames.resourceFound,unverified static candidate,"'resource' is a soft reserved keyword as of PHP version 7.0 and should not be used to name a class, interface or trait or as part of a namespace (namespace declaration)"
vendor/aws/Monolog/Handler/ChromePHPHandler.php,131,31,WARNING,PHPCompatibility.FunctionUse.RemovedFunctions.utf8_encodeDeprecated,unverified static candidate,"Function utf8_encode() is deprecated since PHP 8.2; Use mb_convert_encoding(), UConverter::transcode() or iconv instead"
vendor/aws/Monolog/Handler/ChromePHPHandler.php,146,35,WARNING,PHPCompatibility.FunctionUse.RemovedFunctions.utf8_encodeDeprecated,unverified static candidate,"Function utf8_encode() is deprecated since PHP 8.2; Use mb_convert_encoding(), UConverter::transcode() or iconv instead"
vendor/aws/Monolog/Processor/IntrospectionProcessor.php,50,18,WARNING,PHPCompatibility.FunctionUse.ArgumentFunctionsReportCurrentValue.NeedsInspection,unverified static candidate,"Since PHP 7.0, functions inspecting arguments, like debug_backtrace(), no longer report the original value as passed to a parameter, but will instead provide the current value. The parameter ""$record"" was used, and possibly changed (by reference), on line 46."
vendor/facebook-sdk-php-v5-customized/FacebookApp.php,28,1,WARNING,PHPCompatibility.Interfaces.RemovedSerializable.Deprecated,unverified static candidate,"""Only Serializable"" classes are deprecated since PHP 8.1. The magic __serialize() and __unserialize() methods need to be implemented for cross-version compatibility. Missing implementation of: __serialize() and __unserialize()"
vendor/facebook-sdk-php-v5-customized/PseudoRandomString/McryptPseudoRandomStringGenerator.php,57,25,ERROR,PHPCompatibility.Extensions.RemovedExtensions.mcryptDeprecatedRemoved,unverified static candidate,Extension 'mcrypt' is deprecated since PHP 7.1 and removed since PHP 7.2; Use openssl (preferred) or pecl/mcrypt once available instead
vendor/facebook-sdk-php-v5-customized/PseudoRandomString/McryptPseudoRandomStringGenerator.php,57,25,ERROR,PHPCompatibility.FunctionUse.RemovedFunctions.mcrypt_create_ivDeprecatedRemoved,unverified static candidate,Function mcrypt_create_iv() is deprecated since PHP 7.1 and removed since PHP 7.2; Use random_bytes() or OpenSSL instead
vendor/facebook-sdk-php-v5-customized/PseudoRandomString/McryptPseudoRandomStringGenerator.php,57,51,ERROR,PHPCompatibility.Constants.RemovedConstants.mcrypt_dev_urandomDeprecatedRemoved,unverified static candidate,"The constant ""MCRYPT_DEV_URANDOM"" is deprecated since PHP 7.1 and removed since PHP 7.2"
vendor/fpdf/fpdf.php,1051,13,WARNING,PHPCompatibility.IniDirectives.RemovedIniDirectives.mbstring_func_overloadDeprecatedRemoved,unverified static candidate,INI directive 'mbstring.func_overload' is deprecated since PHP 7.2 and removed since PHP 8.0
vendor/fpdf/fpdf.php,1054,5,ERROR,PHPCompatibility.FunctionUse.RemovedFunctions.get_magic_quotes_runtimeDeprecatedRemoved,unverified static candidate,Function get_magic_quotes_runtime() is deprecated since PHP 7.4 and removed since PHP 8.0
vendor/fpdf/fpdf.php,1055,4,ERROR,PHPCompatibility.FunctionUse.RemovedFunctions.set_magic_quotes_runtimeDeprecatedRemoved,unverified static candidate,Function set_magic_quotes_runtime() is deprecated since PHP 5.3 and removed since PHP 7.0
vendor/fpdf/makefont/makefont.php,315,5,ERROR,PHPCompatibility.FunctionUse.RemovedFunctions.get_magic_quotes_runtimeDeprecatedRemoved,unverified static candidate,Function get_magic_quotes_runtime() is deprecated since PHP 7.4 and removed since PHP 8.0
vendor/fpdf/makefont/makefont.php,316,4,ERROR,PHPCompatibility.FunctionUse.RemovedFunctions.set_magic_quotes_runtimeDeprecatedRemoved,unverified static candidate,Function set_magic_quotes_runtime() is deprecated since PHP 5.3 and removed since PHP 7.0
vendor/fpdf/makefont/makefont.php,317,10,WARNING,PHPCompatibility.IniDirectives.RemovedIniDirectives.auto_detect_line_endingsDeprecated,unverified static candidate,INI directive 'auto_detect_line_endings' is deprecated since PHP 8.1
vendor/google-api-php-client-1.1.2/src/Google/Http/REST.php,42,15,WARNING,PHPCompatibility.ParameterValues.RemovedGetClassNoArgs.ArgMissing,unverified static candidate,Calling get_class() without the $object argument is deprecated since PHP 8.3.
vendor/google-api-php-client-1.1.2/src/Google/Http/REST.php,173,28,ERROR,PHPCompatibility.ParameterValues.RemovedImplodeFlexibleParamOrder.Removed,unverified static candidate,Passing the $glue and $pieces parameters in reverse order to implode has been deprecated since PHP 7.4 and is removed since PHP 8.0; $glue should be the first parameter and $pieces the second
vendor/google-api-php-client-1.1.2/src/Google/Signer/P12.php,77,7,WARNING,PHPCompatibility.FunctionUse.RemovedFunctions.openssl_pkey_freeDeprecated,unverified static candidate,Function openssl_pkey_free() is deprecated since PHP 8.0
vendor/google-api-php-client-1.1.2/src/Google/Utils.php,65,31,ERROR,PHPCompatibility.Syntax.RemovedCurlyBraceArrayAccess.Removed,unverified static candidate,Curly brace syntax for accessing array elements and string offsets has been deprecated in PHP 7.4 and removed in PHP 8.0. Found: $str{$ret}
vendor/google-api-php-client-1.1.2/src/Google/Verifier/Pem.php,53,7,WARNING,PHPCompatibility.FunctionUse.RemovedFunctions.openssl_x509_freeDeprecated,unverified static candidate,Function openssl_x509_free() is deprecated since PHP 8.0
vendor/google-api-php-client/src/auth/Google_P12Signer.php,56,7,WARNING,PHPCompatibility.FunctionUse.RemovedFunctions.openssl_pkey_freeDeprecated,unverified static candidate,Function openssl_pkey_free() is deprecated since PHP 8.0
vendor/google-api-php-client/src/auth/Google_PemVerifier.php,46,7,WARNING,PHPCompatibility.FunctionUse.RemovedFunctions.openssl_x509_freeDeprecated,unverified static candidate,Function openssl_x509_free() is deprecated since PHP 8.0
vendor/google-api-php-client/src/io/Google_REST.php,123,28,ERROR,PHPCompatibility.ParameterValues.RemovedImplodeFlexibleParamOrder.Removed,unverified static candidate,Passing the $glue and $pieces parameters in reverse order to implode has been deprecated since PHP 7.4 and is removed since PHP 8.0; $glue should be the first parameter and $pieces the second
vendor/google-api-php-client/src/service/Google_Utils.php,58,31,ERROR,PHPCompatibility.Syntax.RemovedCurlyBraceArrayAccess.Removed,unverified static candidate,Curly brace syntax for accessing array elements and string offsets has been deprecated in PHP 7.4 and removed in PHP 8.0. Found: $str{$ret}
vendor/htmlpurifier/library/HTMLPurifier.autoload.php,17,5,ERROR,PHPCompatibility.FunctionNameRestrictions.RemovedMagicAutoload.Removed,unverified static candidate,Specifying an autoloader using an __autoload() function is deprecated since PHP 7.2 and no longer supported since PHP 8.0
vendor/htmlpurifier/library/HTMLPurifier.autoload.php,23,13,WARNING,PHPCompatibility.IniDirectives.RemovedIniDirectives.zend_ze1_compatibility_modeRemoved,unverified static candidate,INI directive 'zend.ze1_compatibility_mode' is removed since PHP 5.3
vendor/htmlpurifier/library/HTMLPurifier/AttrTransform/ImgSpace.php,28,27,ERROR,PHPCompatibility.ParameterValues.NewHTMLEntitiesFlagsDefault.NotSet,unverified static candidate,"The default value of the $flags parameter for htmlspecialchars() was changed from ENT_COMPAT to ENT_QUOTES | ENT_SUBSTITUTE | ENT_HTML401 in PHP 8.1. For cross-version compatibility, the $flags parameter should be explicitly set."
vendor/htmlpurifier/library/HTMLPurifier/CSSDefinition.php,458,25,ERROR,PHPCompatibility.ParameterValues.NewHTMLEntitiesFlagsDefault.NotSet,unverified static candidate,"The default value of the $flags parameter for htmlspecialchars() was changed from ENT_COMPAT to ENT_QUOTES | ENT_SUBSTITUTE | ENT_HTML401 in PHP 8.1. For cross-version compatibility, the $flags parameter should be explicitly set."
vendor/htmlpurifier/library/HTMLPurifier/ChildDef/Custom.php,48,17,ERROR,PHPCompatibility.Syntax.RemovedCurlyBraceArrayAccess.Removed,unverified static candidate,Curly brace syntax for accessing array elements and string offsets has been deprecated in PHP 7.4 and removed in PHP 8.0. Found: $raw{0}
vendor/htmlpurifier/library/HTMLPurifier/Config.php,184,67,ERROR,PHPCompatibility.ParameterValues.NewHTMLEntitiesFlagsDefault.NotSet,unverified static candidate,"The default value of the $flags parameter for htmlspecialchars() was changed from ENT_COMPAT to ENT_QUOTES | ENT_SUBSTITUTE | ENT_HTML401 in PHP 8.1. For cross-version compatibility, the $flags parameter should be explicitly set."
vendor/htmlpurifier/library/HTMLPurifier/Config.php,229,17,ERROR,PHPCompatibility.ParameterValues.NewHTMLEntitiesFlagsDefault.NotSet,unverified static candidate,"The default value of the $flags parameter for htmlspecialchars() was changed from ENT_COMPAT to ENT_QUOTES | ENT_SUBSTITUTE | ENT_HTML401 in PHP 8.1. For cross-version compatibility, the $flags parameter should be explicitly set."
vendor/htmlpurifier/library/HTMLPurifier/Config.php,312,53,ERROR,PHPCompatibility.ParameterValues.NewHTMLEntitiesFlagsDefault.NotSet,unverified static candidate,"The default value of the $flags parameter for htmlspecialchars() was changed from ENT_COMPAT to ENT_QUOTES | ENT_SUBSTITUTE | ENT_HTML401 in PHP 8.1. For cross-version compatibility, the $flags parameter should be explicitly set."
vendor/htmlpurifier/library/HTMLPurifier/Config.php,797,69,ERROR,PHPCompatibility.FunctionUse.RemovedFunctions.get_magic_quotes_gpcDeprecatedRemoved,unverified static candidate,Function get_magic_quotes_gpc() is deprecated since PHP 7.4 and removed since PHP 8.0
vendor/htmlpurifier/library/HTMLPurifier/DoctypeRegistry.php,89,40,ERROR,PHPCompatibility.ParameterValues.NewHTMLEntitiesFlagsDefault.NotSet,unverified static candidate,"The default value of the $flags parameter for htmlspecialchars() was changed from ENT_COMPAT to ENT_QUOTES | ENT_SUBSTITUTE | ENT_HTML401 in PHP 8.1. For cross-version compatibility, the $flags parameter should be explicitly set."
vendor/htmlpurifier/library/HTMLPurifier/Encoder.php,157,27,ERROR,PHPCompatibility.Syntax.RemovedCurlyBraceArrayAccess.Removed,unverified static candidate,Curly brace syntax for accessing array elements and string offsets has been deprecated in PHP 7.4 and removed in PHP 8.0. Found: $str{$i}
vendor/htmlpurifier/library/HTMLPurifier/Encoder.php,396,20,WARNING,PHPCompatibility.FunctionUse.RemovedFunctions.utf8_encodeDeprecated,unverified static candidate,"Function utf8_encode() is deprecated since PHP 8.2; Use mb_convert_encoding(), UConverter::transcode() or iconv instead"
vendor/htmlpurifier/library/HTMLPurifier/Encoder.php,448,20,WARNING,PHPCompatibility.FunctionUse.RemovedFunctions.utf8_decodeDeprecated,unverified static candidate,"Function utf8_decode() is deprecated since PHP 8.2; Use mb_convert_encoding(), UConverter::transcode() or iconv instead"
vendor/htmlpurifier/library/HTMLPurifier/HTMLDefinition.php,310,28,ERROR,PHPCompatibility.ParameterValues.NewHTMLEntitiesFlagsDefault.NotSet,unverified static candidate,"The default value of the $flags parameter for htmlspecialchars() was changed from ENT_COMPAT to ENT_QUOTES | ENT_SUBSTITUTE | ENT_HTML401 in PHP 8.1. For cross-version compatibility, the $flags parameter should be explicitly set."
vendor/htmlpurifier/library/HTMLPurifier/HTMLDefinition.php,369,40,ERROR,PHPCompatibility.ParameterValues.NewHTMLEntitiesFlagsDefault.NotSet,unverified static candidate,"The default value of the $flags parameter for htmlspecialchars() was changed from ENT_COMPAT to ENT_QUOTES | ENT_SUBSTITUTE | ENT_HTML401 in PHP 8.1. For cross-version compatibility, the $flags parameter should be explicitly set."
vendor/htmlpurifier/library/HTMLPurifier/HTMLDefinition.php,370,42,ERROR,PHPCompatibility.ParameterValues.NewHTMLEntitiesFlagsDefault.NotSet,unverified static candidate,"The default value of the $flags parameter for htmlspecialchars() was changed from ENT_COMPAT to ENT_QUOTES | ENT_SUBSTITUTE | ENT_HTML401 in PHP 8.1. For cross-version compatibility, the $flags parameter should be explicitly set."
vendor/htmlpurifier/library/HTMLPurifier/HTMLDefinition.php,386,38,ERROR,PHPCompatibility.ParameterValues.NewHTMLEntitiesFlagsDefault.NotSet,unverified static candidate,"The default value of the $flags parameter for htmlspecialchars() was changed from ENT_COMPAT to ENT_QUOTES | ENT_SUBSTITUTE | ENT_HTML401 in PHP 8.1. For cross-version compatibility, the $flags parameter should be explicitly set."
vendor/htmlpurifier/library/HTMLPurifier/HTMLModule.php,261,21,WARNING,PHPCompatibility.FunctionUse.ArgumentFunctionsReportCurrentValue.NeedsInspection,unverified static candidate,"Since PHP 7.0, functions inspecting arguments, like func_get_args(), no longer report the original value as passed to a parameter, but will instead provide the current value. The parameter ""$list"" was used, and possibly changed (by reference), on line 260."
vendor/htmlpurifier/library/HTMLPurifier/HTMLModule/Tidy.php,89,33,ERROR,PHPCompatibility.ParameterValues.NewHTMLEntitiesFlagsDefault.NotSet,unverified static candidate,"The default value of the $flags parameter for htmlspecialchars() was changed from ENT_COMPAT to ENT_QUOTES | ENT_SUBSTITUTE | ENT_HTML401 in PHP 8.1. For cross-version compatibility, the $flags parameter should be explicitly set."
vendor/htmlpurifier/library/HTMLPurifier/Lexer.php,128,25,ERROR,PHPCompatibility.ParameterValues.NewHTMLEntitiesFlagsDefault.NotSet,unverified static candidate,"The default value of the $flags parameter for htmlspecialchars() was changed from ENT_COMPAT to ENT_QUOTES | ENT_SUBSTITUTE | ENT_HTML401 in PHP 8.1. For cross-version compatibility, the $flags parameter should be explicitly set."
vendor/htmlpurifier/library/HTMLPurifier/Printer/HTMLDefinition.php,46,47,ERROR,PHPCompatibility.ParameterValues.RemovedImplodeFlexibleParamOrder.Removed,unverified static candidate,Passing the $glue and $pieces parameters in reverse order to implode has been deprecated since PHP 7.4 and is removed since PHP 8.0; $glue should be the first parameter and $pieces the second
vendor/htmlpurifier/library/HTMLPurifier/Printer/HTMLDefinition.php,47,52,ERROR,PHPCompatibility.ParameterValues.RemovedImplodeFlexibleParamOrder.Removed,unverified static candidate,Passing the $glue and $pieces parameters in reverse order to implode has been deprecated since PHP 7.4 and is removed since PHP 8.0; $glue should be the first parameter and $pieces the second
vendor/htmlpurifier/library/HTMLPurifier/TagTransform/Font.php,78,34,ERROR,PHPCompatibility.Syntax.RemovedCurlyBraceArrayAccess.Removed,unverified static candidate,Curly brace syntax for accessing array elements and string offsets has been deprecated in PHP 7.4 and removed in PHP 8.0. Found: $attr['size']{0}
vendor/htmlpurifier/library/HTMLPurifier/TagTransform/Font.php,78,61,ERROR,PHPCompatibility.Syntax.RemovedCurlyBraceArrayAccess.Removed,unverified static candidate,Curly brace syntax for accessing array elements and string offsets has been deprecated in PHP 7.4 and removed in PHP 8.0. Found: $attr['size']{0}
vendor/nusoap/class.nusoap_base.php,731,10,ERROR,PHPCompatibility.ParameterValues.NewHTMLEntitiesFlagsDefault.NotSet,unverified static candidate,"The default value of the $flags parameter for htmlspecialchars() was changed from ENT_COMPAT to ENT_QUOTES | ENT_SUBSTITUTE | ENT_HTML401 in PHP 8.1. For cross-version compatibility, the $flags parameter should be explicitly set."
vendor/nusoap/class.nusoap_base.php,865,10,WARNING,PHPCompatibility.FunctionUse.RemovedFunctions.strftimeDeprecated,unverified static candidate,Function strftime() is deprecated since PHP 8.1; Use date() or IntlDateFormatter::format() instead
vendor/nusoap/class.soap_parser.php,206,34,ERROR,PHPCompatibility.ParameterValues.NewHTMLEntitiesFlagsDefault.NotSet,unverified static candidate,"The default value of the $flags parameter for htmlspecialchars() was changed from ENT_COMPAT to ENT_QUOTES | ENT_SUBSTITUTE | ENT_HTML401 in PHP 8.1. For cross-version compatibility, the $flags parameter should be explicitly set."
vendor/nusoap/class.soap_parser.php,427,13,WARNING,PHPCompatibility.FunctionUse.RemovedFunctions.utf8_decodeDeprecated,unverified static candidate,"Function utf8_decode() is deprecated since PHP 8.2; Use mb_convert_encoding(), UConverter::transcode() or iconv instead"
vendor/nusoap/class.soap_server.php,179,10,ERROR,PHPCompatibility.Variables.RemovedPredefinedGlobalVariables.http_server_varsDeprecatedRemoved,unverified static candidate,Global variable '$HTTP_SERVER_VARS' is deprecated since PHP 5.3 and removed since PHP 5.4; Use $_SERVER instead
vendor/nusoap/class.soap_server.php,184,19,ERROR,PHPCompatibility.Variables.RemovedPredefinedGlobalVariables.http_server_varsDeprecatedRemoved,unverified static candidate,Global variable '$HTTP_SERVER_VARS' is deprecated since PHP 5.3 and removed since PHP 5.4; Use $_SERVER instead
vendor/nusoap/class.soap_server.php,186,38,ERROR,PHPCompatibility.Variables.RemovedPredefinedGlobalVariables.http_server_varsDeprecatedRemoved,unverified static candidate,Global variable '$HTTP_SERVER_VARS' is deprecated since PHP 5.3 and removed since PHP 5.4; Use $_SERVER instead
vendor/nusoap/class.soap_server.php,202,19,ERROR,PHPCompatibility.Variables.RemovedPredefinedGlobalVariables.http_server_varsDeprecatedRemoved,unverified static candidate,Global variable '$HTTP_SERVER_VARS' is deprecated since PHP 5.3 and removed since PHP 5.4; Use $_SERVER instead
vendor/nusoap/class.soap_server.php,203,23,ERROR,PHPCompatibility.Variables.RemovedPredefinedGlobalVariables.http_server_varsDeprecatedRemoved,unverified static candidate,Global variable '$HTTP_SERVER_VARS' is deprecated since PHP 5.3 and removed since PHP 5.4; Use $_SERVER instead
vendor/nusoap/class.soap_server.php,227,5,WARNING,PHPCompatibility.FunctionDeclarations.RemovedCallingDestructAfterConstructorExit.NeedsInspection,unverified static candidate,"When die() is called within an object constructor, the object destructor will no longer be called since PHP 8.0 While no __destruct() method was found in this class, one may be declared in the parent class or in a trait being used."
vendor/nusoap/class.soap_server.php,239,10,ERROR,PHPCompatibility.Variables.RemovedPredefinedGlobalVariables.http_server_varsDeprecatedRemoved,unverified static candidate,Global variable '$HTTP_SERVER_VARS' is deprecated since PHP 5.3 and removed since PHP 5.4; Use $_SERVER instead
vendor/nusoap/class.soap_server.php,243,19,ERROR,PHPCompatibility.Variables.RemovedPredefinedGlobalVariables.http_server_varsDeprecatedRemoved,unverified static candidate,Global variable '$HTTP_SERVER_VARS' is deprecated since PHP 5.3 and removed since PHP 5.4; Use $_SERVER instead
vendor/nusoap/class.soap_server.php,244,10,ERROR,PHPCompatibility.Variables.RemovedPredefinedGlobalVariables.http_server_varsDeprecatedRemoved,unverified static candidate,Global variable '$HTTP_SERVER_VARS' is deprecated since PHP 5.3 and removed since PHP 5.4; Use $_SERVER instead
vendor/nusoap/class.soap_server.php,251,19,ERROR,PHPCompatibility.Variables.RemovedPredefinedGlobalVariables.http_server_varsDeprecatedRemoved,unverified static candidate,Global variable '$HTTP_SERVER_VARS' is deprecated since PHP 5.3 and removed since PHP 5.4; Use $_SERVER instead
vendor/nusoap/class.soap_server.php,252,10,ERROR,PHPCompatibility.Variables.RemovedPredefinedGlobalVariables.http_server_varsDeprecatedRemoved,unverified static candidate,Global variable '$HTTP_SERVER_VARS' is deprecated since PHP 5.3 and removed since PHP 5.4; Use $_SERVER instead
vendor/nusoap/class.soap_server.php,323,10,ERROR,PHPCompatibility.Variables.RemovedPredefinedGlobalVariables.http_server_varsDeprecatedRemoved,unverified static candidate,Global variable '$HTTP_SERVER_VARS' is deprecated since PHP 5.3 and removed since PHP 5.4; Use $_SERVER instead
vendor/nusoap/class.soap_server.php,386,22,ERROR,PHPCompatibility.Variables.RemovedPredefinedGlobalVariables.http_server_varsDeprecatedRemoved,unverified static candidate,Global variable '$HTTP_SERVER_VARS' is deprecated since PHP 5.3 and removed since PHP 5.4; Use $_SERVER instead
vendor/nusoap/class.soap_server.php,388,13,ERROR,PHPCompatibility.Variables.RemovedPredefinedGlobalVariables.http_server_varsDeprecatedRemoved,unverified static candidate,Global variable '$HTTP_SERVER_VARS' is deprecated since PHP 5.3 and removed since PHP 5.4; Use $_SERVER instead
vendor/nusoap/class.soap_server.php,963,10,ERROR,PHPCompatibility.Variables.RemovedPredefinedGlobalVariables.http_server_varsDeprecatedRemoved,unverified static candidate,Global variable '$HTTP_SERVER_VARS' is deprecated since PHP 5.3 and removed since PHP 5.4; Use $_SERVER instead
vendor/nusoap/class.soap_server.php,983,68,ERROR,PHPCompatibility.Variables.RemovedPredefinedGlobalVariables.http_server_varsDeprecatedRemoved,unverified static candidate,Global variable '$HTTP_SERVER_VARS' is deprecated since PHP 5.3 and removed since PHP 5.4; Use $_SERVER instead
vendor/nusoap/class.soap_server.php,983,98,ERROR,PHPCompatibility.Variables.RemovedPredefinedGlobalVariables.http_server_varsDeprecatedRemoved,unverified static candidate,Global variable '$HTTP_SERVER_VARS' is deprecated since PHP 5.3 and removed since PHP 5.4; Use $_SERVER instead
vendor/nusoap/class.soap_server.php,984,20,ERROR,PHPCompatibility.Variables.RemovedPredefinedGlobalVariables.http_server_varsDeprecatedRemoved,unverified static candidate,Global variable '$HTTP_SERVER_VARS' is deprecated since PHP 5.3 and removed since PHP 5.4; Use $_SERVER instead
vendor/nusoap/class.soap_server.php,985,20,ERROR,PHPCompatibility.Variables.RemovedPredefinedGlobalVariables.http_server_varsDeprecatedRemoved,unverified static candidate,Global variable '$HTTP_SERVER_VARS' is deprecated since PHP 5.3 and removed since PHP 5.4; Use $_SERVER instead
vendor/nusoap/class.soap_server.php,986,26,ERROR,PHPCompatibility.Variables.RemovedPredefinedGlobalVariables.http_server_varsDeprecatedRemoved,unverified static candidate,Global variable '$HTTP_SERVER_VARS' is deprecated since PHP 5.3 and removed since PHP 5.4; Use $_SERVER instead
vendor/nusoap/class.soap_server.php,986,59,ERROR,PHPCompatibility.Variables.RemovedPredefinedGlobalVariables.http_server_varsDeprecatedRemoved,unverified static candidate,Global variable '$HTTP_SERVER_VARS' is deprecated since PHP 5.3 and removed since PHP 5.4; Use $_SERVER instead
vendor/nusoap/class.soap_server.php,986,91,ERROR,PHPCompatibility.Variables.RemovedPredefinedGlobalVariables.http_server_varsDeprecatedRemoved,unverified static candidate,Global variable '$HTTP_SERVER_VARS' is deprecated since PHP 5.3 and removed since PHP 5.4; Use $_SERVER instead
vendor/nusoap/class.soap_server.php,987,20,ERROR,PHPCompatibility.Variables.RemovedPredefinedGlobalVariables.http_server_varsDeprecatedRemoved,unverified static candidate,Global variable '$HTTP_SERVER_VARS' is deprecated since PHP 5.3 and removed since PHP 5.4; Use $_SERVER instead
vendor/nusoap/class.soap_server.php,987,50,ERROR,PHPCompatibility.Variables.RemovedPredefinedGlobalVariables.http_server_varsDeprecatedRemoved,unverified static candidate,Global variable '$HTTP_SERVER_VARS' is deprecated since PHP 5.3 and removed since PHP 5.4; Use $_SERVER instead
vendor/nusoap/class.soap_server.php,1052,13,ERROR,PHPCompatibility.Variables.RemovedPredefinedGlobalVariables.http_server_varsDeprecatedRemoved,unverified static candidate,Global variable '$HTTP_SERVER_VARS' is deprecated since PHP 5.3 and removed since PHP 5.4; Use $_SERVER instead
vendor/nusoap/class.soap_server.php,1058,67,ERROR,PHPCompatibility.Variables.RemovedPredefinedGlobalVariables.http_server_varsDeprecatedRemoved,unverified static candidate,Global variable '$HTTP_SERVER_VARS' is deprecated since PHP 5.3 and removed since PHP 5.4; Use $_SERVER instead
vendor/nusoap/class.soap_server.php,1058,97,ERROR,PHPCompatibility.Variables.RemovedPredefinedGlobalVariables.http_server_varsDeprecatedRemoved,unverified static candidate,Global variable '$HTTP_SERVER_VARS' is deprecated since PHP 5.3 and removed since PHP 5.4; Use $_SERVER instead
vendor/nusoap/class.soap_server.php,1059,19,ERROR,PHPCompatibility.Variables.RemovedPredefinedGlobalVariables.http_server_varsDeprecatedRemoved,unverified static candidate,Global variable '$HTTP_SERVER_VARS' is deprecated since PHP 5.3 and removed since PHP 5.4; Use $_SERVER instead
vendor/nusoap/class.soap_server.php,1060,19,ERROR,PHPCompatibility.Variables.RemovedPredefinedGlobalVariables.http_server_varsDeprecatedRemoved,unverified static candidate,Global variable '$HTTP_SERVER_VARS' is deprecated since PHP 5.3 and removed since PHP 5.4; Use $_SERVER instead
vendor/nusoap/class.soap_server.php,1061,19,ERROR,PHPCompatibility.Variables.RemovedPredefinedGlobalVariables.http_server_varsDeprecatedRemoved,unverified static candidate,Global variable '$HTTP_SERVER_VARS' is deprecated since PHP 5.3 and removed since PHP 5.4; Use $_SERVER instead
vendor/nusoap/class.soap_server.php,1062,25,ERROR,PHPCompatibility.Variables.RemovedPredefinedGlobalVariables.http_server_varsDeprecatedRemoved,unverified static candidate,Global variable '$HTTP_SERVER_VARS' is deprecated since PHP 5.3 and removed since PHP 5.4; Use $_SERVER instead
vendor/nusoap/class.soap_server.php,1062,58,ERROR,PHPCompatibility.Variables.RemovedPredefinedGlobalVariables.http_server_varsDeprecatedRemoved,unverified static candidate,Global variable '$HTTP_SERVER_VARS' is deprecated since PHP 5.3 and removed since PHP 5.4; Use $_SERVER instead
vendor/nusoap/class.soap_server.php,1062,90,ERROR,PHPCompatibility.Variables.RemovedPredefinedGlobalVariables.http_server_varsDeprecatedRemoved,unverified static candidate,Global variable '$HTTP_SERVER_VARS' is deprecated since PHP 5.3 and removed since PHP 5.4; Use $_SERVER instead
vendor/nusoap/class.soap_server.php,1063,19,ERROR,PHPCompatibility.Variables.RemovedPredefinedGlobalVariables.http_server_varsDeprecatedRemoved,unverified static candidate,Global variable '$HTTP_SERVER_VARS' is deprecated since PHP 5.3 and removed since PHP 5.4; Use $_SERVER instead
vendor/nusoap/class.soap_server.php,1063,49,ERROR,PHPCompatibility.Variables.RemovedPredefinedGlobalVariables.http_server_varsDeprecatedRemoved,unverified static candidate,Global variable '$HTTP_SERVER_VARS' is deprecated since PHP 5.3 and removed since PHP 5.4; Use $_SERVER instead
vendor/nusoap/class.soap_transport_http.php,285,15,WARNING,PHPCompatibility.IniDirectives.RemovedIniDirectives.safe_modeDeprecatedRemoved,unverified static candidate,INI directive 'safe_mode' is deprecated since PHP 5.3 and removed since PHP 5.4
vendor/nusoap/class.soap_transport_http.php,288,46,WARNING,PHPCompatibility.IniDirectives.RemovedIniDirectives.safe_modeDeprecatedRemoved,unverified static candidate,INI directive 'safe_mode' is deprecated since PHP 5.3 and removed since PHP 5.4
vendor/nusoap/class.soap_transport_http.php,456,28,WARNING,PHPCompatibility.FunctionDeclarations.RemovedOptionalBeforeRequiredParam.Deprecated80,unverified static candidate,"Declaring an optional parameter before a required parameter is deprecated since PHP 8.0. Parameter $timeout is optional, while parameter $cookies is required. The $timeout parameter is implicitly treated as a required parameter."
vendor/nusoap/class.soap_transport_http.php,456,40,WARNING,PHPCompatibility.FunctionDeclarations.RemovedOptionalBeforeRequiredParam.Deprecated80,unverified static candidate,"Declaring an optional parameter before a required parameter is deprecated since PHP 8.0. Parameter $response_timeout is optional, while parameter $cookies is required. The $response_timeout parameter is implicitly treated as a required parameter."
vendor/nusoap/class.wsdl.php,759,13,ERROR,PHPCompatibility.Variables.RemovedPredefinedGlobalVariables.http_server_varsDeprecatedRemoved,unverified static candidate,Global variable '$HTTP_SERVER_VARS' is deprecated since PHP 5.3 and removed since PHP 5.4; Use $_SERVER instead
vendor/nusoap/class.wsdl.php,763,19,ERROR,PHPCompatibility.Variables.RemovedPredefinedGlobalVariables.http_server_varsDeprecatedRemoved,unverified static candidate,Global variable '$HTTP_SERVER_VARS' is deprecated since PHP 5.3 and removed since PHP 5.4; Use $_SERVER instead
vendor/nusoap/class.wsdl.php,764,16,ERROR,PHPCompatibility.Variables.RemovedPredefinedGlobalVariables.http_server_varsDeprecatedRemoved,unverified static candidate,Global variable '$HTTP_SERVER_VARS' is deprecated since PHP 5.3 and removed since PHP 5.4; Use $_SERVER instead
vendor/nusoap/class.wsdl.php,998,55,ERROR,PHPCompatibility.ParameterValues.NewHTMLEntitiesFlagsDefault.NotSet,unverified static candidate,"The default value of the $flags parameter for htmlspecialchars() was changed from ENT_COMPAT to ENT_QUOTES | ENT_SUBSTITUTE | ENT_HTML401 in PHP 8.1. For cross-version compatibility, the $flags parameter should be explicitly set."
vendor/phpGangsta/GoogleAuthenticator.php,122,16,ERROR,PHPCompatibility.Variables.ForbiddenThisUseContexts.OutsideObjectContext,unverified static candidate,"""$this"" can no longer be used in a plain function or method since PHP 7.1."
vendor/propel/engine/GeneratorConfig.php,122,17,ERROR,PHPCompatibility.Syntax.RemovedCurlyBraceArrayAccess.Removed,unverified static candidate,Curly brace syntax for accessing array elements and string offsets has been deprecated in PHP 7.4 and removed in PHP 8.0. Found: $classpath{$lastdotpos+1}
vendor/propel/engine/GeneratorConfig.php,122,56,ERROR,PHPCompatibility.Syntax.RemovedCurlyBraceArrayAccess.Removed,unverified static candidate,Curly brace syntax for accessing array elements and string offsets has been deprecated in PHP 7.4 and removed in PHP 8.0. Found: $classpath{$lastdotpos+1}
vendor/propel/engine/builder/om/php5/PHP5ExtensionNodeBuilder.php,80,11,WARNING,PHPCompatibility.FunctionUse.RemovedFunctions.strftimeDeprecated,unverified static candidate,Function strftime() is deprecated since PHP 8.1; Use date() or IntlDateFormatter::format() instead
vendor/propel/engine/builder/om/php5/PHP5ExtensionNodePeerBuilder.php,80,11,WARNING,PHPCompatibility.FunctionUse.RemovedFunctions.strftimeDeprecated,unverified static candidate,Function strftime() is deprecated since PHP 8.1; Use date() or IntlDateFormatter::format() instead
vendor/propel/engine/builder/om/php5/PHP5ExtensionObjectBuilder.php,102,11,WARNING,PHPCompatibility.FunctionUse.RemovedFunctions.strftimeDeprecated,unverified static candidate,Function strftime() is deprecated since PHP 8.1; Use date() or IntlDateFormatter::format() instead
vendor/propel/engine/builder/om/php5/PHP5ExtensionPeerBuilder.php,101,11,WARNING,PHPCompatibility.FunctionUse.RemovedFunctions.strftimeDeprecated,unverified static candidate,Function strftime() is deprecated since PHP 8.1; Use date() or IntlDateFormatter::format() instead
vendor/propel/engine/builder/om/php5/PHP5InterfaceBuilder.php,77,11,WARNING,PHPCompatibility.FunctionUse.RemovedFunctions.strftimeDeprecated,unverified static candidate,Function strftime() is deprecated since PHP 8.1; Use date() or IntlDateFormatter::format() instead
vendor/propel/engine/builder/om/php5/PHP5MultiExtendObjectBuilder.php,144,11,WARNING,PHPCompatibility.FunctionUse.RemovedFunctions.strftimeDeprecated,unverified static candidate,Function strftime() is deprecated since PHP 8.1; Use date() or IntlDateFormatter::format() instead
vendor/propel/engine/builder/om/php5/PHP5NestedSetBuilder.php,82,11,WARNING,PHPCompatibility.FunctionUse.RemovedFunctions.strftimeDeprecated,unverified static candidate,Function strftime() is deprecated since PHP 8.1; Use date() or IntlDateFormatter::format() instead
vendor/propel/engine/builder/om/php5/PHP5NestedSetPeerBuilder.php,86,11,WARNING,PHPCompatibility.FunctionUse.RemovedFunctions.strftimeDeprecated,unverified static candidate,Function strftime() is deprecated since PHP 8.1; Use date() or IntlDateFormatter::format() instead
vendor/propel/engine/builder/om/php5/PHP5NodeBuilder.php,83,11,WARNING,PHPCompatibility.FunctionUse.RemovedFunctions.strftimeDeprecated,unverified static candidate,Function strftime() is deprecated since PHP 8.1; Use date() or IntlDateFormatter::format() instead
vendor/propel/engine/builder/om/php5/PHP5NodePeerBuilder.php,83,11,WARNING,PHPCompatibility.FunctionUse.RemovedFunctions.strftimeDeprecated,unverified static candidate,Function strftime() is deprecated since PHP 8.1; Use date() or IntlDateFormatter::format() instead
vendor/propel/engine/builder/om/php5/PHP5ObjectBuilder.php,182,11,WARNING,PHPCompatibility.FunctionUse.RemovedFunctions.strftimeDeprecated,unverified static candidate,Function strftime() is deprecated since PHP 8.1; Use date() or IntlDateFormatter::format() instead
vendor/propel/engine/builder/om/php5/PHP5PeerBuilder.php,107,11,WARNING,PHPCompatibility.FunctionUse.RemovedFunctions.strftimeDeprecated,unverified static candidate,Function strftime() is deprecated since PHP 8.1; Use date() or IntlDateFormatter::format() instead
vendor/propel/engine/builder/om/php5/PHP5TableMapBuilder.php,73,11,WARNING,PHPCompatibility.FunctionUse.RemovedFunctions.strftimeDeprecated,unverified static candidate,Function strftime() is deprecated since PHP 8.1; Use date() or IntlDateFormatter::format() instead
vendor/propel/engine/builder/sql/sqlite/SqliteDataSQLBuilder.php,44,16,ERROR,PHPCompatibility.Extensions.RemovedExtensions.sqliteRemoved,unverified static candidate,Extension 'sqlite' is removed since PHP 5.4
vendor/propel/engine/builder/sql/sqlite/SqliteDataSQLBuilder.php,44,16,ERROR,PHPCompatibility.FunctionUse.RemovedFunctions.sqlite_udf_encode_binaryRemoved,unverified static candidate,Function sqlite_udf_encode_binary() is removed since PHP 5.4
vendor/propel/engine/database/transform/XmlToAppData.php,184,19,ERROR,PHPCompatibility.Syntax.RemovedCurlyBraceArrayAccess.Removed,unverified static candidate,Curly brace syntax for accessing array elements and string offsets has been deprecated in PHP 7.4 and removed in PHP 8.0. Found: $xmlFile{0}
vendor/propel/engine/platform/SqlitePlatform.php,84,11,ERROR,PHPCompatibility.Extensions.RemovedExtensions.sqliteRemoved,unverified static candidate,Extension 'sqlite' is removed since PHP 5.4
vendor/propel/engine/platform/SqlitePlatform.php,84,11,ERROR,PHPCompatibility.FunctionUse.RemovedFunctions.sqlite_escape_stringRemoved,unverified static candidate,Function sqlite_escape_string() is removed since PHP 5.4
vendor/propel/phing/PropelConvertConfTask.php,130,191,WARNING,PHPCompatibility.FunctionUse.RemovedFunctions.strftimeDeprecated,unverified static candidate,Function strftime() is deprecated since PHP 8.1; Use date() or IntlDateFormatter::format() instead
vendor/propel/phing/PropelDataModelTemplateTask.php,159,24,WARNING,PHPCompatibility.FunctionUse.RemovedFunctions.strftimeDeprecated,unverified static candidate,Function strftime() is deprecated since PHP 8.1; Use date() or IntlDateFormatter::format() instead
vendor/propel/validator/MatchValidator.php,62,11,ERROR,PHPCompatibility.Syntax.RemovedCurlyBraceArrayAccess.Removed,unverified static candidate,Curly brace syntax for accessing array elements and string offsets has been deprecated in PHP 7.4 and removed in PHP 8.0. Found: $exp{0}
vendor/propel/validator/MatchValidator.php,62,30,ERROR,PHPCompatibility.Syntax.RemovedCurlyBraceArrayAccess.Removed,unverified static candidate,Curly brace syntax for accessing array elements and string offsets has been deprecated in PHP 7.4 and removed in PHP 8.0. Found: $exp{strlen($exp)-1}
vendor/propel/validator/NotMatchValidator.php,60,11,ERROR,PHPCompatibility.Syntax.RemovedCurlyBraceArrayAccess.Removed,unverified static candidate,Curly brace syntax for accessing array elements and string offsets has been deprecated in PHP 7.4 and removed in PHP 8.0. Found: $exp{0}
vendor/propel/validator/NotMatchValidator.php,60,30,ERROR,PHPCompatibility.Syntax.RemovedCurlyBraceArrayAccess.Removed,unverified static candidate,Curly brace syntax for accessing array elements and string offsets has been deprecated in PHP 7.4 and removed in PHP 8.0. Found: $exp{strlen($exp)-1}
vendor/symfony-data/bin/symfony.php,16,13,WARNING,PHPCompatibility.IniDirectives.RemovedIniDirectives.zend_ze1_compatibility_modeRemoved,unverified static candidate,INI directive 'zend.ze1_compatibility_mode' is removed since PHP 5.3
vendor/symfony-data/bin/symfony.php,53,17,WARNING,PHPCompatibility.FunctionNameRestrictions.ReservedFunctionNames.MethodDoubleUnderscore,unverified static candidate,"Method name ""simpleAutoloader::__autoload"" is discouraged; PHP has reserved all method names with a double underscore prefix for future use."
vendor/symfony-data/bin/symfony.php,107,1,ERROR,PHPCompatibility.FunctionNameRestrictions.RemovedMagicAutoload.Removed,unverified static candidate,Specifying an autoloader using an __autoload() function is deprecated since PHP 7.2 and no longer supported since PHP 8.0
vendor/symfony-data/generator/sfPropelAdmin/default/template/templates/_edit_footer.php,1,1,WARNING,Internal.NoCodeFound,unverified static candidate,No PHP code was found in this file and short open tags are not allowed by this install of PHP. This file may be using short open tags but PHP does not allow them.
vendor/symfony-data/generator/sfPropelAdmin/default/template/templates/_edit_header.php,1,1,WARNING,Internal.NoCodeFound,unverified static candidate,No PHP code was found in this file and short open tags are not allowed by this install of PHP. This file may be using short open tags but PHP does not allow them.
vendor/symfony-data/generator/sfPropelAdmin/default/template/templates/_edit_messages.php,1,1,WARNING,Internal.NoCodeFound,unverified static candidate,No PHP code was found in this file and short open tags are not allowed by this install of PHP. This file may be using short open tags but PHP does not allow them.
vendor/symfony-data/generator/sfPropelAdmin/default/template/templates/_list_footer.php,1,1,WARNING,Internal.NoCodeFound,unverified static candidate,No PHP code was found in this file and short open tags are not allowed by this install of PHP. This file may be using short open tags but PHP does not allow them.
vendor/symfony-data/generator/sfPropelAdmin/default/template/templates/_list_header.php,1,1,WARNING,Internal.NoCodeFound,unverified static candidate,No PHP code was found in this file and short open tags are not allowed by this install of PHP. This file may be using short open tags but PHP does not allow them.
vendor/symfony-data/generator/sfPropelAdmin/default/template/templates/_list_th_stacked.php,1,1,WARNING,Internal.NoCodeFound,unverified static candidate,No PHP code was found in this file and short open tags are not allowed by this install of PHP. This file may be using short open tags but PHP does not allow them.
vendor/symfony-data/modules/default/templates/indexSuccess.php,1,1,WARNING,Internal.NoCodeFound,unverified static candidate,No PHP code was found in this file and short open tags are not allowed by this install of PHP. This file may be using short open tags but PHP does not allow them.
vendor/symfony-data/skeleton/module/module/templates/indexSuccess.php,1,1,WARNING,Internal.NoCodeFound,unverified static candidate,No PHP code was found in this file and short open tags are not allowed by this install of PHP. This file may be using short open tags but PHP does not allow them.
vendor/symfony/addon/propel/builder/SfMapBuilderBuilder.php,51,28,ERROR,PHPCompatibility.ParameterValues.RemovedPCREModifiers.Removed,unverified static candidate,preg_replace() - /e modifier is deprecated since PHP 5.5 and removed since PHP 7.0
vendor/symfony/addon/propel/sfPropelDatabaseSchema.class.php,333,44,ERROR,PHPCompatibility.ParameterValues.NewHTMLEntitiesFlagsDefault.NotSet,unverified static candidate,"The default value of the $flags parameter for htmlspecialchars() was changed from ENT_COMPAT to ENT_QUOTES | ENT_SUBSTITUTE | ENT_HTML401 in PHP 8.1. For cross-version compatibility, the $flags parameter should be explicitly set."
vendor/symfony/addon/propel/sfPropelDatabaseSchema.class.php,365,31,WARNING,PHPCompatibility.TextStrings.RemovedDollarBraceStringEmbeds.DeprecatedVariableSyntax,unverified static candidate,"Using ${var} in strings is deprecated since PHP 8.2, use {$var} instead. Found: ${tb_name}"
vendor/symfony/addon/propel/sfPropelDatabaseSchema.class.php,365,31,WARNING,PHPCompatibility.TextStrings.RemovedDollarBraceStringEmbeds.DeprecatedVariableSyntax,unverified static candidate,"Using ${var} in strings is deprecated since PHP 8.2, use {$var} instead. Found: ${col_name}"
vendor/symfony/addon/propel/sfPropelDatabaseSchema.class.php,371,31,WARNING,PHPCompatibility.TextStrings.RemovedDollarBraceStringEmbeds.DeprecatedVariableSyntax,unverified static candidate,"Using ${var} in strings is deprecated since PHP 8.2, use {$var} instead. Found: ${tb_name}"
vendor/symfony/addon/propel/sfPropelDatabaseSchema.class.php,371,31,WARNING,PHPCompatibility.TextStrings.RemovedDollarBraceStringEmbeds.DeprecatedVariableSyntax,unverified static candidate,"Using ${var} in strings is deprecated since PHP 8.2, use {$var} instead. Found: ${col_name}"
vendor/symfony/addon/propel/sfPropelDatabaseSchema.class.php,397,43,ERROR,PHPCompatibility.ParameterValues.NewHTMLEntitiesFlagsDefault.NotSet,unverified static candidate,"The default value of the $flags parameter for htmlspecialchars() was changed from ENT_COMPAT to ENT_QUOTES | ENT_SUBSTITUTE | ENT_HTML401 in PHP 8.1. For cross-version compatibility, the $flags parameter should be explicitly set."
vendor/symfony/cache/sfCache.class.php,67,37,WARNING,PHPCompatibility.FunctionDeclarations.RemovedOptionalBeforeRequiredParam.Deprecated80,unverified static candidate,"Declaring an optional parameter before a required parameter is deprecated since PHP 8.0. Parameter $namespace is optional, while parameter $data is required. The $namespace parameter is implicitly treated as a required parameter."
vendor/symfony/cache/sfFileCache.class.php,289,28,WARNING,PHPCompatibility.FunctionDeclarations.RemovedOptionalBeforeRequiredParam.Deprecated80,unverified static candidate,"Declaring an optional parameter before a required parameter is deprecated since PHP 8.0. Parameter $namespace is optional, while parameter $data is required. The $namespace parameter is implicitly treated as a required parameter."
vendor/symfony/cache/sfFileCache.class.php,474,14,ERROR,PHPCompatibility.FunctionUse.RemovedFunctions.get_magic_quotes_runtimeDeprecatedRemoved,unverified static candidate,Function get_magic_quotes_runtime() is deprecated since PHP 7.4 and removed since PHP 8.0
vendor/symfony/cache/sfFileCache.class.php,475,15,ERROR,PHPCompatibility.IniDirectives.RemovedIniDirectives.magic_quotes_runtimeDeprecatedRemoved,unverified static candidate,INI directive 'magic_quotes_runtime' is deprecated since PHP 5.3 and removed since PHP 5.4
vendor/symfony/cache/sfFileCache.class.php,482,15,ERROR,PHPCompatibility.IniDirectives.RemovedIniDirectives.magic_quotes_runtimeDeprecatedRemoved,unverified static candidate,INI directive 'magic_quotes_runtime' is deprecated since PHP 5.3 and removed since PHP 5.4
vendor/symfony/cache/sfFunctionCache.class.php,74,17,WARNING,PHPCompatibility.Variables.ForbiddenGlobalVariableVariable.NonBareVariableFound,unverified static candidate,Global with anything other than bare variables is discouraged since PHP 7.0. Found $$object_123456789
vendor/symfony/cache/sfSQLiteCache.class.php,120,26,ERROR,PHPCompatibility.Extensions.RemovedExtensions.sqliteRemoved,unverified static candidate,Extension 'sqlite' is removed since PHP 5.4
vendor/symfony/cache/sfSQLiteCache.class.php,120,26,ERROR,PHPCompatibility.FunctionUse.RemovedFunctions.sqlite_openRemoved,unverified static candidate,Function sqlite_open() is removed since PHP 5.4
vendor/symfony/cache/sfSQLiteCache.class.php,150,12,ERROR,PHPCompatibility.Extensions.RemovedExtensions.sqliteRemoved,unverified static candidate,Extension 'sqlite' is removed since PHP 5.4
vendor/symfony/cache/sfSQLiteCache.class.php,150,12,ERROR,PHPCompatibility.FunctionUse.RemovedFunctions.sqlite_queryRemoved,unverified static candidate,Function sqlite_query() is removed since PHP 5.4
vendor/symfony/cache/sfSQLiteCache.class.php,152,31,ERROR,PHPCompatibility.Extensions.RemovedExtensions.sqliteRemoved,unverified static candidate,Extension 'sqlite' is removed since PHP 5.4
vendor/symfony/cache/sfSQLiteCache.class.php,152,31,ERROR,PHPCompatibility.FunctionUse.RemovedFunctions.sqlite_error_stringRemoved,unverified static candidate,Function sqlite_error_string() is removed since PHP 5.4
vendor/symfony/cache/sfSQLiteCache.class.php,152,51,ERROR,PHPCompatibility.Extensions.RemovedExtensions.sqliteRemoved,unverified static candidate,Extension 'sqlite' is removed since PHP 5.4
vendor/symfony/cache/sfSQLiteCache.class.php,152,51,ERROR,PHPCompatibility.FunctionUse.RemovedFunctions.sqlite_last_errorRemoved,unverified static candidate,Function sqlite_last_error() is removed since PHP 5.4
vendor/symfony/cache/sfSQLiteCache.class.php,162,5,ERROR,PHPCompatibility.Extensions.RemovedExtensions.sqliteRemoved,unverified static candidate,Extension 'sqlite' is removed since PHP 5.4
vendor/symfony/cache/sfSQLiteCache.class.php,162,5,ERROR,PHPCompatibility.FunctionUse.RemovedFunctions.sqlite_closeRemoved,unverified static candidate,Function sqlite_close() is removed since PHP 5.4
vendor/symfony/cache/sfSQLiteCache.class.php,188,89,ERROR,PHPCompatibility.Extensions.RemovedExtensions.sqliteRemoved,unverified static candidate,Extension 'sqlite' is removed since PHP 5.4
vendor/symfony/cache/sfSQLiteCache.class.php,188,89,ERROR,PHPCompatibility.FunctionUse.RemovedFunctions.sqlite_escape_stringRemoved,unverified static candidate,Function sqlite_escape_string() is removed since PHP 5.4
vendor/symfony/cache/sfSQLiteCache.class.php,188,116,ERROR,PHPCompatibility.Extensions.RemovedExtensions.sqliteRemoved,unverified static candidate,Extension 'sqlite' is removed since PHP 5.4
vendor/symfony/cache/sfSQLiteCache.class.php,188,116,ERROR,PHPCompatibility.FunctionUse.RemovedFunctions.sqlite_escape_stringRemoved,unverified static candidate,Function sqlite_escape_string() is removed since PHP 5.4
vendor/symfony/cache/sfSQLiteCache.class.php,191,55,ERROR,PHPCompatibility.Extensions.RemovedExtensions.sqliteRemoved,unverified static candidate,Extension 'sqlite' is removed since PHP 5.4
vendor/symfony/cache/sfSQLiteCache.class.php,191,55,ERROR,PHPCompatibility.FunctionUse.RemovedFunctions.sqlite_escape_stringRemoved,unverified static candidate,Function sqlite_escape_string() is removed since PHP 5.4
vendor/symfony/cache/sfSQLiteCache.class.php,194,11,ERROR,PHPCompatibility.Extensions.RemovedExtensions.sqliteRemoved,unverified static candidate,Extension 'sqlite' is removed since PHP 5.4
vendor/symfony/cache/sfSQLiteCache.class.php,194,11,ERROR,PHPCompatibility.FunctionUse.RemovedFunctions.sqlite_queryRemoved,unverified static candidate,Function sqlite_query() is removed since PHP 5.4
vendor/symfony/cache/sfSQLiteCache.class.php,196,12,ERROR,PHPCompatibility.Extensions.RemovedExtensions.sqliteRemoved,unverified static candidate,Extension 'sqlite' is removed since PHP 5.4
vendor/symfony/cache/sfSQLiteCache.class.php,196,12,ERROR,PHPCompatibility.FunctionUse.RemovedFunctions.sqlite_num_rowsRemoved,unverified static candidate,Function sqlite_num_rows() is removed since PHP 5.4
vendor/symfony/cache/sfSQLiteCache.class.php,196,35,ERROR,PHPCompatibility.Extensions.RemovedExtensions.sqliteRemoved,unverified static candidate,Extension 'sqlite' is removed since PHP 5.4
vendor/symfony/cache/sfSQLiteCache.class.php,196,35,ERROR,PHPCompatibility.FunctionUse.RemovedFunctions.sqlite_fetch_singleRemoved,unverified static candidate,Function sqlite_fetch_single() is removed since PHP 5.4
vendor/symfony/cache/sfSQLiteCache.class.php,212,87,ERROR,PHPCompatibility.Extensions.RemovedExtensions.sqliteRemoved,unverified static candidate,Extension 'sqlite' is removed since PHP 5.4
vendor/symfony/cache/sfSQLiteCache.class.php,212,87,ERROR,PHPCompatibility.FunctionUse.RemovedFunctions.sqlite_escape_stringRemoved,unverified static candidate,Function sqlite_escape_string() is removed since PHP 5.4
vendor/symfony/cache/sfSQLiteCache.class.php,212,114,ERROR,PHPCompatibility.Extensions.RemovedExtensions.sqliteRemoved,unverified static candidate,Extension 'sqlite' is removed since PHP 5.4
vendor/symfony/cache/sfSQLiteCache.class.php,212,114,ERROR,PHPCompatibility.FunctionUse.RemovedFunctions.sqlite_escape_stringRemoved,unverified static candidate,Function sqlite_escape_string() is removed since PHP 5.4
vendor/symfony/cache/sfSQLiteCache.class.php,215,55,ERROR,PHPCompatibility.Extensions.RemovedExtensions.sqliteRemoved,unverified static candidate,Extension 'sqlite' is removed since PHP 5.4
vendor/symfony/cache/sfSQLiteCache.class.php,215,55,ERROR,PHPCompatibility.FunctionUse.RemovedFunctions.sqlite_escape_stringRemoved,unverified static candidate,Function sqlite_escape_string() is removed since PHP 5.4
vendor/symfony/cache/sfSQLiteCache.class.php,218,12,ERROR,PHPCompatibility.Extensions.RemovedExtensions.sqliteRemoved,unverified static candidate,Extension 'sqlite' is removed since PHP 5.4
vendor/symfony/cache/sfSQLiteCache.class.php,218,12,ERROR,PHPCompatibility.FunctionUse.RemovedFunctions.sqlite_num_rowsRemoved,unverified static candidate,Function sqlite_num_rows() is removed since PHP 5.4
vendor/symfony/cache/sfSQLiteCache.class.php,218,28,ERROR,PHPCompatibility.Extensions.RemovedExtensions.sqliteRemoved,unverified static candidate,Extension 'sqlite' is removed since PHP 5.4
vendor/symfony/cache/sfSQLiteCache.class.php,218,28,ERROR,PHPCompatibility.FunctionUse.RemovedFunctions.sqlite_queryRemoved,unverified static candidate,Function sqlite_query() is removed since PHP 5.4
vendor/symfony/cache/sfSQLiteCache.class.php,232,28,WARNING,PHPCompatibility.FunctionDeclarations.RemovedOptionalBeforeRequiredParam.Deprecated80,unverified static candidate,"Declaring an optional parameter before a required parameter is deprecated since PHP 8.0. Parameter $namespace is optional, while parameter $data is required. The $namespace parameter is implicitly treated as a required parameter."
vendor/symfony/cache/sfSQLiteCache.class.php,245,113,ERROR,PHPCompatibility.Extensions.RemovedExtensions.sqliteRemoved,unverified static candidate,Extension 'sqlite' is removed since PHP 5.4
vendor/symfony/cache/sfSQLiteCache.class.php,245,113,ERROR,PHPCompatibility.FunctionUse.RemovedFunctions.sqlite_escape_stringRemoved,unverified static candidate,Function sqlite_escape_string() is removed since PHP 5.4
vendor/symfony/cache/sfSQLiteCache.class.php,245,140,ERROR,PHPCompatibility.Extensions.RemovedExtensions.sqliteRemoved,unverified static candidate,Extension 'sqlite' is removed since PHP 5.4
vendor/symfony/cache/sfSQLiteCache.class.php,245,140,ERROR,PHPCompatibility.FunctionUse.RemovedFunctions.sqlite_escape_stringRemoved,unverified static candidate,Function sqlite_escape_string() is removed since PHP 5.4
vendor/symfony/cache/sfSQLiteCache.class.php,245,174,ERROR,PHPCompatibility.Extensions.RemovedExtensions.sqliteRemoved,unverified static candidate,Extension 'sqlite' is removed since PHP 5.4
vendor/symfony/cache/sfSQLiteCache.class.php,245,174,ERROR,PHPCompatibility.FunctionUse.RemovedFunctions.sqlite_escape_stringRemoved,unverified static candidate,Function sqlite_escape_string() is removed since PHP 5.4
vendor/symfony/cache/sfSQLiteCache.class.php,249,114,ERROR,PHPCompatibility.Extensions.RemovedExtensions.sqliteRemoved,unverified static candidate,Extension 'sqlite' is removed since PHP 5.4
vendor/symfony/cache/sfSQLiteCache.class.php,249,114,ERROR,PHPCompatibility.FunctionUse.RemovedFunctions.sqlite_escape_stringRemoved,unverified static candidate,Function sqlite_escape_string() is removed since PHP 5.4
vendor/symfony/cache/sfSQLiteCache.class.php,249,151,ERROR,PHPCompatibility.Extensions.RemovedExtensions.sqliteRemoved,unverified static candidate,Extension 'sqlite' is removed since PHP 5.4
vendor/symfony/cache/sfSQLiteCache.class.php,249,151,ERROR,PHPCompatibility.FunctionUse.RemovedFunctions.sqlite_escape_stringRemoved,unverified static candidate,Function sqlite_escape_string() is removed since PHP 5.4
vendor/symfony/cache/sfSQLiteCache.class.php,249,178,ERROR,PHPCompatibility.Extensions.RemovedExtensions.sqliteRemoved,unverified static candidate,Extension 'sqlite' is removed since PHP 5.4
vendor/symfony/cache/sfSQLiteCache.class.php,249,178,ERROR,PHPCompatibility.FunctionUse.RemovedFunctions.sqlite_escape_stringRemoved,unverified static candidate,Function sqlite_escape_string() is removed since PHP 5.4
vendor/symfony/cache/sfSQLiteCache.class.php,252,9,ERROR,PHPCompatibility.Extensions.RemovedExtensions.sqliteRemoved,unverified static candidate,Extension 'sqlite' is removed since PHP 5.4
vendor/symfony/cache/sfSQLiteCache.class.php,252,9,ERROR,PHPCompatibility.FunctionUse.RemovedFunctions.sqlite_queryRemoved,unverified static candidate,Function sqlite_query() is removed since PHP 5.4
vendor/symfony/cache/sfSQLiteCache.class.php,272,84,ERROR,PHPCompatibility.Extensions.RemovedExtensions.sqliteRemoved,unverified static candidate,Extension 'sqlite' is removed since PHP 5.4
vendor/symfony/cache/sfSQLiteCache.class.php,272,84,ERROR,PHPCompatibility.FunctionUse.RemovedFunctions.sqlite_escape_stringRemoved,unverified static candidate,Function sqlite_escape_string() is removed since PHP 5.4
vendor/symfony/cache/sfSQLiteCache.class.php,272,111,ERROR,PHPCompatibility.Extensions.RemovedExtensions.sqliteRemoved,unverified static candidate,Extension 'sqlite' is removed since PHP 5.4
vendor/symfony/cache/sfSQLiteCache.class.php,272,111,ERROR,PHPCompatibility.FunctionUse.RemovedFunctions.sqlite_escape_stringRemoved,unverified static candidate,Function sqlite_escape_string() is removed since PHP 5.4
vendor/symfony/cache/sfSQLiteCache.class.php,273,9,ERROR,PHPCompatibility.Extensions.RemovedExtensions.sqliteRemoved,unverified static candidate,Extension 'sqlite' is removed since PHP 5.4
vendor/symfony/cache/sfSQLiteCache.class.php,273,9,ERROR,PHPCompatibility.FunctionUse.RemovedFunctions.sqlite_queryRemoved,unverified static candidate,Function sqlite_query() is removed since PHP 5.4
vendor/symfony/cache/sfSQLiteCache.class.php,304,84,ERROR,PHPCompatibility.Extensions.RemovedExtensions.sqliteRemoved,unverified static candidate,Extension 'sqlite' is removed since PHP 5.4
vendor/symfony/cache/sfSQLiteCache.class.php,304,84,ERROR,PHPCompatibility.FunctionUse.RemovedFunctions.sqlite_escape_stringRemoved,unverified static candidate,Function sqlite_escape_string() is removed since PHP 5.4
vendor/symfony/cache/sfSQLiteCache.class.php,307,12,ERROR,PHPCompatibility.Extensions.RemovedExtensions.sqliteRemoved,unverified static candidate,Extension 'sqlite' is removed since PHP 5.4
vendor/symfony/cache/sfSQLiteCache.class.php,307,12,ERROR,PHPCompatibility.FunctionUse.RemovedFunctions.sqlite_num_rowsRemoved,unverified static candidate,Function sqlite_num_rows() is removed since PHP 5.4
vendor/symfony/cache/sfSQLiteCache.class.php,307,28,ERROR,PHPCompatibility.Extensions.RemovedExtensions.sqliteRemoved,unverified static candidate,Extension 'sqlite' is removed since PHP 5.4
vendor/symfony/cache/sfSQLiteCache.class.php,307,28,ERROR,PHPCompatibility.FunctionUse.RemovedFunctions.sqlite_queryRemoved,unverified static candidate,Function sqlite_query() is removed since PHP 5.4
vendor/symfony/cache/sfSQLiteCache.class.php,312,95,ERROR,PHPCompatibility.Extensions.RemovedExtensions.sqliteRemoved,unverified static candidate,Extension 'sqlite' is removed since PHP 5.4
vendor/symfony/cache/sfSQLiteCache.class.php,312,95,ERROR,PHPCompatibility.FunctionUse.RemovedFunctions.sqlite_escape_stringRemoved,unverified static candidate,Function sqlite_escape_string() is removed since PHP 5.4
vendor/symfony/cache/sfSQLiteCache.class.php,312,122,ERROR,PHPCompatibility.Extensions.RemovedExtensions.sqliteRemoved,unverified static candidate,Extension 'sqlite' is removed since PHP 5.4
vendor/symfony/cache/sfSQLiteCache.class.php,312,122,ERROR,PHPCompatibility.FunctionUse.RemovedFunctions.sqlite_escape_stringRemoved,unverified static candidate,Function sqlite_escape_string() is removed since PHP 5.4
vendor/symfony/cache/sfSQLiteCache.class.php,313,11,ERROR,PHPCompatibility.Extensions.RemovedExtensions.sqliteRemoved,unverified static candidate,Extension 'sqlite' is removed since PHP 5.4
vendor/symfony/cache/sfSQLiteCache.class.php,313,11,ERROR,PHPCompatibility.FunctionUse.RemovedFunctions.sqlite_queryRemoved,unverified static candidate,Function sqlite_query() is removed since PHP 5.4
vendor/symfony/cache/sfSQLiteCache.class.php,315,12,ERROR,PHPCompatibility.Extensions.RemovedExtensions.sqliteRemoved,unverified static candidate,Extension 'sqlite' is removed since PHP 5.4
vendor/symfony/cache/sfSQLiteCache.class.php,315,12,ERROR,PHPCompatibility.FunctionUse.RemovedFunctions.sqlite_num_rowsRemoved,unverified static candidate,Function sqlite_num_rows() is removed since PHP 5.4
vendor/symfony/cache/sfSQLiteCache.class.php,315,42,ERROR,PHPCompatibility.Extensions.RemovedExtensions.sqliteRemoved,unverified static candidate,Extension 'sqlite' is removed since PHP 5.4
vendor/symfony/cache/sfSQLiteCache.class.php,315,42,ERROR,PHPCompatibility.FunctionUse.RemovedFunctions.sqlite_fetch_singleRemoved,unverified static candidate,Function sqlite_fetch_single() is removed since PHP 5.4
vendor/symfony/config/sfConfigHandler.class.php,68,36,ERROR,PHPCompatibility.FunctionUse.RemovedFunctions.create_functionDeprecatedRemoved,unverified static candidate,Function create_function() is deprecated since PHP 7.2 and removed since PHP 8.0; Use an anonymous function instead
vendor/symfony/controller/sfRouting.class.php,302,22,ERROR,PHPCompatibility.Syntax.RemovedCurlyBraceArrayAccess.Removed,unverified static candidate,Curly brace syntax for accessing array elements and string offsets has been deprecated in PHP 7.4 and removed in PHP 8.0. Found: $route{strlen($route) - 1}
vendor/symfony/database/sfMySQLDatabase.class.php,116,32,ERROR,PHPCompatibility.Extensions.RemovedExtensions.mysql_DeprecatedRemoved,unverified static candidate,Extension 'mysql_' is deprecated since PHP 5.5 and removed since PHP 7.0; Use mysqli instead
vendor/symfony/database/sfMySQLDatabase.class.php,116,32,ERROR,PHPCompatibility.FunctionUse.RemovedFunctions.mysql_select_dbDeprecatedRemoved,unverified static candidate,Function mysql_select_db() is deprecated since PHP 5.5 and removed since PHP 7.0
vendor/symfony/database/sfMySQLDatabase.class.php,163,8,ERROR,PHPCompatibility.Extensions.RemovedExtensions.mysql_DeprecatedRemoved,unverified static candidate,Extension 'mysql_' is deprecated since PHP 5.5 and removed since PHP 7.0; Use mysqli instead
vendor/symfony/database/sfMySQLDatabase.class.php,163,8,ERROR,PHPCompatibility.FunctionUse.RemovedFunctions.mysql_closeDeprecatedRemoved,unverified static candidate,Function mysql_close() is deprecated since PHP 5.5 and removed since PHP 7.0
vendor/symfony/helper/DateHelper.php,20,51,WARNING,PHPCompatibility.FunctionDeclarations.RemovedOptionalBeforeRequiredParam.Deprecated80,unverified static candidate,"Declaring an optional parameter before a required parameter is deprecated since PHP 8.0. Parameter $format is optional, while parameter $full_text is required. The $format parameter is implicitly treated as a required parameter."
vendor/symfony/helper/I18NHelper.php,48,38,WARNING,PHPCompatibility.FunctionDeclarations.RemovedOptionalBeforeRequiredParam.Deprecated80,unverified static candidate,"Declaring an optional parameter before a required parameter is deprecated since PHP 8.0. Parameter $args is optional, while parameter $number is required. The $args parameter is implicitly treated as a required parameter."
vendor/symfony/helper/ObjectAdminHelper.php,191,20,ERROR,PHPCompatibility.FunctionUse.RemovedFunctions.create_functionDeprecatedRemoved,unverified static candidate,Function create_function() is deprecated since PHP 7.2 and removed since PHP 8.0; Use an anonymous function instead
vendor/symfony/helper/ObjectHelper.php,69,29,WARNING,PHPCompatibility.FunctionDeclarations.RemovedOptionalBeforeRequiredParam.Deprecated80,unverified static candidate,"Declaring an optional parameter before a required parameter is deprecated since PHP 8.0. Parameter $options is optional, while parameter $value_method is required. The $options parameter is implicitly treated as a required parameter."
vendor/symfony/helper/PartialHelper.php,339,21,ERROR,PHPCompatibility.ParameterValues.ChangedIntToBoolParamType.ob_implicit_flush_enableNumericFound,unverified static candidate,The $enable parameter of ob_implicit_flush() expects a boolean value instead of an integer since PHP 8.0. Found: 0
vendor/symfony/helper/TagHelper.php,74,28,ERROR,PHPCompatibility.ParameterValues.NewHTMLEntitiesFlagsDefault.NotSet,unverified static candidate,"The default value of the $flags parameter for htmlspecialchars() was changed from ENT_COMPAT to ENT_QUOTES | ENT_SUBSTITUTE | ENT_HTML401 in PHP 8.1. For cross-version compatibility, the $flags parameter should be explicitly set."
vendor/symfony/helper/TextHelper.php,188,5,ERROR,PHPCompatibility.FunctionUse.RemovedFunctions.create_functionDeprecatedRemoved,unverified static candidate,Function create_function() is deprecated since PHP 7.2 and removed since PHP 8.0; Use an anonymous function instead
vendor/symfony/helper/UrlHelper.php,418,18,ERROR,PHPCompatibility.Syntax.RemovedCurlyBraceArrayAccess.Removed,unverified static candidate,Curly brace syntax for accessing array elements and string offsets has been deprecated in PHP 7.4 and removed in PHP 8.0. Found: $text{$i}
vendor/symfony/i18n/sfDateFormat.class.php,225,19,ERROR,PHPCompatibility.Syntax.RemovedCurlyBraceArrayAccess.Removed,unverified static candidate,Curly brace syntax for accessing array elements and string offsets has been deprecated in PHP 7.4 and removed in PHP 8.0. Found: $pattern{0}
vendor/symfony/i18n/sfDateFormat.class.php,225,41,ERROR,PHPCompatibility.Syntax.RemovedCurlyBraceArrayAccess.Removed,unverified static candidate,Curly brace syntax for accessing array elements and string offsets has been deprecated in PHP 7.4 and removed in PHP 8.0. Found: $pattern{strlen($pattern) - 1}
vendor/symfony/i18n/sfDateFormat.class.php,262,35,ERROR,PHPCompatibility.Syntax.RemovedCurlyBraceArrayAccess.Removed,unverified static candidate,Curly brace syntax for accessing array elements and string offsets has been deprecated in PHP 7.4 and removed in PHP 8.0. Found: $token{0}
vendor/symfony/i18n/sfDateFormat.class.php,264,34,ERROR,PHPCompatibility.Syntax.RemovedCurlyBraceArrayAccess.Removed,unverified static candidate,Curly brace syntax for accessing array elements and string offsets has been deprecated in PHP 7.4 and removed in PHP 8.0. Found: $token{0}
vendor/symfony/i18n/sfDateFormat.class.php,393,36,ERROR,PHPCompatibility.Syntax.RemovedCurlyBraceArrayAccess.Removed,unverified static candidate,Curly brace syntax for accessing array elements and string offsets has been deprecated in PHP 7.4 and removed in PHP 8.0. Found: $pattern{$i}
vendor/symfony/i18n/sfDateFormat.class.php,395,27,ERROR,PHPCompatibility.Syntax.RemovedCurlyBraceArrayAccess.Removed,unverified static candidate,Curly brace syntax for accessing array elements and string offsets has been deprecated in PHP 7.4 and removed in PHP 8.0. Found: $pattern{$i}
vendor/symfony/i18n/sfDateFormat.class.php,400,26,ERROR,PHPCompatibility.Syntax.RemovedCurlyBraceArrayAccess.Removed,unverified static candidate,Curly brace syntax for accessing array elements and string offsets has been deprecated in PHP 7.4 and removed in PHP 8.0. Found: $pattern{$i}
vendor/symfony/i18n/sfDateFormat.class.php,403,19,ERROR,PHPCompatibility.Syntax.RemovedCurlyBraceArrayAccess.Removed,unverified static candidate,Curly brace syntax for accessing array elements and string offsets has been deprecated in PHP 7.4 and removed in PHP 8.0. Found: $pattern{$i}
vendor/symfony/i18n/sfDateFormat.class.php,407,33,ERROR,PHPCompatibility.Syntax.RemovedCurlyBraceArrayAccess.Removed,unverified static candidate,Curly brace syntax for accessing array elements and string offsets has been deprecated in PHP 7.4 and removed in PHP 8.0. Found: $pattern{$i}
vendor/symfony/i18n/sfDateFormat.class.php,411,49,ERROR,PHPCompatibility.Syntax.RemovedCurlyBraceArrayAccess.Removed,unverified static candidate,Curly brace syntax for accessing array elements and string offsets has been deprecated in PHP 7.4 and removed in PHP 8.0. Found: $pattern{$i}
vendor/symfony/i18n/sfDateFormat.class.php,416,23,ERROR,PHPCompatibility.Syntax.RemovedCurlyBraceArrayAccess.Removed,unverified static candidate,Curly brace syntax for accessing array elements and string offsets has been deprecated in PHP 7.4 and removed in PHP 8.0. Found: $pattern{$i}
vendor/symfony/i18n/sfMessageSource_MySQL.class.php,76,6,ERROR,PHPCompatibility.Extensions.RemovedExtensions.mysql_DeprecatedRemoved,unverified static candidate,Extension 'mysql_' is deprecated since PHP 5.5 and removed since PHP 7.0; Use mysqli instead
vendor/symfony/i18n/sfMessageSource_MySQL.class.php,76,6,ERROR,PHPCompatibility.FunctionUse.RemovedFunctions.mysql_closeDeprecatedRemoved,unverified static candidate,Function mysql_close() is deprecated since PHP 5.5 and removed since PHP 7.0
vendor/symfony/i18n/sfMessageSource_MySQL.class.php,130,13,ERROR,PHPCompatibility.Extensions.RemovedExtensions.mysql_DeprecatedRemoved,unverified static candidate,Extension 'mysql_' is deprecated since PHP 5.5 and removed since PHP 7.0; Use mysqli instead
vendor/symfony/i18n/sfMessageSource_MySQL.class.php,130,13,ERROR,PHPCompatibility.FunctionUse.RemovedFunctions.mysql_select_dbDeprecatedRemoved,unverified static candidate,Function mysql_select_db() is deprecated since PHP 5.5 and removed since PHP 7.0
vendor/symfony/i18n/sfMessageSource_MySQL.class.php,162,16,ERROR,PHPCompatibility.Extensions.RemovedExtensions.mysql_DeprecatedRemoved,unverified static candidate,Extension 'mysql_' is deprecated since PHP 5.5 and removed since PHP 7.0; Use mysqli instead
vendor/symfony/i18n/sfMessageSource_MySQL.class.php,162,16,ERROR,PHPCompatibility.FunctionUse.RemovedFunctions.mysql_escape_stringDeprecatedRemoved,unverified static candidate,Function mysql_escape_string() is deprecated since PHP 4.3 and removed since PHP 7.0; Use mysqli::real_escape_string() instead
vendor/symfony/i18n/sfMessageSource_MySQL.class.php,171,11,ERROR,PHPCompatibility.Extensions.RemovedExtensions.mysql_DeprecatedRemoved,unverified static candidate,Extension 'mysql_' is deprecated since PHP 5.5 and removed since PHP 7.0; Use mysqli instead
vendor/symfony/i18n/sfMessageSource_MySQL.class.php,171,11,ERROR,PHPCompatibility.FunctionUse.RemovedFunctions.mysql_queryDeprecatedRemoved,unverified static candidate,Function mysql_query() is deprecated since PHP 5.5 and removed since PHP 7.0
vendor/symfony/i18n/sfMessageSource_MySQL.class.php,175,19,ERROR,PHPCompatibility.Extensions.RemovedExtensions.mysql_DeprecatedRemoved,unverified static candidate,Extension 'mysql_' is deprecated since PHP 5.5 and removed since PHP 7.0; Use mysqli instead
vendor/symfony/i18n/sfMessageSource_MySQL.class.php,175,19,ERROR,PHPCompatibility.FunctionUse.RemovedFunctions.mysql_fetch_arrayDeprecatedRemoved,unverified static candidate,Function mysql_fetch_array() is deprecated since PHP 5.5 and removed since PHP 7.0
vendor/symfony/i18n/sfMessageSource_MySQL.class.php,175,42,ERROR,PHPCompatibility.Constants.RemovedConstants.mysql_numDeprecatedRemoved,unverified static candidate,"The constant ""MYSQL_NUM"" is deprecated since PHP 5.5 and removed since PHP 7.0"
vendor/symfony/i18n/sfMessageSource_MySQL.class.php,195,15,ERROR,PHPCompatibility.Extensions.RemovedExtensions.mysql_DeprecatedRemoved,unverified static candidate,Extension 'mysql_' is deprecated since PHP 5.5 and removed since PHP 7.0; Use mysqli instead
vendor/symfony/i18n/sfMessageSource_MySQL.class.php,195,15,ERROR,PHPCompatibility.FunctionUse.RemovedFunctions.mysql_escape_stringDeprecatedRemoved,unverified static candidate,Function mysql_escape_string() is deprecated since PHP 4.3 and removed since PHP 7.0; Use mysqli::real_escape_string() instead
vendor/symfony/i18n/sfMessageSource_MySQL.class.php,197,11,ERROR,PHPCompatibility.Extensions.RemovedExtensions.mysql_DeprecatedRemoved,unverified static candidate,Extension 'mysql_' is deprecated since PHP 5.5 and removed since PHP 7.0; Use mysqli instead
vendor/symfony/i18n/sfMessageSource_MySQL.class.php,197,11,ERROR,PHPCompatibility.FunctionUse.RemovedFunctions.mysql_queryDeprecatedRemoved,unverified static candidate,Function mysql_query() is deprecated since PHP 5.5 and removed since PHP 7.0
vendor/symfony/i18n/sfMessageSource_MySQL.class.php,199,28,ERROR,PHPCompatibility.Extensions.RemovedExtensions.mysql_DeprecatedRemoved,unverified static candidate,Extension 'mysql_' is deprecated since PHP 5.5 and removed since PHP 7.0; Use mysqli instead
vendor/symfony/i18n/sfMessageSource_MySQL.class.php,199,28,ERROR,PHPCompatibility.FunctionUse.RemovedFunctions.mysql_resultDeprecatedRemoved,unverified static candidate,Function mysql_result() is deprecated since PHP 5.5 and removed since PHP 7.0
vendor/symfony/i18n/sfMessageSource_MySQL.class.php,212,16,ERROR,PHPCompatibility.Extensions.RemovedExtensions.mysql_DeprecatedRemoved,unverified static candidate,Extension 'mysql_' is deprecated since PHP 5.5 and removed since PHP 7.0; Use mysqli instead
vendor/symfony/i18n/sfMessageSource_MySQL.class.php,212,16,ERROR,PHPCompatibility.FunctionUse.RemovedFunctions.mysql_escape_stringDeprecatedRemoved,unverified static candidate,Function mysql_escape_string() is deprecated since PHP 4.3 and removed since PHP 7.0; Use mysqli::real_escape_string() instead
vendor/symfony/i18n/sfMessageSource_MySQL.class.php,214,11,ERROR,PHPCompatibility.Extensions.RemovedExtensions.mysql_DeprecatedRemoved,unverified static candidate,Extension 'mysql_' is deprecated since PHP 5.5 and removed since PHP 7.0; Use mysqli instead
vendor/symfony/i18n/sfMessageSource_MySQL.class.php,214,11,ERROR,PHPCompatibility.FunctionUse.RemovedFunctions.mysql_queryDeprecatedRemoved,unverified static candidate,Function mysql_query() is deprecated since PHP 5.5 and removed since PHP 7.0
vendor/symfony/i18n/sfMessageSource_MySQL.class.php,216,12,ERROR,PHPCompatibility.Extensions.RemovedExtensions.mysql_DeprecatedRemoved,unverified static candidate,Extension 'mysql_' is deprecated since PHP 5.5 and removed since PHP 7.0; Use mysqli instead
vendor/symfony/i18n/sfMessageSource_MySQL.class.php,216,12,ERROR,PHPCompatibility.FunctionUse.RemovedFunctions.mysql_fetch_arrayDeprecatedRemoved,unverified static candidate,Function mysql_fetch_array() is deprecated since PHP 5.5 and removed since PHP 7.0
vendor/symfony/i18n/sfMessageSource_MySQL.class.php,216,34,ERROR,PHPCompatibility.Constants.RemovedConstants.mysql_numDeprecatedRemoved,unverified static candidate,"The constant ""MYSQL_NUM"" is deprecated since PHP 5.5 and removed since PHP 7.0"
vendor/symfony/i18n/sfMessageSource_MySQL.class.php,264,13,ERROR,PHPCompatibility.Extensions.RemovedExtensions.mysql_DeprecatedRemoved,unverified static candidate,Extension 'mysql_' is deprecated since PHP 5.5 and removed since PHP 7.0; Use mysqli instead
vendor/symfony/i18n/sfMessageSource_MySQL.class.php,264,13,ERROR,PHPCompatibility.FunctionUse.RemovedFunctions.mysql_escape_stringDeprecatedRemoved,unverified static candidate,Function mysql_escape_string() is deprecated since PHP 4.3 and removed since PHP 7.0; Use mysqli::real_escape_string() instead
vendor/symfony/i18n/sfMessageSource_MySQL.class.php,266,11,ERROR,PHPCompatibility.Extensions.RemovedExtensions.mysql_DeprecatedRemoved,unverified static candidate,Extension 'mysql_' is deprecated since PHP 5.5 and removed since PHP 7.0; Use mysqli instead
vendor/symfony/i18n/sfMessageSource_MySQL.class.php,266,11,ERROR,PHPCompatibility.FunctionUse.RemovedFunctions.mysql_queryDeprecatedRemoved,unverified static candidate,Function mysql_query() is deprecated since PHP 5.5 and removed since PHP 7.0
vendor/symfony/i18n/sfMessageSource_MySQL.class.php,268,9,ERROR,PHPCompatibility.Extensions.RemovedExtensions.mysql_DeprecatedRemoved,unverified static candidate,Extension 'mysql_' is deprecated since PHP 5.5 and removed since PHP 7.0; Use mysqli instead
vendor/symfony/i18n/sfMessageSource_MySQL.class.php,268,9,ERROR,PHPCompatibility.FunctionUse.RemovedFunctions.mysql_num_rowsDeprecatedRemoved,unverified static candidate,Function mysql_num_rows() is deprecated since PHP 5.5 and removed since PHP 7.0
vendor/symfony/i18n/sfMessageSource_MySQL.class.php,273,22,ERROR,PHPCompatibility.Extensions.RemovedExtensions.mysql_DeprecatedRemoved,unverified static candidate,Extension 'mysql_' is deprecated since PHP 5.5 and removed since PHP 7.0; Use mysqli instead
vendor/symfony/i18n/sfMessageSource_MySQL.class.php,273,22,ERROR,PHPCompatibility.FunctionUse.RemovedFunctions.mysql_resultDeprecatedRemoved,unverified static candidate,Function mysql_result() is deprecated since PHP 5.5 and removed since PHP 7.0
vendor/symfony/i18n/sfMessageSource_MySQL.class.php,276,11,ERROR,PHPCompatibility.Extensions.RemovedExtensions.mysql_DeprecatedRemoved,unverified static candidate,Extension 'mysql_' is deprecated since PHP 5.5 and removed since PHP 7.0; Use mysqli instead
vendor/symfony/i18n/sfMessageSource_MySQL.class.php,276,11,ERROR,PHPCompatibility.FunctionUse.RemovedFunctions.mysql_queryDeprecatedRemoved,unverified static candidate,Function mysql_query() is deprecated since PHP 5.5 and removed since PHP 7.0
vendor/symfony/i18n/sfMessageSource_MySQL.class.php,278,21,ERROR,PHPCompatibility.Extensions.RemovedExtensions.mysql_DeprecatedRemoved,unverified static candidate,Extension 'mysql_' is deprecated since PHP 5.5 and removed since PHP 7.0; Use mysqli instead
vendor/symfony/i18n/sfMessageSource_MySQL.class.php,278,21,ERROR,PHPCompatibility.FunctionUse.RemovedFunctions.mysql_resultDeprecatedRemoved,unverified static candidate,Function mysql_result() is deprecated since PHP 5.5 and removed since PHP 7.0
vendor/symfony/i18n/sfMessageSource_MySQL.class.php,292,15,ERROR,PHPCompatibility.Extensions.RemovedExtensions.mysql_DeprecatedRemoved,unverified static candidate,Extension 'mysql_' is deprecated since PHP 5.5 and removed since PHP 7.0; Use mysqli instead
vendor/symfony/i18n/sfMessageSource_MySQL.class.php,292,15,ERROR,PHPCompatibility.FunctionUse.RemovedFunctions.mysql_queryDeprecatedRemoved,unverified static candidate,Function mysql_query() is deprecated since PHP 5.5 and removed since PHP 7.0
vendor/symfony/i18n/sfMessageSource_MySQL.class.php,342,18,ERROR,PHPCompatibility.Extensions.RemovedExtensions.mysql_DeprecatedRemoved,unverified static candidate,Extension 'mysql_' is deprecated since PHP 5.5 and removed since PHP 7.0; Use mysqli instead
vendor/symfony/i18n/sfMessageSource_MySQL.class.php,342,18,ERROR,PHPCompatibility.FunctionUse.RemovedFunctions.mysql_escape_stringDeprecatedRemoved,unverified static candidate,Function mysql_escape_string() is deprecated since PHP 4.3 and removed since PHP 7.0; Use mysqli::real_escape_string() instead
vendor/symfony/i18n/sfMessageSource_MySQL.class.php,346,7,ERROR,PHPCompatibility.Extensions.RemovedExtensions.mysql_DeprecatedRemoved,unverified static candidate,Extension 'mysql_' is deprecated since PHP 5.5 and removed since PHP 7.0; Use mysqli instead
vendor/symfony/i18n/sfMessageSource_MySQL.class.php,346,7,ERROR,PHPCompatibility.FunctionUse.RemovedFunctions.mysql_queryDeprecatedRemoved,unverified static candidate,Function mysql_query() is deprecated since PHP 5.5 and removed since PHP 7.0
vendor/symfony/i18n/sfMessageSource_MySQL.class.php,375,13,ERROR,PHPCompatibility.Extensions.RemovedExtensions.mysql_DeprecatedRemoved,unverified static candidate,Extension 'mysql_' is deprecated since PHP 5.5 and removed since PHP 7.0; Use mysqli instead
vendor/symfony/i18n/sfMessageSource_MySQL.class.php,375,13,ERROR,PHPCompatibility.FunctionUse.RemovedFunctions.mysql_escape_stringDeprecatedRemoved,unverified static candidate,Function mysql_escape_string() is deprecated since PHP 4.3 and removed since PHP 7.0; Use mysqli::real_escape_string() instead
vendor/symfony/i18n/sfMessageSource_MySQL.class.php,380,5,ERROR,PHPCompatibility.Extensions.RemovedExtensions.mysql_DeprecatedRemoved,unverified static candidate,Extension 'mysql_' is deprecated since PHP 5.5 and removed since PHP 7.0; Use mysqli instead
vendor/symfony/i18n/sfMessageSource_MySQL.class.php,380,5,ERROR,PHPCompatibility.FunctionUse.RemovedFunctions.mysql_queryDeprecatedRemoved,unverified static candidate,Function mysql_query() is deprecated since PHP 5.5 and removed since PHP 7.0
vendor/symfony/i18n/sfMessageSource_MySQL.class.php,382,9,ERROR,PHPCompatibility.Extensions.RemovedExtensions.mysql_DeprecatedRemoved,unverified static candidate,Extension 'mysql_' is deprecated since PHP 5.5 and removed since PHP 7.0; Use mysqli instead
vendor/symfony/i18n/sfMessageSource_MySQL.class.php,382,9,ERROR,PHPCompatibility.FunctionUse.RemovedFunctions.mysql_affected_rowsDeprecatedRemoved,unverified static candidate,Function mysql_affected_rows() is deprecated since PHP 5.5 and removed since PHP 7.0
vendor/symfony/i18n/sfMessageSource_MySQL.class.php,411,17,ERROR,PHPCompatibility.Extensions.RemovedExtensions.mysql_DeprecatedRemoved,unverified static candidate,Extension 'mysql_' is deprecated since PHP 5.5 and removed since PHP 7.0; Use mysqli instead
vendor/symfony/i18n/sfMessageSource_MySQL.class.php,411,17,ERROR,PHPCompatibility.FunctionUse.RemovedFunctions.mysql_escape_stringDeprecatedRemoved,unverified static candidate,Function mysql_escape_string() is deprecated since PHP 4.3 and removed since PHP 7.0; Use mysqli::real_escape_string() instead
vendor/symfony/i18n/sfMessageSource_MySQL.class.php,412,15,ERROR,PHPCompatibility.Extensions.RemovedExtensions.mysql_DeprecatedRemoved,unverified static candidate,Extension 'mysql_' is deprecated since PHP 5.5 and removed since PHP 7.0; Use mysqli instead
vendor/symfony/i18n/sfMessageSource_MySQL.class.php,412,15,ERROR,PHPCompatibility.FunctionUse.RemovedFunctions.mysql_escape_stringDeprecatedRemoved,unverified static candidate,Function mysql_escape_string() is deprecated since PHP 4.3 and removed since PHP 7.0; Use mysqli::real_escape_string() instead
vendor/symfony/i18n/sfMessageSource_MySQL.class.php,413,13,ERROR,PHPCompatibility.Extensions.RemovedExtensions.mysql_DeprecatedRemoved,unverified static candidate,Extension 'mysql_' is deprecated since PHP 5.5 and removed since PHP 7.0; Use mysqli instead
vendor/symfony/i18n/sfMessageSource_MySQL.class.php,413,13,ERROR,PHPCompatibility.FunctionUse.RemovedFunctions.mysql_escape_stringDeprecatedRemoved,unverified static candidate,Function mysql_escape_string() is deprecated since PHP 4.3 and removed since PHP 7.0; Use mysqli::real_escape_string() instead
vendor/symfony/i18n/sfMessageSource_MySQL.class.php,421,5,ERROR,PHPCompatibility.Extensions.RemovedExtensions.mysql_DeprecatedRemoved,unverified static candidate,Extension 'mysql_' is deprecated since PHP 5.5 and removed since PHP 7.0; Use mysqli instead
vendor/symfony/i18n/sfMessageSource_MySQL.class.php,421,5,ERROR,PHPCompatibility.FunctionUse.RemovedFunctions.mysql_queryDeprecatedRemoved,unverified static candidate,Function mysql_query() is deprecated since PHP 5.5 and removed since PHP 7.0
vendor/symfony/i18n/sfMessageSource_MySQL.class.php,422,9,ERROR,PHPCompatibility.Extensions.RemovedExtensions.mysql_DeprecatedRemoved,unverified static candidate,Extension 'mysql_' is deprecated since PHP 5.5 and removed since PHP 7.0; Use mysqli instead
vendor/symfony/i18n/sfMessageSource_MySQL.class.php,422,9,ERROR,PHPCompatibility.FunctionUse.RemovedFunctions.mysql_affected_rowsDeprecatedRemoved,unverified static candidate,Function mysql_affected_rows() is deprecated since PHP 5.5 and removed since PHP 7.0
vendor/symfony/i18n/sfMessageSource_MySQL.class.php,438,11,ERROR,PHPCompatibility.Extensions.RemovedExtensions.mysql_DeprecatedRemoved,unverified static candidate,Extension 'mysql_' is deprecated since PHP 5.5 and removed since PHP 7.0; Use mysqli instead
vendor/symfony/i18n/sfMessageSource_MySQL.class.php,438,11,ERROR,PHPCompatibility.FunctionUse.RemovedFunctions.mysql_queryDeprecatedRemoved,unverified static candidate,Function mysql_query() is deprecated since PHP 5.5 and removed since PHP 7.0
vendor/symfony/i18n/sfMessageSource_MySQL.class.php,440,18,ERROR,PHPCompatibility.Extensions.RemovedExtensions.mysql_DeprecatedRemoved,unverified static candidate,Extension 'mysql_' is deprecated since PHP 5.5 and removed since PHP 7.0; Use mysqli instead
vendor/symfony/i18n/sfMessageSource_MySQL.class.php,440,18,ERROR,PHPCompatibility.FunctionUse.RemovedFunctions.mysql_fetch_arrayDeprecatedRemoved,unverified static candidate,Function mysql_fetch_array() is deprecated since PHP 5.5 and removed since PHP 7.0
vendor/symfony/i18n/sfMessageSource_MySQL.class.php,440,41,ERROR,PHPCompatibility.Constants.RemovedConstants.mysql_numDeprecatedRemoved,unverified static candidate,"The constant ""MYSQL_NUM"" is deprecated since PHP 5.5 and removed since PHP 7.0"
vendor/symfony/i18n/sfMessageSource_SQLite.class.php,65,16,ERROR,PHPCompatibility.Extensions.RemovedExtensions.sqliteRemoved,unverified static candidate,Extension 'sqlite' is removed since PHP 5.4
vendor/symfony/i18n/sfMessageSource_SQLite.class.php,65,16,ERROR,PHPCompatibility.FunctionUse.RemovedFunctions.sqlite_escape_stringRemoved,unverified static candidate,Function sqlite_escape_string() is removed since PHP 5.4
vendor/symfony/i18n/sfMessageSource_SQLite.class.php,74,11,ERROR,PHPCompatibility.Extensions.RemovedExtensions.sqliteRemoved,unverified static candidate,Extension 'sqlite' is removed since PHP 5.4
vendor/symfony/i18n/sfMessageSource_SQLite.class.php,74,11,ERROR,PHPCompatibility.FunctionUse.RemovedFunctions.sqlite_openRemoved,unverified static candidate,Function sqlite_open() is removed since PHP 5.4
vendor/symfony/i18n/sfMessageSource_SQLite.class.php,75,11,ERROR,PHPCompatibility.Extensions.RemovedExtensions.sqliteRemoved,unverified static candidate,Extension 'sqlite' is removed since PHP 5.4
vendor/symfony/i18n/sfMessageSource_SQLite.class.php,75,11,ERROR,PHPCompatibility.FunctionUse.RemovedFunctions.sqlite_queryRemoved,unverified static candidate,Function sqlite_query() is removed since PHP 5.4
vendor/symfony/i18n/sfMessageSource_SQLite.class.php,79,18,ERROR,PHPCompatibility.Extensions.RemovedExtensions.sqliteRemoved,unverified static candidate,Extension 'sqlite' is removed since PHP 5.4
vendor/symfony/i18n/sfMessageSource_SQLite.class.php,79,18,ERROR,PHPCompatibility.FunctionUse.RemovedFunctions.sqlite_fetch_arrayRemoved,unverified static candidate,Function sqlite_fetch_array() is removed since PHP 5.4
vendor/symfony/i18n/sfMessageSource_SQLite.class.php,79,42,ERROR,PHPCompatibility.Constants.RemovedConstants.sqlite_numRemoved,unverified static candidate,"The constant ""SQLITE_NUM"" is removed since PHP 5.4"
vendor/symfony/i18n/sfMessageSource_SQLite.class.php,87,5,ERROR,PHPCompatibility.Extensions.RemovedExtensions.sqliteRemoved,unverified static candidate,Extension 'sqlite' is removed since PHP 5.4
vendor/symfony/i18n/sfMessageSource_SQLite.class.php,87,5,ERROR,PHPCompatibility.FunctionUse.RemovedFunctions.sqlite_closeRemoved,unverified static candidate,Function sqlite_close() is removed since PHP 5.4
vendor/symfony/i18n/sfMessageSource_SQLite.class.php,101,15,ERROR,PHPCompatibility.Extensions.RemovedExtensions.sqliteRemoved,unverified static candidate,Extension 'sqlite' is removed since PHP 5.4
vendor/symfony/i18n/sfMessageSource_SQLite.class.php,101,15,ERROR,PHPCompatibility.FunctionUse.RemovedFunctions.sqlite_escape_stringRemoved,unverified static candidate,Function sqlite_escape_string() is removed since PHP 5.4
vendor/symfony/i18n/sfMessageSource_SQLite.class.php,103,11,ERROR,PHPCompatibility.Extensions.RemovedExtensions.sqliteRemoved,unverified static candidate,Extension 'sqlite' is removed since PHP 5.4
vendor/symfony/i18n/sfMessageSource_SQLite.class.php,103,11,ERROR,PHPCompatibility.FunctionUse.RemovedFunctions.sqlite_openRemoved,unverified static candidate,Function sqlite_open() is removed since PHP 5.4
vendor/symfony/i18n/sfMessageSource_SQLite.class.php,105,11,ERROR,PHPCompatibility.Extensions.RemovedExtensions.sqliteRemoved,unverified static candidate,Extension 'sqlite' is removed since PHP 5.4
vendor/symfony/i18n/sfMessageSource_SQLite.class.php,105,11,ERROR,PHPCompatibility.FunctionUse.RemovedFunctions.sqlite_queryRemoved,unverified static candidate,Function sqlite_query() is removed since PHP 5.4
vendor/symfony/i18n/sfMessageSource_SQLite.class.php,107,28,ERROR,PHPCompatibility.Extensions.RemovedExtensions.sqliteRemoved,unverified static candidate,Extension 'sqlite' is removed since PHP 5.4
vendor/symfony/i18n/sfMessageSource_SQLite.class.php,107,28,ERROR,PHPCompatibility.FunctionUse.RemovedFunctions.sqlite_fetch_singleRemoved,unverified static candidate,Function sqlite_fetch_single() is removed since PHP 5.4
vendor/symfony/i18n/sfMessageSource_SQLite.class.php,109,5,ERROR,PHPCompatibility.Extensions.RemovedExtensions.sqliteRemoved,unverified static candidate,Extension 'sqlite' is removed since PHP 5.4
vendor/symfony/i18n/sfMessageSource_SQLite.class.php,109,5,ERROR,PHPCompatibility.FunctionUse.RemovedFunctions.sqlite_closeRemoved,unverified static candidate,Function sqlite_close() is removed since PHP 5.4
vendor/symfony/i18n/sfMessageSource_SQLite.class.php,122,16,ERROR,PHPCompatibility.Extensions.RemovedExtensions.sqliteRemoved,unverified static candidate,Extension 'sqlite' is removed since PHP 5.4
vendor/symfony/i18n/sfMessageSource_SQLite.class.php,122,16,ERROR,PHPCompatibility.FunctionUse.RemovedFunctions.sqlite_escape_stringRemoved,unverified static candidate,Function sqlite_escape_string() is removed since PHP 5.4
vendor/symfony/i18n/sfMessageSource_SQLite.class.php,123,11,ERROR,PHPCompatibility.Extensions.RemovedExtensions.sqliteRemoved,unverified static candidate,Extension 'sqlite' is removed since PHP 5.4
vendor/symfony/i18n/sfMessageSource_SQLite.class.php,123,11,ERROR,PHPCompatibility.FunctionUse.RemovedFunctions.sqlite_openRemoved,unverified static candidate,Function sqlite_open() is removed since PHP 5.4
vendor/symfony/i18n/sfMessageSource_SQLite.class.php,124,11,ERROR,PHPCompatibility.Extensions.RemovedExtensions.sqliteRemoved,unverified static candidate,Extension 'sqlite' is removed since PHP 5.4
vendor/symfony/i18n/sfMessageSource_SQLite.class.php,124,11,ERROR,PHPCompatibility.FunctionUse.RemovedFunctions.sqlite_queryRemoved,unverified static candidate,Function sqlite_query() is removed since PHP 5.4
vendor/symfony/i18n/sfMessageSource_SQLite.class.php,125,29,ERROR,PHPCompatibility.Extensions.RemovedExtensions.sqliteRemoved,unverified static candidate,Extension 'sqlite' is removed since PHP 5.4
vendor/symfony/i18n/sfMessageSource_SQLite.class.php,125,29,ERROR,PHPCompatibility.FunctionUse.RemovedFunctions.sqlite_fetch_singleRemoved,unverified static candidate,Function sqlite_fetch_single() is removed since PHP 5.4
vendor/symfony/i18n/sfMessageSource_SQLite.class.php,126,5,ERROR,PHPCompatibility.Extensions.RemovedExtensions.sqliteRemoved,unverified static candidate,Extension 'sqlite' is removed since PHP 5.4
vendor/symfony/i18n/sfMessageSource_SQLite.class.php,126,5,ERROR,PHPCompatibility.FunctionUse.RemovedFunctions.sqlite_closeRemoved,unverified static candidate,Function sqlite_close() is removed since PHP 5.4
vendor/symfony/i18n/sfMessageSource_SQLite.class.php,172,13,ERROR,PHPCompatibility.Extensions.RemovedExtensions.sqliteRemoved,unverified static candidate,Extension 'sqlite' is removed since PHP 5.4
vendor/symfony/i18n/sfMessageSource_SQLite.class.php,172,13,ERROR,PHPCompatibility.FunctionUse.RemovedFunctions.sqlite_escape_stringRemoved,unverified static candidate,Function sqlite_escape_string() is removed since PHP 5.4
vendor/symfony/i18n/sfMessageSource_SQLite.class.php,174,11,ERROR,PHPCompatibility.Extensions.RemovedExtensions.sqliteRemoved,unverified static candidate,Extension 'sqlite' is removed since PHP 5.4
vendor/symfony/i18n/sfMessageSource_SQLite.class.php,174,11,ERROR,PHPCompatibility.FunctionUse.RemovedFunctions.sqlite_openRemoved,unverified static candidate,Function sqlite_open() is removed since PHP 5.4
vendor/symfony/i18n/sfMessageSource_SQLite.class.php,176,11,ERROR,PHPCompatibility.Extensions.RemovedExtensions.sqliteRemoved,unverified static candidate,Extension 'sqlite' is removed since PHP 5.4
vendor/symfony/i18n/sfMessageSource_SQLite.class.php,176,11,ERROR,PHPCompatibility.FunctionUse.RemovedFunctions.sqlite_queryRemoved,unverified static candidate,Function sqlite_query() is removed since PHP 5.4
vendor/symfony/i18n/sfMessageSource_SQLite.class.php,178,9,ERROR,PHPCompatibility.Extensions.RemovedExtensions.sqliteRemoved,unverified static candidate,Extension 'sqlite' is removed since PHP 5.4
vendor/symfony/i18n/sfMessageSource_SQLite.class.php,178,9,ERROR,PHPCompatibility.FunctionUse.RemovedFunctions.sqlite_num_rowsRemoved,unverified static candidate,Function sqlite_num_rows() is removed since PHP 5.4
vendor/symfony/i18n/sfMessageSource_SQLite.class.php,183,22,ERROR,PHPCompatibility.Extensions.RemovedExtensions.sqliteRemoved,unverified static candidate,Extension 'sqlite' is removed since PHP 5.4
vendor/symfony/i18n/sfMessageSource_SQLite.class.php,183,22,ERROR,PHPCompatibility.FunctionUse.RemovedFunctions.sqlite_fetch_singleRemoved,unverified static candidate,Function sqlite_fetch_single() is removed since PHP 5.4
vendor/symfony/i18n/sfMessageSource_SQLite.class.php,186,11,ERROR,PHPCompatibility.Extensions.RemovedExtensions.sqliteRemoved,unverified static candidate,Extension 'sqlite' is removed since PHP 5.4
vendor/symfony/i18n/sfMessageSource_SQLite.class.php,186,11,ERROR,PHPCompatibility.FunctionUse.RemovedFunctions.sqlite_queryRemoved,unverified static candidate,Function sqlite_query() is removed since PHP 5.4
vendor/symfony/i18n/sfMessageSource_SQLite.class.php,188,21,ERROR,PHPCompatibility.Extensions.RemovedExtensions.sqliteRemoved,unverified static candidate,Extension 'sqlite' is removed since PHP 5.4
vendor/symfony/i18n/sfMessageSource_SQLite.class.php,188,21,ERROR,PHPCompatibility.FunctionUse.RemovedFunctions.sqlite_fetch_singleRemoved,unverified static candidate,Function sqlite_fetch_single() is removed since PHP 5.4
vendor/symfony/i18n/sfMessageSource_SQLite.class.php,190,5,ERROR,PHPCompatibility.Extensions.RemovedExtensions.sqliteRemoved,unverified static candidate,Extension 'sqlite' is removed since PHP 5.4
vendor/symfony/i18n/sfMessageSource_SQLite.class.php,190,5,ERROR,PHPCompatibility.FunctionUse.RemovedFunctions.sqlite_closeRemoved,unverified static candidate,Function sqlite_close() is removed since PHP 5.4
vendor/symfony/i18n/sfMessageSource_SQLite.class.php,204,15,ERROR,PHPCompatibility.Extensions.RemovedExtensions.sqliteRemoved,unverified static candidate,Extension 'sqlite' is removed since PHP 5.4
vendor/symfony/i18n/sfMessageSource_SQLite.class.php,204,15,ERROR,PHPCompatibility.FunctionUse.RemovedFunctions.sqlite_queryRemoved,unverified static candidate,Function sqlite_query() is removed since PHP 5.4
vendor/symfony/i18n/sfMessageSource_SQLite.class.php,248,11,ERROR,PHPCompatibility.Extensions.RemovedExtensions.sqliteRemoved,unverified static candidate,Extension 'sqlite' is removed since PHP 5.4
vendor/symfony/i18n/sfMessageSource_SQLite.class.php,248,11,ERROR,PHPCompatibility.FunctionUse.RemovedFunctions.sqlite_openRemoved,unverified static candidate,Function sqlite_open() is removed since PHP 5.4
vendor/symfony/i18n/sfMessageSource_SQLite.class.php,253,18,ERROR,PHPCompatibility.Extensions.RemovedExtensions.sqliteRemoved,unverified static candidate,Extension 'sqlite' is removed since PHP 5.4
vendor/symfony/i18n/sfMessageSource_SQLite.class.php,253,18,ERROR,PHPCompatibility.FunctionUse.RemovedFunctions.sqlite_escape_stringRemoved,unverified static candidate,Function sqlite_escape_string() is removed since PHP 5.4
vendor/symfony/i18n/sfMessageSource_SQLite.class.php,255,11,ERROR,PHPCompatibility.Extensions.RemovedExtensions.sqliteRemoved,unverified static candidate,Extension 'sqlite' is removed since PHP 5.4
vendor/symfony/i18n/sfMessageSource_SQLite.class.php,255,11,ERROR,PHPCompatibility.FunctionUse.RemovedFunctions.sqlite_queryRemoved,unverified static candidate,Function sqlite_query() is removed since PHP 5.4
vendor/symfony/i18n/sfMessageSource_SQLite.class.php,266,5,ERROR,PHPCompatibility.Extensions.RemovedExtensions.sqliteRemoved,unverified static candidate,Extension 'sqlite' is removed since PHP 5.4
vendor/symfony/i18n/sfMessageSource_SQLite.class.php,266,5,ERROR,PHPCompatibility.FunctionUse.RemovedFunctions.sqlite_closeRemoved,unverified static candidate,Function sqlite_close() is removed since PHP 5.4
vendor/symfony/i18n/sfMessageSource_SQLite.class.php,292,17,ERROR,PHPCompatibility.Extensions.RemovedExtensions.sqliteRemoved,unverified static candidate,Extension 'sqlite' is removed since PHP 5.4
vendor/symfony/i18n/sfMessageSource_SQLite.class.php,292,17,ERROR,PHPCompatibility.FunctionUse.RemovedFunctions.sqlite_escape_stringRemoved,unverified static candidate,Function sqlite_escape_string() is removed since PHP 5.4
vendor/symfony/i18n/sfMessageSource_SQLite.class.php,293,15,ERROR,PHPCompatibility.Extensions.RemovedExtensions.sqliteRemoved,unverified static candidate,Extension 'sqlite' is removed since PHP 5.4
vendor/symfony/i18n/sfMessageSource_SQLite.class.php,293,15,ERROR,PHPCompatibility.FunctionUse.RemovedFunctions.sqlite_escape_stringRemoved,unverified static candidate,Function sqlite_escape_string() is removed since PHP 5.4
vendor/symfony/i18n/sfMessageSource_SQLite.class.php,294,13,ERROR,PHPCompatibility.Extensions.RemovedExtensions.sqliteRemoved,unverified static candidate,Extension 'sqlite' is removed since PHP 5.4
vendor/symfony/i18n/sfMessageSource_SQLite.class.php,294,13,ERROR,PHPCompatibility.FunctionUse.RemovedFunctions.sqlite_escape_stringRemoved,unverified static candidate,Function sqlite_escape_string() is removed since PHP 5.4
vendor/symfony/i18n/sfMessageSource_SQLite.class.php,298,11,ERROR,PHPCompatibility.Extensions.RemovedExtensions.sqliteRemoved,unverified static candidate,Extension 'sqlite' is removed since PHP 5.4
vendor/symfony/i18n/sfMessageSource_SQLite.class.php,298,11,ERROR,PHPCompatibility.FunctionUse.RemovedFunctions.sqlite_openRemoved,unverified static candidate,Function sqlite_open() is removed since PHP 5.4
vendor/symfony/i18n/sfMessageSource_SQLite.class.php,304,9,ERROR,PHPCompatibility.Extensions.RemovedExtensions.sqliteRemoved,unverified static candidate,Extension 'sqlite' is removed since PHP 5.4
vendor/symfony/i18n/sfMessageSource_SQLite.class.php,304,9,ERROR,PHPCompatibility.FunctionUse.RemovedFunctions.sqlite_queryRemoved,unverified static candidate,Function sqlite_query() is removed since PHP 5.4
vendor/symfony/i18n/sfMessageSource_SQLite.class.php,309,5,ERROR,PHPCompatibility.Extensions.RemovedExtensions.sqliteRemoved,unverified static candidate,Extension 'sqlite' is removed since PHP 5.4
vendor/symfony/i18n/sfMessageSource_SQLite.class.php,309,5,ERROR,PHPCompatibility.FunctionUse.RemovedFunctions.sqlite_closeRemoved,unverified static candidate,Function sqlite_close() is removed since PHP 5.4
vendor/symfony/i18n/sfMessageSource_SQLite.class.php,333,11,ERROR,PHPCompatibility.Extensions.RemovedExtensions.sqliteRemoved,unverified static candidate,Extension 'sqlite' is removed since PHP 5.4
vendor/symfony/i18n/sfMessageSource_SQLite.class.php,333,11,ERROR,PHPCompatibility.FunctionUse.RemovedFunctions.sqlite_openRemoved,unverified static candidate,Function sqlite_open() is removed since PHP 5.4
vendor/symfony/i18n/sfMessageSource_SQLite.class.php,334,13,ERROR,PHPCompatibility.Extensions.RemovedExtensions.sqliteRemoved,unverified static candidate,Extension 'sqlite' is removed since PHP 5.4
vendor/symfony/i18n/sfMessageSource_SQLite.class.php,334,13,ERROR,PHPCompatibility.FunctionUse.RemovedFunctions.sqlite_escape_stringRemoved,unverified static candidate,Function sqlite_escape_string() is removed since PHP 5.4
vendor/symfony/i18n/sfMessageSource_SQLite.class.php,339,9,ERROR,PHPCompatibility.Extensions.RemovedExtensions.sqliteRemoved,unverified static candidate,Extension 'sqlite' is removed since PHP 5.4
vendor/symfony/i18n/sfMessageSource_SQLite.class.php,339,9,ERROR,PHPCompatibility.FunctionUse.RemovedFunctions.sqlite_queryRemoved,unverified static candidate,Function sqlite_query() is removed since PHP 5.4
vendor/symfony/i18n/sfMessageSource_SQLite.class.php,344,5,ERROR,PHPCompatibility.Extensions.RemovedExtensions.sqliteRemoved,unverified static candidate,Extension 'sqlite' is removed since PHP 5.4
vendor/symfony/i18n/sfMessageSource_SQLite.class.php,344,5,ERROR,PHPCompatibility.FunctionUse.RemovedFunctions.sqlite_closeRemoved,unverified static candidate,Function sqlite_close() is removed since PHP 5.4
vendor/symfony/i18n/sfMessageSource_SQLite.class.php,356,11,ERROR,PHPCompatibility.Extensions.RemovedExtensions.sqliteRemoved,unverified static candidate,Extension 'sqlite' is removed since PHP 5.4
vendor/symfony/i18n/sfMessageSource_SQLite.class.php,356,11,ERROR,PHPCompatibility.FunctionUse.RemovedFunctions.sqlite_openRemoved,unverified static candidate,Function sqlite_open() is removed since PHP 5.4
vendor/symfony/i18n/sfMessageSource_SQLite.class.php,358,11,ERROR,PHPCompatibility.Extensions.RemovedExtensions.sqliteRemoved,unverified static candidate,Extension 'sqlite' is removed since PHP 5.4
vendor/symfony/i18n/sfMessageSource_SQLite.class.php,358,11,ERROR,PHPCompatibility.FunctionUse.RemovedFunctions.sqlite_queryRemoved,unverified static candidate,Function sqlite_query() is removed since PHP 5.4
vendor/symfony/i18n/sfMessageSource_SQLite.class.php,360,19,ERROR,PHPCompatibility.Extensions.RemovedExtensions.sqliteRemoved,unverified static candidate,Extension 'sqlite' is removed since PHP 5.4
vendor/symfony/i18n/sfMessageSource_SQLite.class.php,360,19,ERROR,PHPCompatibility.FunctionUse.RemovedFunctions.sqlite_fetch_arrayRemoved,unverified static candidate,Function sqlite_fetch_array() is removed since PHP 5.4
vendor/symfony/i18n/sfMessageSource_SQLite.class.php,360,43,ERROR,PHPCompatibility.Constants.RemovedConstants.sqlite_numRemoved,unverified static candidate,"The constant ""SQLITE_NUM"" is removed since PHP 5.4"
vendor/symfony/i18n/sfMessageSource_SQLite.class.php,370,5,ERROR,PHPCompatibility.Extensions.RemovedExtensions.sqliteRemoved,unverified static candidate,Extension 'sqlite' is removed since PHP 5.4
vendor/symfony/i18n/sfMessageSource_SQLite.class.php,370,5,ERROR,PHPCompatibility.FunctionUse.RemovedFunctions.sqlite_closeRemoved,unverified static candidate,Function sqlite_close() is removed since PHP 5.4
vendor/symfony/i18n/sfNumberFormat.class.php,195,24,ERROR,PHPCompatibility.Syntax.RemovedCurlyBraceArrayAccess.Removed,unverified static candidate,Curly brace syntax for accessing array elements and string offsets has been deprecated in PHP 7.4 and removed in PHP 8.0. Found: $string{$len - $i - 1}
vendor/symfony/i18n/sfNumberFormatInfo.class.php,312,23,ERROR,PHPCompatibility.Syntax.RemovedCurlyBraceArrayAccess.Removed,unverified static candidate,Curly brace syntax for accessing array elements and string offsets has been deprecated in PHP 7.4 and removed in PHP 8.0. Found: $pattern{$i}
vendor/symfony/i18n/sfNumberFormatInfo.class.php,312,49,ERROR,PHPCompatibility.Syntax.RemovedCurlyBraceArrayAccess.Removed,unverified static candidate,Curly brace syntax for accessing array elements and string offsets has been deprecated in PHP 7.4 and removed in PHP 8.0. Found: $pattern{$i}
vendor/symfony/i18n/sfNumberFormatInfo.class.php,331,21,ERROR,PHPCompatibility.Syntax.RemovedCurlyBraceArrayAccess.Removed,unverified static candidate,Curly brace syntax for accessing array elements and string offsets has been deprecated in PHP 7.4 and removed in PHP 8.0. Found: $pattern{$i}
vendor/symfony/i18n/sfNumberFormatInfo.class.php,335,21,ERROR,PHPCompatibility.Syntax.RemovedCurlyBraceArrayAccess.Removed,unverified static candidate,Curly brace syntax for accessing array elements and string offsets has been deprecated in PHP 7.4 and removed in PHP 8.0. Found: $pattern{$i}
vendor/symfony/log/sfLogger/sfFileLogger.class.php,63,56,WARNING,PHPCompatibility.FunctionUse.RemovedFunctions.strftimeDeprecated,unverified static candidate,Function strftime() is deprecated since PHP 8.1; Use date() or IntlDateFormatter::format() instead
vendor/symfony/request/sfWebRequest.class.php,467,9,ERROR,PHPCompatibility.FunctionUse.RemovedFunctions.get_magic_quotes_gpcDeprecatedRemoved,unverified static candidate,Function get_magic_quotes_gpc() is deprecated since PHP 7.4 and removed since PHP 8.0
vendor/symfony/request/sfWebRequest.class.php,509,9,ERROR,PHPCompatibility.FunctionUse.RemovedFunctions.get_magic_quotes_gpcDeprecatedRemoved,unverified static candidate,Function get_magic_quotes_gpc() is deprecated since PHP 7.4 and removed since PHP 8.0
vendor/symfony/request/sfWebRequest.class.php,782,17,ERROR,PHPCompatibility.FunctionUse.RemovedFunctions.get_magic_quotes_gpcDeprecatedRemoved,unverified static candidate,Function get_magic_quotes_gpc() is deprecated since PHP 7.4 and removed since PHP 8.0
vendor/symfony/storage/sfMySQLSessionStorage.class.php,106,11,ERROR,PHPCompatibility.Extensions.RemovedExtensions.mysql_DeprecatedRemoved,unverified static candidate,Extension 'mysql_' is deprecated since PHP 5.5 and removed since PHP 7.0; Use mysqli instead
vendor/symfony/storage/sfMySQLSessionStorage.class.php,106,11,ERROR,PHPCompatibility.FunctionUse.RemovedFunctions.mysql_escape_stringDeprecatedRemoved,unverified static candidate,Function mysql_escape_string() is deprecated since PHP 4.3 and removed since PHP 7.0; Use mysqli::real_escape_string() instead
vendor/symfony/storage/sfMySQLSessionStorage.class.php,111,10,ERROR,PHPCompatibility.Extensions.RemovedExtensions.mysql_DeprecatedRemoved,unverified static candidate,Extension 'mysql_' is deprecated since PHP 5.5 and removed since PHP 7.0; Use mysqli instead
vendor/symfony/storage/sfMySQLSessionStorage.class.php,111,10,ERROR,PHPCompatibility.FunctionUse.RemovedFunctions.mysql_queryDeprecatedRemoved,unverified static candidate,Function mysql_query() is deprecated since PHP 5.5 and removed since PHP 7.0
vendor/symfony/storage/sfMySQLSessionStorage.class.php,145,10,ERROR,PHPCompatibility.Extensions.RemovedExtensions.mysql_DeprecatedRemoved,unverified static candidate,Extension 'mysql_' is deprecated since PHP 5.5 and removed since PHP 7.0; Use mysqli instead
vendor/symfony/storage/sfMySQLSessionStorage.class.php,145,10,ERROR,PHPCompatibility.FunctionUse.RemovedFunctions.mysql_queryDeprecatedRemoved,unverified static candidate,Function mysql_query() is deprecated since PHP 5.5 and removed since PHP 7.0
vendor/symfony/storage/sfMySQLSessionStorage.class.php,198,11,ERROR,PHPCompatibility.Extensions.RemovedExtensions.mysql_DeprecatedRemoved,unverified static candidate,Extension 'mysql_' is deprecated since PHP 5.5 and removed since PHP 7.0; Use mysqli instead
vendor/symfony/storage/sfMySQLSessionStorage.class.php,198,11,ERROR,PHPCompatibility.FunctionUse.RemovedFunctions.mysql_escape_stringDeprecatedRemoved,unverified static candidate,Function mysql_escape_string() is deprecated since PHP 4.3 and removed since PHP 7.0; Use mysqli::real_escape_string() instead
vendor/symfony/storage/sfMySQLSessionStorage.class.php,205,16,ERROR,PHPCompatibility.Extensions.RemovedExtensions.mysql_DeprecatedRemoved,unverified static candidate,Extension 'mysql_' is deprecated since PHP 5.5 and removed since PHP 7.0; Use mysqli instead
vendor/symfony/storage/sfMySQLSessionStorage.class.php,205,16,ERROR,PHPCompatibility.FunctionUse.RemovedFunctions.mysql_queryDeprecatedRemoved,unverified static candidate,Function mysql_query() is deprecated since PHP 5.5 and removed since PHP 7.0
vendor/symfony/storage/sfMySQLSessionStorage.class.php,207,30,ERROR,PHPCompatibility.Extensions.RemovedExtensions.mysql_DeprecatedRemoved,unverified static candidate,Extension 'mysql_' is deprecated since PHP 5.5 and removed since PHP 7.0; Use mysqli instead
vendor/symfony/storage/sfMySQLSessionStorage.class.php,207,30,ERROR,PHPCompatibility.FunctionUse.RemovedFunctions.mysql_num_rowsDeprecatedRemoved,unverified static candidate,Function mysql_num_rows() is deprecated since PHP 5.5 and removed since PHP 7.0
vendor/symfony/storage/sfMySQLSessionStorage.class.php,210,15,ERROR,PHPCompatibility.Extensions.RemovedExtensions.mysql_DeprecatedRemoved,unverified static candidate,Extension 'mysql_' is deprecated since PHP 5.5 and removed since PHP 7.0; Use mysqli instead
vendor/symfony/storage/sfMySQLSessionStorage.class.php,210,15,ERROR,PHPCompatibility.FunctionUse.RemovedFunctions.mysql_fetch_rowDeprecatedRemoved,unverified static candidate,Function mysql_fetch_row() is deprecated since PHP 5.5 and removed since PHP 7.0
vendor/symfony/storage/sfMySQLSessionStorage.class.php,221,12,ERROR,PHPCompatibility.Extensions.RemovedExtensions.mysql_DeprecatedRemoved,unverified static candidate,Extension 'mysql_' is deprecated since PHP 5.5 and removed since PHP 7.0; Use mysqli instead
vendor/symfony/storage/sfMySQLSessionStorage.class.php,221,12,ERROR,PHPCompatibility.FunctionUse.RemovedFunctions.mysql_queryDeprecatedRemoved,unverified static candidate,Function mysql_query() is deprecated since PHP 5.5 and removed since PHP 7.0
vendor/symfony/storage/sfMySQLSessionStorage.class.php,253,13,ERROR,PHPCompatibility.Extensions.RemovedExtensions.mysql_DeprecatedRemoved,unverified static candidate,Extension 'mysql_' is deprecated since PHP 5.5 and removed since PHP 7.0; Use mysqli instead
vendor/symfony/storage/sfMySQLSessionStorage.class.php,253,13,ERROR,PHPCompatibility.FunctionUse.RemovedFunctions.mysql_escape_stringDeprecatedRemoved,unverified static candidate,Function mysql_escape_string() is deprecated since PHP 4.3 and removed since PHP 7.0; Use mysqli::real_escape_string() instead
vendor/symfony/storage/sfMySQLSessionStorage.class.php,254,13,ERROR,PHPCompatibility.Extensions.RemovedExtensions.mysql_DeprecatedRemoved,unverified static candidate,Extension 'mysql_' is deprecated since PHP 5.5 and removed since PHP 7.0; Use mysqli instead
vendor/symfony/storage/sfMySQLSessionStorage.class.php,254,13,ERROR,PHPCompatibility.FunctionUse.RemovedFunctions.mysql_escape_stringDeprecatedRemoved,unverified static candidate,Function mysql_escape_string() is deprecated since PHP 4.3 and removed since PHP 7.0; Use mysqli::real_escape_string() instead
vendor/symfony/storage/sfMySQLSessionStorage.class.php,262,10,ERROR,PHPCompatibility.Extensions.RemovedExtensions.mysql_DeprecatedRemoved,unverified static candidate,Extension 'mysql_' is deprecated since PHP 5.5 and removed since PHP 7.0; Use mysqli instead
vendor/symfony/storage/sfMySQLSessionStorage.class.php,262,10,ERROR,PHPCompatibility.FunctionUse.RemovedFunctions.mysql_queryDeprecatedRemoved,unverified static candidate,Function mysql_query() is deprecated since PHP 5.5 and removed since PHP 7.0
vendor/symfony/util/Spyc.class.php,160,22,ERROR,PHPCompatibility.Syntax.RemovedCurlyBraceArrayAccess.Removed,unverified static candidate,Curly brace syntax for accessing array elements and string offsets has been deprecated in PHP 7.4 and removed in PHP 8.0. Found: $ifchk{0}
vendor/symfony/util/Spyc.class.php,1001,29,ERROR,PHPCompatibility.FunctionUse.RemovedFunctions.eachDeprecatedRemoved,unverified static candidate,Function each() is deprecated since PHP 7.2 and removed since PHP 8.0; Use a foreach loop or ArrayIterator instead
vendor/symfony/util/sfBrowser.class.php,98,21,ERROR,PHPCompatibility.ParameterValues.NewHTMLEntitiesFlagsDefault.NotSet,unverified static candidate,"The default value of the $flags parameter for html_entity_decode() was changed from ENT_COMPAT to ENT_QUOTES | ENT_SUBSTITUTE | ENT_HTML401 in PHP 8.1. For cross-version compatibility, the $flags parameter should be explicitly set."
vendor/symfony/util/sfCore.class.php,188,7,ERROR,PHPCompatibility.FunctionNameRestrictions.RemovedMagicAutoload.Removed,unverified static candidate,Specifying an autoloader using an __autoload() function is deprecated since PHP 7.2 and no longer supported since PHP 8.0
vendor/symfony/util/sfCore.class.php,200,18,WARNING,PHPCompatibility.FunctionUse.ArgumentFunctionsReportCurrentValue.NeedsInspection,unverified static candidate,"Since PHP 7.0, functions inspecting arguments, like debug_backtrace(), no longer report the original value as passed to a parameter, but will instead provide the current value. The parameter ""$class"" was used, and possibly changed (by reference), on line 192."
vendor/symfony/util/sfCore.class.php,264,7,ERROR,PHPCompatibility.FunctionNameRestrictions.RemovedMagicAutoload.Removed,unverified static candidate,Specifying an autoloader using an __autoload() function is deprecated since PHP 7.2 and no longer supported since PHP 8.0
vendor/symfony/util/sfFinder.class.php,117,13,ERROR,PHPCompatibility.Syntax.RemovedCurlyBraceArrayAccess.Removed,unverified static candidate,Curly brace syntax for accessing array elements and string offsets has been deprecated in PHP 7.4 and removed in PHP 8.0. Found: $str{0}
vendor/symfony/util/sfFinder.class.php,117,31,ERROR,PHPCompatibility.Syntax.RemovedCurlyBraceArrayAccess.Removed,unverified static candidate,Curly brace syntax for accessing array elements and string offsets has been deprecated in PHP 7.4 and removed in PHP 8.0. Found: $str{strlen($str) - 1}
vendor/symfony/util/sfFinder.class.php,513,14,ERROR,PHPCompatibility.Syntax.RemovedCurlyBraceArrayAccess.Removed,unverified static candidate,Curly brace syntax for accessing array elements and string offsets has been deprecated in PHP 7.4 and removed in PHP 8.0. Found: $path{0}
vendor/symfony/util/sfFinder.class.php,513,33,ERROR,PHPCompatibility.Syntax.RemovedCurlyBraceArrayAccess.Removed,unverified static candidate,Curly brace syntax for accessing array elements and string offsets has been deprecated in PHP 7.4 and removed in PHP 8.0. Found: $path{0}
vendor/symfony/util/sfFinder.class.php,514,48,ERROR,PHPCompatibility.Syntax.RemovedCurlyBraceArrayAccess.Removed,unverified static candidate,Curly brace syntax for accessing array elements and string offsets has been deprecated in PHP 7.4 and removed in PHP 8.0. Found: $path{0}
vendor/symfony/util/sfFinder.class.php,515,15,ERROR,PHPCompatibility.Syntax.RemovedCurlyBraceArrayAccess.Removed,unverified static candidate,Curly brace syntax for accessing array elements and string offsets has been deprecated in PHP 7.4 and removed in PHP 8.0. Found: $path{1}
vendor/symfony/util/sfFinder.class.php,516,16,ERROR,PHPCompatibility.Syntax.RemovedCurlyBraceArrayAccess.Removed,unverified static candidate,Curly brace syntax for accessing array elements and string offsets has been deprecated in PHP 7.4 and removed in PHP 8.0. Found: $path{2}
vendor/symfony/util/sfFinder.class.php,516,36,ERROR,PHPCompatibility.Syntax.RemovedCurlyBraceArrayAccess.Removed,unverified static candidate,Curly brace syntax for accessing array elements and string offsets has been deprecated in PHP 7.4 and removed in PHP 8.0. Found: $path{2}
vendor/symfony/util/sfToolkit.class.php,372,67,ERROR,PHPCompatibility.FunctionUse.RemovedFunctions.create_functionDeprecatedRemoved,unverified static candidate,Function create_function() is deprecated since PHP 7.2 and removed since PHP 8.0; Use an anonymous function instead
vendor/symfony/validator/sfStringValidator.class.php,54,83,WARNING,PHPCompatibility.FunctionUse.RemovedFunctions.utf8_decodeDeprecated,unverified static candidate,"Function utf8_decode() is deprecated since PHP 8.2; Use mb_convert_encoding(), UConverter::transcode() or iconv instead"
vendor/symfony/vendor/creole/Creole.php,29,10,ERROR,PHPCompatibility.IniDirectives.RemovedIniDirectives.track_errorsDeprecatedRemoved,unverified static candidate,INI directive 'track_errors' is deprecated since PHP 7.2 and removed since PHP 8.0
vendor/symfony/vendor/creole/common/ResultSetCommon.php,362,20,WARNING,PHPCompatibility.FunctionUse.RemovedFunctions.strftimeDeprecated,unverified static candidate,Function strftime() is deprecated since PHP 8.1; Use date() or IntlDateFormatter::format() instead
vendor/symfony/vendor/creole/common/ResultSetCommon.php,419,20,WARNING,PHPCompatibility.FunctionUse.RemovedFunctions.strftimeDeprecated,unverified static candidate,Function strftime() is deprecated since PHP 8.1; Use date() or IntlDateFormatter::format() instead
vendor/symfony/vendor/creole/common/ResultSetCommon.php,442,20,WARNING,PHPCompatibility.FunctionUse.RemovedFunctions.strftimeDeprecated,unverified static candidate,Function strftime() is deprecated since PHP 8.1; Use date() or IntlDateFormatter::format() instead
vendor/symfony/vendor/creole/drivers/mssql/MSSQLCallableStatement.php,52,33,ERROR,PHPCompatibility.Constants.RemovedConstants.sqlbitRemoved,unverified static candidate,"The constant ""SQLBIT"" is removed since PHP 7.0"
vendor/symfony/vendor/creole/drivers/mssql/MSSQLCallableStatement.php,53,32,ERROR,PHPCompatibility.Constants.RemovedConstants.sqlint4Removed,unverified static candidate,"The constant ""SQLINT4"" is removed since PHP 7.0"
vendor/symfony/vendor/creole/drivers/mssql/MSSQLCallableStatement.php,54,34,ERROR,PHPCompatibility.Constants.RemovedConstants.sqlint2Removed,unverified static candidate,"The constant ""SQLINT2"" is removed since PHP 7.0"
vendor/symfony/vendor/creole/drivers/mssql/MSSQLCallableStatement.php,55,33,ERROR,PHPCompatibility.Constants.RemovedConstants.sqlint2Removed,unverified static candidate,"The constant ""SQLINT2"" is removed since PHP 7.0"
vendor/symfony/vendor/creole/drivers/mssql/MSSQLCallableStatement.php,56,33,ERROR,PHPCompatibility.Constants.RemovedConstants.sqlint4Removed,unverified static candidate,"The constant ""SQLINT4"" is removed since PHP 7.0"
vendor/symfony/vendor/creole/drivers/mssql/MSSQLCallableStatement.php,57,30,ERROR,PHPCompatibility.Constants.RemovedConstants.sqlcharRemoved,unverified static candidate,"The constant ""SQLCHAR"" is removed since PHP 7.0"
vendor/symfony/vendor/creole/drivers/mssql/MSSQLCallableStatement.php,58,33,ERROR,PHPCompatibility.Constants.RemovedConstants.sqlvarcharRemoved,unverified static candidate,"The constant ""SQLVARCHAR"" is removed since PHP 7.0"
vendor/symfony/vendor/creole/drivers/mssql/MSSQLCallableStatement.php,59,30,ERROR,PHPCompatibility.Constants.RemovedConstants.sqltextRemoved,unverified static candidate,"The constant ""SQLTEXT"" is removed since PHP 7.0"
vendor/symfony/vendor/creole/drivers/mssql/MSSQLCallableStatement.php,60,31,ERROR,PHPCompatibility.Constants.RemovedConstants.sqlflt8Removed,unverified static candidate,"The constant ""SQLFLT8"" is removed since PHP 7.0"
vendor/symfony/vendor/creole/drivers/mssql/MSSQLCallableStatement.php,61,32,ERROR,PHPCompatibility.Constants.RemovedConstants.sqlflt8Removed,unverified static candidate,"The constant ""SQLFLT8"" is removed since PHP 7.0"
vendor/symfony/vendor/creole/drivers/mssql/MSSQLCallableStatement.php,62,30,ERROR,PHPCompatibility.Constants.RemovedConstants.sqlvarcharRemoved,unverified static candidate,"The constant ""SQLVARCHAR"" is removed since PHP 7.0"
vendor/symfony/vendor/creole/drivers/mssql/MSSQLCallableStatement.php,63,30,ERROR,PHPCompatibility.Constants.RemovedConstants.sqlvarcharRemoved,unverified static candidate,"The constant ""SQLVARCHAR"" is removed since PHP 7.0"
vendor/symfony/vendor/creole/drivers/mssql/MSSQLCallableStatement.php,64,35,ERROR,PHPCompatibility.Constants.RemovedConstants.sqlvarcharRemoved,unverified static candidate,"The constant ""SQLVARCHAR"" is removed since PHP 7.0"
vendor/symfony/vendor/creole/drivers/mssql/MSSQLCallableStatement.php,65,35,ERROR,PHPCompatibility.Constants.RemovedConstants.sqlvarcharRemoved,unverified static candidate,"The constant ""SQLVARCHAR"" is removed since PHP 7.0"
vendor/symfony/vendor/creole/drivers/mssql/MSSQLCallableStatement.php,66,33,ERROR,PHPCompatibility.Constants.RemovedConstants.sqlint4Removed,unverified static candidate,"The constant ""SQLINT4"" is removed since PHP 7.0"
vendor/symfony/vendor/creole/drivers/mssql/MSSQLCallableStatement.php,67,33,ERROR,PHPCompatibility.Constants.RemovedConstants.sqlflt8Removed,unverified static candidate,"The constant ""SQLFLT8"" is removed since PHP 7.0"
vendor/symfony/vendor/creole/drivers/mssql/MSSQLCallableStatement.php,109,10,ERROR,PHPCompatibility.Extensions.RemovedExtensions.mssqlRemoved,unverified static candidate,Extension 'mssql' is removed since PHP 7.0
vendor/symfony/vendor/creole/drivers/mssql/MSSQLCallableStatement.php,109,10,ERROR,PHPCompatibility.FunctionUse.RemovedFunctions.mssql_free_statementRemoved,unverified static candidate,Function mssql_free_statement() is removed since PHP 7.0
vendor/symfony/vendor/creole/drivers/mssql/MSSQLCallableStatement.php,132,25,ERROR,PHPCompatibility.Extensions.RemovedExtensions.mssqlRemoved,unverified static candidate,Extension 'mssql' is removed since PHP 7.0
vendor/symfony/vendor/creole/drivers/mssql/MSSQLCallableStatement.php,132,25,ERROR,PHPCompatibility.FunctionUse.RemovedFunctions.mssql_executeRemoved,unverified static candidate,Function mssql_execute() is removed since PHP 7.0
vendor/symfony/vendor/creole/drivers/mssql/MSSQLCallableStatement.php,134,76,ERROR,PHPCompatibility.Extensions.RemovedExtensions.mssqlRemoved,unverified static candidate,Extension 'mssql' is removed since PHP 7.0
vendor/symfony/vendor/creole/drivers/mssql/MSSQLCallableStatement.php,134,76,ERROR,PHPCompatibility.FunctionUse.RemovedFunctions.mssql_get_last_messageRemoved,unverified static candidate,Function mssql_get_last_message() is removed since PHP 7.0
vendor/symfony/vendor/creole/drivers/mssql/MSSQLCallableStatement.php,146,20,ERROR,PHPCompatibility.Extensions.RemovedExtensions.mssqlRemoved,unverified static candidate,Extension 'mssql' is removed since PHP 7.0
vendor/symfony/vendor/creole/drivers/mssql/MSSQLCallableStatement.php,146,20,ERROR,PHPCompatibility.FunctionUse.RemovedFunctions.mssql_next_resultRemoved,unverified static candidate,Function mssql_next_result() is removed since PHP 7.0
vendor/symfony/vendor/creole/drivers/mssql/MSSQLCallableStatement.php,162,9,ERROR,PHPCompatibility.Extensions.RemovedExtensions.mssqlRemoved,unverified static candidate,Extension 'mssql' is removed since PHP 7.0
vendor/symfony/vendor/creole/drivers/mssql/MSSQLCallableStatement.php,162,9,ERROR,PHPCompatibility.FunctionUse.RemovedFunctions.mssql_bindRemoved,unverified static candidate,Function mssql_bind() is removed since PHP 7.0
vendor/symfony/vendor/creole/drivers/mssql/MSSQLCallableStatement.php,175,13,ERROR,PHPCompatibility.Extensions.RemovedExtensions.mssqlRemoved,unverified static candidate,Extension 'mssql' is removed since PHP 7.0
vendor/symfony/vendor/creole/drivers/mssql/MSSQLCallableStatement.php,175,13,ERROR,PHPCompatibility.FunctionUse.RemovedFunctions.mssql_bindRemoved,unverified static candidate,Function mssql_bind() is removed since PHP 7.0
vendor/symfony/vendor/creole/drivers/mssql/MSSQLCallableStatement.php,175,58,ERROR,PHPCompatibility.Constants.RemovedConstants.sqltextRemoved,unverified static candidate,"The constant ""SQLTEXT"" is removed since PHP 7.0"
vendor/symfony/vendor/creole/drivers/mssql/MSSQLCallableStatement.php,189,13,ERROR,PHPCompatibility.Extensions.RemovedExtensions.mssqlRemoved,unverified static candidate,Extension 'mssql' is removed since PHP 7.0
vendor/symfony/vendor/creole/drivers/mssql/MSSQLCallableStatement.php,189,13,ERROR,PHPCompatibility.FunctionUse.RemovedFunctions.mssql_bindRemoved,unverified static candidate,Function mssql_bind() is removed since PHP 7.0
vendor/symfony/vendor/creole/drivers/mssql/MSSQLCallableStatement.php,189,58,ERROR,PHPCompatibility.Constants.RemovedConstants.sqlbitRemoved,unverified static candidate,"The constant ""SQLBIT"" is removed since PHP 7.0"
vendor/symfony/vendor/creole/drivers/mssql/MSSQLCallableStatement.php,207,13,ERROR,PHPCompatibility.Extensions.RemovedExtensions.mssqlRemoved,unverified static candidate,Extension 'mssql' is removed since PHP 7.0
vendor/symfony/vendor/creole/drivers/mssql/MSSQLCallableStatement.php,207,13,ERROR,PHPCompatibility.FunctionUse.RemovedFunctions.mssql_bindRemoved,unverified static candidate,Function mssql_bind() is removed since PHP 7.0
vendor/symfony/vendor/creole/drivers/mssql/MSSQLCallableStatement.php,207,57,ERROR,PHPCompatibility.Constants.RemovedConstants.sqltextRemoved,unverified static candidate,"The constant ""SQLTEXT"" is removed since PHP 7.0"
vendor/symfony/vendor/creole/drivers/mssql/MSSQLCallableStatement.php,223,13,ERROR,PHPCompatibility.Extensions.RemovedExtensions.mssqlRemoved,unverified static candidate,Extension 'mssql' is removed since PHP 7.0
vendor/symfony/vendor/creole/drivers/mssql/MSSQLCallableStatement.php,223,13,ERROR,PHPCompatibility.FunctionUse.RemovedFunctions.mssql_bindRemoved,unverified static candidate,Function mssql_bind() is removed since PHP 7.0
vendor/symfony/vendor/creole/drivers/mssql/MSSQLCallableStatement.php,223,57,ERROR,PHPCompatibility.Constants.RemovedConstants.sqltextRemoved,unverified static candidate,"The constant ""SQLTEXT"" is removed since PHP 7.0"
vendor/symfony/vendor/creole/drivers/mssql/MSSQLCallableStatement.php,237,13,ERROR,PHPCompatibility.Extensions.RemovedExtensions.mssqlRemoved,unverified static candidate,Extension 'mssql' is removed since PHP 7.0
vendor/symfony/vendor/creole/drivers/mssql/MSSQLCallableStatement.php,237,13,ERROR,PHPCompatibility.FunctionUse.RemovedFunctions.mssql_bindRemoved,unverified static candidate,Function mssql_bind() is removed since PHP 7.0
vendor/symfony/vendor/creole/drivers/mssql/MSSQLCallableStatement.php,237,58,ERROR,PHPCompatibility.Constants.RemovedConstants.sqlvarcharRemoved,unverified static candidate,"The constant ""SQLVARCHAR"" is removed since PHP 7.0"
vendor/symfony/vendor/creole/drivers/mssql/MSSQLCallableStatement.php,251,13,ERROR,PHPCompatibility.Extensions.RemovedExtensions.mssqlRemoved,unverified static candidate,Extension 'mssql' is removed since PHP 7.0
vendor/symfony/vendor/creole/drivers/mssql/MSSQLCallableStatement.php,251,13,ERROR,PHPCompatibility.FunctionUse.RemovedFunctions.mssql_bindRemoved,unverified static candidate,Function mssql_bind() is removed since PHP 7.0
vendor/symfony/vendor/creole/drivers/mssql/MSSQLCallableStatement.php,251,58,ERROR,PHPCompatibility.Constants.RemovedConstants.sqlflt8Removed,unverified static candidate,"The constant ""SQLFLT8"" is removed since PHP 7.0"
vendor/symfony/vendor/creole/drivers/mssql/MSSQLCallableStatement.php,265,13,ERROR,PHPCompatibility.Extensions.RemovedExtensions.mssqlRemoved,unverified static candidate,Extension 'mssql' is removed since PHP 7.0
vendor/symfony/vendor/creole/drivers/mssql/MSSQLCallableStatement.php,265,13,ERROR,PHPCompatibility.FunctionUse.RemovedFunctions.mssql_bindRemoved,unverified static candidate,Function mssql_bind() is removed since PHP 7.0
vendor/symfony/vendor/creole/drivers/mssql/MSSQLCallableStatement.php,265,58,ERROR,PHPCompatibility.Constants.RemovedConstants.sqlint4Removed,unverified static candidate,"The constant ""SQLINT4"" is removed since PHP 7.0"
vendor/symfony/vendor/creole/drivers/mssql/MSSQLCallableStatement.php,276,9,ERROR,PHPCompatibility.Extensions.RemovedExtensions.mssqlRemoved,unverified static candidate,Extension 'mssql' is removed since PHP 7.0
vendor/symfony/vendor/creole/drivers/mssql/MSSQLCallableStatement.php,276,9,ERROR,PHPCompatibility.FunctionUse.RemovedFunctions.mssql_bindRemoved,unverified static candidate,Function mssql_bind() is removed since PHP 7.0
vendor/symfony/vendor/creole/drivers/mssql/MSSQLCallableStatement.php,289,13,ERROR,PHPCompatibility.Extensions.RemovedExtensions.mssqlRemoved,unverified static candidate,Extension 'mssql' is removed since PHP 7.0
vendor/symfony/vendor/creole/drivers/mssql/MSSQLCallableStatement.php,289,13,ERROR,PHPCompatibility.FunctionUse.RemovedFunctions.mssql_bindRemoved,unverified static candidate,Function mssql_bind() is removed since PHP 7.0
vendor/symfony/vendor/creole/drivers/mssql/MSSQLCallableStatement.php,289,58,ERROR,PHPCompatibility.Constants.RemovedConstants.sqlvarcharRemoved,unverified static candidate,"The constant ""SQLVARCHAR"" is removed since PHP 7.0"
vendor/symfony/vendor/creole/drivers/mssql/MSSQLCallableStatement.php,303,13,ERROR,PHPCompatibility.Extensions.RemovedExtensions.mssqlRemoved,unverified static candidate,Extension 'mssql' is removed since PHP 7.0
vendor/symfony/vendor/creole/drivers/mssql/MSSQLCallableStatement.php,303,13,ERROR,PHPCompatibility.FunctionUse.RemovedFunctions.mssql_bindRemoved,unverified static candidate,Function mssql_bind() is removed since PHP 7.0
vendor/symfony/vendor/creole/drivers/mssql/MSSQLCallableStatement.php,303,58,ERROR,PHPCompatibility.Constants.RemovedConstants.sqlvarcharRemoved,unverified static candidate,"The constant ""SQLVARCHAR"" is removed since PHP 7.0"
vendor/symfony/vendor/creole/drivers/mssql/MSSQLCallableStatement.php,317,13,ERROR,PHPCompatibility.Extensions.RemovedExtensions.mssqlRemoved,unverified static candidate,Extension 'mssql' is removed since PHP 7.0
vendor/symfony/vendor/creole/drivers/mssql/MSSQLCallableStatement.php,317,13,ERROR,PHPCompatibility.FunctionUse.RemovedFunctions.mssql_bindRemoved,unverified static candidate,Function mssql_bind() is removed since PHP 7.0
vendor/symfony/vendor/creole/drivers/mssql/MSSQLCallableStatement.php,317,58,ERROR,PHPCompatibility.Constants.RemovedConstants.sqlvarcharRemoved,unverified static candidate,"The constant ""SQLVARCHAR"" is removed since PHP 7.0"
vendor/symfony/vendor/creole/drivers/mssql/MSSQLCallableStatement.php,390,20,WARNING,PHPCompatibility.FunctionUse.RemovedFunctions.strftimeDeprecated,unverified static candidate,Function strftime() is deprecated since PHP 8.1; Use date() or IntlDateFormatter::format() instead
vendor/symfony/vendor/creole/drivers/mssql/MSSQLCallableStatement.php,450,20,WARNING,PHPCompatibility.FunctionUse.RemovedFunctions.strftimeDeprecated,unverified static candidate,Function strftime() is deprecated since PHP 8.1; Use date() or IntlDateFormatter::format() instead
vendor/symfony/vendor/creole/drivers/mssql/MSSQLCallableStatement.php,472,20,WARNING,PHPCompatibility.FunctionUse.RemovedFunctions.strftimeDeprecated,unverified static candidate,Function strftime() is deprecated since PHP 8.1; Use date() or IntlDateFormatter::format() instead
vendor/symfony/vendor/creole/drivers/mssql/MSSQLConnection.php,94,54,ERROR,PHPCompatibility.Extensions.RemovedExtensions.mssqlRemoved,unverified static candidate,Extension 'mssql' is removed since PHP 7.0
vendor/symfony/vendor/creole/drivers/mssql/MSSQLConnection.php,94,54,ERROR,PHPCompatibility.FunctionUse.RemovedFunctions.mssql_get_last_messageRemoved,unverified static candidate,Function mssql_get_last_message() is removed since PHP 7.0
vendor/symfony/vendor/creole/drivers/mssql/MSSQLConnection.php,98,19,ERROR,PHPCompatibility.Extensions.RemovedExtensions.mssqlRemoved,unverified static candidate,Extension 'mssql' is removed since PHP 7.0
vendor/symfony/vendor/creole/drivers/mssql/MSSQLConnection.php,98,19,ERROR,PHPCompatibility.FunctionUse.RemovedFunctions.mssql_select_dbRemoved,unverified static candidate,Function mssql_select_db() is removed since PHP 7.0
vendor/symfony/vendor/creole/drivers/mssql/MSSQLConnection.php,157,17,ERROR,PHPCompatibility.Extensions.RemovedExtensions.mssqlRemoved,unverified static candidate,Extension 'mssql' is removed since PHP 7.0
vendor/symfony/vendor/creole/drivers/mssql/MSSQLConnection.php,157,17,ERROR,PHPCompatibility.FunctionUse.RemovedFunctions.mssql_closeRemoved,unverified static candidate,Function mssql_close() is removed since PHP 7.0
vendor/symfony/vendor/creole/drivers/mssql/MSSQLConnection.php,168,15,ERROR,PHPCompatibility.Extensions.RemovedExtensions.mssqlRemoved,unverified static candidate,Extension 'mssql' is removed since PHP 7.0
vendor/symfony/vendor/creole/drivers/mssql/MSSQLConnection.php,168,15,ERROR,PHPCompatibility.FunctionUse.RemovedFunctions.mssql_select_dbRemoved,unverified static candidate,Function mssql_select_db() is removed since PHP 7.0
vendor/symfony/vendor/creole/drivers/mssql/MSSQLConnection.php,171,20,ERROR,PHPCompatibility.Extensions.RemovedExtensions.mssqlRemoved,unverified static candidate,Extension 'mssql' is removed since PHP 7.0
vendor/symfony/vendor/creole/drivers/mssql/MSSQLConnection.php,171,20,ERROR,PHPCompatibility.FunctionUse.RemovedFunctions.mssql_queryRemoved,unverified static candidate,Function mssql_query() is removed since PHP 7.0
vendor/symfony/vendor/creole/drivers/mssql/MSSQLConnection.php,173,63,ERROR,PHPCompatibility.Extensions.RemovedExtensions.mssqlRemoved,unverified static candidate,Extension 'mssql' is removed since PHP 7.0
vendor/symfony/vendor/creole/drivers/mssql/MSSQLConnection.php,173,63,ERROR,PHPCompatibility.FunctionUse.RemovedFunctions.mssql_get_last_messageRemoved,unverified static candidate,Function mssql_get_last_message() is removed since PHP 7.0
vendor/symfony/vendor/creole/drivers/mssql/MSSQLConnection.php,185,14,ERROR,PHPCompatibility.Extensions.RemovedExtensions.mssqlRemoved,unverified static candidate,Extension 'mssql' is removed since PHP 7.0
vendor/symfony/vendor/creole/drivers/mssql/MSSQLConnection.php,185,14,ERROR,PHPCompatibility.FunctionUse.RemovedFunctions.mssql_select_dbRemoved,unverified static candidate,Function mssql_select_db() is removed since PHP 7.0
vendor/symfony/vendor/creole/drivers/mssql/MSSQLConnection.php,189,20,ERROR,PHPCompatibility.Extensions.RemovedExtensions.mssqlRemoved,unverified static candidate,Extension 'mssql' is removed since PHP 7.0
vendor/symfony/vendor/creole/drivers/mssql/MSSQLConnection.php,189,20,ERROR,PHPCompatibility.FunctionUse.RemovedFunctions.mssql_queryRemoved,unverified static candidate,Function mssql_query() is removed since PHP 7.0
vendor/symfony/vendor/creole/drivers/mssql/MSSQLConnection.php,191,64,ERROR,PHPCompatibility.Extensions.RemovedExtensions.mssqlRemoved,unverified static candidate,Extension 'mssql' is removed since PHP 7.0
vendor/symfony/vendor/creole/drivers/mssql/MSSQLConnection.php,191,64,ERROR,PHPCompatibility.FunctionUse.RemovedFunctions.mssql_get_last_messageRemoved,unverified static candidate,Function mssql_get_last_message() is removed since PHP 7.0
vendor/symfony/vendor/creole/drivers/mssql/MSSQLConnection.php,204,20,ERROR,PHPCompatibility.Extensions.RemovedExtensions.mssqlRemoved,unverified static candidate,Extension 'mssql' is removed since PHP 7.0
vendor/symfony/vendor/creole/drivers/mssql/MSSQLConnection.php,204,20,ERROR,PHPCompatibility.FunctionUse.RemovedFunctions.mssql_queryRemoved,unverified static candidate,Function mssql_query() is removed since PHP 7.0
vendor/symfony/vendor/creole/drivers/mssql/MSSQLConnection.php,206,67,ERROR,PHPCompatibility.Extensions.RemovedExtensions.mssqlRemoved,unverified static candidate,Extension 'mssql' is removed since PHP 7.0
vendor/symfony/vendor/creole/drivers/mssql/MSSQLConnection.php,206,67,ERROR,PHPCompatibility.FunctionUse.RemovedFunctions.mssql_get_last_messageRemoved,unverified static candidate,Function mssql_get_last_message() is removed since PHP 7.0
vendor/symfony/vendor/creole/drivers/mssql/MSSQLConnection.php,217,15,ERROR,PHPCompatibility.Extensions.RemovedExtensions.mssqlRemoved,unverified static candidate,Extension 'mssql' is removed since PHP 7.0
vendor/symfony/vendor/creole/drivers/mssql/MSSQLConnection.php,217,15,ERROR,PHPCompatibility.FunctionUse.RemovedFunctions.mssql_select_dbRemoved,unverified static candidate,Function mssql_select_db() is removed since PHP 7.0
vendor/symfony/vendor/creole/drivers/mssql/MSSQLConnection.php,220,20,ERROR,PHPCompatibility.Extensions.RemovedExtensions.mssqlRemoved,unverified static candidate,Extension 'mssql' is removed since PHP 7.0
vendor/symfony/vendor/creole/drivers/mssql/MSSQLConnection.php,220,20,ERROR,PHPCompatibility.FunctionUse.RemovedFunctions.mssql_queryRemoved,unverified static candidate,Function mssql_query() is removed since PHP 7.0
vendor/symfony/vendor/creole/drivers/mssql/MSSQLConnection.php,222,68,ERROR,PHPCompatibility.Extensions.RemovedExtensions.mssqlRemoved,unverified static candidate,Extension 'mssql' is removed since PHP 7.0
vendor/symfony/vendor/creole/drivers/mssql/MSSQLConnection.php,222,68,ERROR,PHPCompatibility.FunctionUse.RemovedFunctions.mssql_get_last_messageRemoved,unverified static candidate,Function mssql_get_last_message() is removed since PHP 7.0
vendor/symfony/vendor/creole/drivers/mssql/MSSQLConnection.php,233,15,ERROR,PHPCompatibility.Extensions.RemovedExtensions.mssqlRemoved,unverified static candidate,Extension 'mssql' is removed since PHP 7.0
vendor/symfony/vendor/creole/drivers/mssql/MSSQLConnection.php,233,15,ERROR,PHPCompatibility.FunctionUse.RemovedFunctions.mssql_select_dbRemoved,unverified static candidate,Function mssql_select_db() is removed since PHP 7.0
vendor/symfony/vendor/creole/drivers/mssql/MSSQLConnection.php,236,20,ERROR,PHPCompatibility.Extensions.RemovedExtensions.mssqlRemoved,unverified static candidate,Extension 'mssql' is removed since PHP 7.0
vendor/symfony/vendor/creole/drivers/mssql/MSSQLConnection.php,236,20,ERROR,PHPCompatibility.FunctionUse.RemovedFunctions.mssql_queryRemoved,unverified static candidate,Function mssql_query() is removed since PHP 7.0
vendor/symfony/vendor/creole/drivers/mssql/MSSQLConnection.php,238,70,ERROR,PHPCompatibility.Extensions.RemovedExtensions.mssqlRemoved,unverified static candidate,Extension 'mssql' is removed since PHP 7.0
vendor/symfony/vendor/creole/drivers/mssql/MSSQLConnection.php,238,70,ERROR,PHPCompatibility.FunctionUse.RemovedFunctions.mssql_get_last_messageRemoved,unverified static candidate,Function mssql_get_last_message() is removed since PHP 7.0
vendor/symfony/vendor/creole/drivers/mssql/MSSQLConnection.php,251,17,ERROR,PHPCompatibility.Extensions.RemovedExtensions.mssqlRemoved,unverified static candidate,Extension 'mssql' is removed since PHP 7.0
vendor/symfony/vendor/creole/drivers/mssql/MSSQLConnection.php,251,17,ERROR,PHPCompatibility.FunctionUse.RemovedFunctions.mssql_queryRemoved,unverified static candidate,Function mssql_query() is removed since PHP 7.0
vendor/symfony/vendor/creole/drivers/mssql/MSSQLConnection.php,253,72,ERROR,PHPCompatibility.Extensions.RemovedExtensions.mssqlRemoved,unverified static candidate,Extension 'mssql' is removed since PHP 7.0
vendor/symfony/vendor/creole/drivers/mssql/MSSQLConnection.php,253,72,ERROR,PHPCompatibility.FunctionUse.RemovedFunctions.mssql_get_last_messageRemoved,unverified static candidate,Function mssql_get_last_message() is removed since PHP 7.0
vendor/symfony/vendor/creole/drivers/mssql/MSSQLConnection.php,255,16,ERROR,PHPCompatibility.Extensions.RemovedExtensions.mssqlRemoved,unverified static candidate,Extension 'mssql' is removed since PHP 7.0
vendor/symfony/vendor/creole/drivers/mssql/MSSQLConnection.php,255,16,ERROR,PHPCompatibility.FunctionUse.RemovedFunctions.mssql_fetch_rowRemoved,unverified static candidate,Function mssql_fetch_row() is removed since PHP 7.0
vendor/symfony/vendor/creole/drivers/mssql/MSSQLConnection.php,259,14,ERROR,PHPCompatibility.Extensions.RemovedExtensions.mssqlRemoved,unverified static candidate,Extension 'mssql' is removed since PHP 7.0
vendor/symfony/vendor/creole/drivers/mssql/MSSQLConnection.php,259,14,ERROR,PHPCompatibility.FunctionUse.RemovedFunctions.mssql_free_resultRemoved,unverified static candidate,Function mssql_free_result() is removed since PHP 7.0
vendor/symfony/vendor/creole/drivers/mssql/MSSQLConnection.php,277,17,ERROR,PHPCompatibility.Extensions.RemovedExtensions.mssqlRemoved,unverified static candidate,Extension 'mssql' is removed since PHP 7.0
vendor/symfony/vendor/creole/drivers/mssql/MSSQLConnection.php,277,17,ERROR,PHPCompatibility.FunctionUse.RemovedFunctions.mssql_initRemoved,unverified static candidate,Function mssql_init() is removed since PHP 7.0
vendor/symfony/vendor/creole/drivers/mssql/MSSQLConnection.php,279,67,ERROR,PHPCompatibility.Extensions.RemovedExtensions.mssqlRemoved,unverified static candidate,Extension 'mssql' is removed since PHP 7.0
vendor/symfony/vendor/creole/drivers/mssql/MSSQLConnection.php,279,67,ERROR,PHPCompatibility.FunctionUse.RemovedFunctions.mssql_get_last_messageRemoved,unverified static candidate,Function mssql_get_last_message() is removed since PHP 7.0
vendor/symfony/vendor/creole/drivers/mssql/MSSQLResultSet.php,93,16,ERROR,PHPCompatibility.Extensions.RemovedExtensions.mssqlRemoved,unverified static candidate,Extension 'mssql' is removed since PHP 7.0
vendor/symfony/vendor/creole/drivers/mssql/MSSQLResultSet.php,93,16,ERROR,PHPCompatibility.FunctionUse.RemovedFunctions.mssql_data_seekRemoved,unverified static candidate,Function mssql_data_seek() is removed since PHP 7.0
vendor/symfony/vendor/creole/drivers/mssql/MSSQLResultSet.php,112,25,ERROR,PHPCompatibility.Extensions.RemovedExtensions.mssqlRemoved,unverified static candidate,Extension 'mssql' is removed since PHP 7.0
vendor/symfony/vendor/creole/drivers/mssql/MSSQLResultSet.php,112,25,ERROR,PHPCompatibility.FunctionUse.RemovedFunctions.mssql_fetch_arrayRemoved,unverified static candidate,Function mssql_fetch_array() is removed since PHP 7.0
vendor/symfony/vendor/creole/drivers/mssql/MSSQLResultSet.php,115,27,ERROR,PHPCompatibility.Extensions.RemovedExtensions.mssqlRemoved,unverified static candidate,Extension 'mssql' is removed since PHP 7.0
vendor/symfony/vendor/creole/drivers/mssql/MSSQLResultSet.php,115,27,ERROR,PHPCompatibility.FunctionUse.RemovedFunctions.mssql_get_last_messageRemoved,unverified static candidate,Function mssql_get_last_message() is removed since PHP 7.0
vendor/symfony/vendor/creole/drivers/mssql/MSSQLResultSet.php,138,18,ERROR,PHPCompatibility.Extensions.RemovedExtensions.mssqlRemoved,unverified static candidate,Extension 'mssql' is removed since PHP 7.0
vendor/symfony/vendor/creole/drivers/mssql/MSSQLResultSet.php,138,18,ERROR,PHPCompatibility.FunctionUse.RemovedFunctions.mssql_num_rowsRemoved,unverified static candidate,Function mssql_num_rows() is removed since PHP 7.0
vendor/symfony/vendor/creole/drivers/mssql/MSSQLResultSet.php,140,66,ERROR,PHPCompatibility.Extensions.RemovedExtensions.mssqlRemoved,unverified static candidate,Extension 'mssql' is removed since PHP 7.0
vendor/symfony/vendor/creole/drivers/mssql/MSSQLResultSet.php,140,66,ERROR,PHPCompatibility.FunctionUse.RemovedFunctions.mssql_get_last_messageRemoved,unverified static candidate,Function mssql_get_last_message() is removed since PHP 7.0
vendor/symfony/vendor/creole/drivers/mssql/MSSQLResultSet.php,152,17,ERROR,PHPCompatibility.Extensions.RemovedExtensions.mssqlRemoved,unverified static candidate,Extension 'mssql' is removed since PHP 7.0
vendor/symfony/vendor/creole/drivers/mssql/MSSQLResultSet.php,152,17,ERROR,PHPCompatibility.FunctionUse.RemovedFunctions.mssql_free_resultRemoved,unverified static candidate,Function mssql_free_result() is removed since PHP 7.0
vendor/symfony/vendor/creole/drivers/mssql/metadata/MSSQLDatabaseInfo.php,44,15,ERROR,PHPCompatibility.Extensions.RemovedExtensions.mssqlRemoved,unverified static candidate,Extension 'mssql' is removed since PHP 7.0
vendor/symfony/vendor/creole/drivers/mssql/metadata/MSSQLDatabaseInfo.php,44,15,ERROR,PHPCompatibility.FunctionUse.RemovedFunctions.mssql_select_dbRemoved,unverified static candidate,Function mssql_select_db() is removed since PHP 7.0
vendor/symfony/vendor/creole/drivers/mssql/metadata/MSSQLDatabaseInfo.php,48,19,ERROR,PHPCompatibility.Extensions.RemovedExtensions.mssqlRemoved,unverified static candidate,Extension 'mssql' is removed since PHP 7.0
vendor/symfony/vendor/creole/drivers/mssql/metadata/MSSQLDatabaseInfo.php,48,19,ERROR,PHPCompatibility.FunctionUse.RemovedFunctions.mssql_queryRemoved,unverified static candidate,Function mssql_query() is removed since PHP 7.0
vendor/symfony/vendor/creole/drivers/mssql/metadata/MSSQLDatabaseInfo.php,51,61,ERROR,PHPCompatibility.Extensions.RemovedExtensions.mssqlRemoved,unverified static candidate,Extension 'mssql' is removed since PHP 7.0
vendor/symfony/vendor/creole/drivers/mssql/metadata/MSSQLDatabaseInfo.php,51,61,ERROR,PHPCompatibility.FunctionUse.RemovedFunctions.mssql_get_last_messageRemoved,unverified static candidate,Function mssql_get_last_message() is removed since PHP 7.0
vendor/symfony/vendor/creole/drivers/mssql/metadata/MSSQLDatabaseInfo.php,54,23,ERROR,PHPCompatibility.Extensions.RemovedExtensions.mssqlRemoved,unverified static candidate,Extension 'mssql' is removed since PHP 7.0
vendor/symfony/vendor/creole/drivers/mssql/metadata/MSSQLDatabaseInfo.php,54,23,ERROR,PHPCompatibility.FunctionUse.RemovedFunctions.mssql_fetch_rowRemoved,unverified static candidate,Function mssql_fetch_row() is removed since PHP 7.0
vendor/symfony/vendor/creole/drivers/mssql/metadata/MSSQLTableInfo.php,43,15,ERROR,PHPCompatibility.Extensions.RemovedExtensions.mssqlRemoved,unverified static candidate,Extension 'mssql' is removed since PHP 7.0
vendor/symfony/vendor/creole/drivers/mssql/metadata/MSSQLTableInfo.php,43,15,ERROR,PHPCompatibility.FunctionUse.RemovedFunctions.mssql_select_dbRemoved,unverified static candidate,Function mssql_select_db() is removed since PHP 7.0
vendor/symfony/vendor/creole/drivers/mssql/metadata/MSSQLTableInfo.php,47,16,ERROR,PHPCompatibility.Extensions.RemovedExtensions.mssqlRemoved,unverified static candidate,Extension 'mssql' is removed since PHP 7.0
vendor/symfony/vendor/creole/drivers/mssql/metadata/MSSQLTableInfo.php,47,16,ERROR,PHPCompatibility.FunctionUse.RemovedFunctions.mssql_queryRemoved,unverified static candidate,Function mssql_query() is removed since PHP 7.0
vendor/symfony/vendor/creole/drivers/mssql/metadata/MSSQLTableInfo.php,49,66,ERROR,PHPCompatibility.Extensions.RemovedExtensions.mssqlRemoved,unverified static candidate,Extension 'mssql' is removed since PHP 7.0
vendor/symfony/vendor/creole/drivers/mssql/metadata/MSSQLTableInfo.php,49,66,ERROR,PHPCompatibility.FunctionUse.RemovedFunctions.mssql_get_last_messageRemoved,unverified static candidate,Function mssql_get_last_message() is removed since PHP 7.0
vendor/symfony/vendor/creole/drivers/mssql/metadata/MSSQLTableInfo.php,52,23,ERROR,PHPCompatibility.Extensions.RemovedExtensions.mssqlRemoved,unverified static candidate,Extension 'mssql' is removed since PHP 7.0
vendor/symfony/vendor/creole/drivers/mssql/metadata/MSSQLTableInfo.php,52,23,ERROR,PHPCompatibility.FunctionUse.RemovedFunctions.mssql_fetch_arrayRemoved,unverified static candidate,Function mssql_fetch_array() is removed since PHP 7.0
vendor/symfony/vendor/creole/drivers/mssql/metadata/MSSQLTableInfo.php,80,15,ERROR,PHPCompatibility.Extensions.RemovedExtensions.mssqlRemoved,unverified static candidate,Extension 'mssql' is removed since PHP 7.0
vendor/symfony/vendor/creole/drivers/mssql/metadata/MSSQLTableInfo.php,80,15,ERROR,PHPCompatibility.FunctionUse.RemovedFunctions.mssql_select_dbRemoved,unverified static candidate,Function mssql_select_db() is removed since PHP 7.0
vendor/symfony/vendor/creole/drivers/mssql/metadata/MSSQLTableInfo.php,84,16,ERROR,PHPCompatibility.Extensions.RemovedExtensions.mssqlRemoved,unverified static candidate,Extension 'mssql' is removed since PHP 7.0
vendor/symfony/vendor/creole/drivers/mssql/metadata/MSSQLTableInfo.php,84,16,ERROR,PHPCompatibility.FunctionUse.RemovedFunctions.mssql_queryRemoved,unverified static candidate,Function mssql_query() is removed since PHP 7.0
vendor/symfony/vendor/creole/drivers/mssql/metadata/MSSQLTableInfo.php,86,23,ERROR,PHPCompatibility.Extensions.RemovedExtensions.mssqlRemoved,unverified static candidate,Extension 'mssql' is removed since PHP 7.0
vendor/symfony/vendor/creole/drivers/mssql/metadata/MSSQLTableInfo.php,86,23,ERROR,PHPCompatibility.FunctionUse.RemovedFunctions.mssql_fetch_arrayRemoved,unverified static candidate,Function mssql_fetch_array() is removed since PHP 7.0
vendor/symfony/vendor/creole/drivers/mssql/metadata/MSSQLTableInfo.php,108,15,ERROR,PHPCompatibility.Extensions.RemovedExtensions.mssqlRemoved,unverified static candidate,Extension 'mssql' is removed since PHP 7.0
vendor/symfony/vendor/creole/drivers/mssql/metadata/MSSQLTableInfo.php,108,15,ERROR,PHPCompatibility.FunctionUse.RemovedFunctions.mssql_select_dbRemoved,unverified static candidate,Function mssql_select_db() is removed since PHP 7.0
vendor/symfony/vendor/creole/drivers/mssql/metadata/MSSQLTableInfo.php,112,16,ERROR,PHPCompatibility.Extensions.RemovedExtensions.mssqlRemoved,unverified static candidate,Extension 'mssql' is removed since PHP 7.0
vendor/symfony/vendor/creole/drivers/mssql/metadata/MSSQLTableInfo.php,112,16,ERROR,PHPCompatibility.FunctionUse.RemovedFunctions.mssql_queryRemoved,unverified static candidate,Function mssql_query() is removed since PHP 7.0
vendor/symfony/vendor/creole/drivers/mssql/metadata/MSSQLTableInfo.php,120,22,ERROR,PHPCompatibility.Extensions.RemovedExtensions.mssqlRemoved,unverified static candidate,Extension 'mssql' is removed since PHP 7.0
vendor/symfony/vendor/creole/drivers/mssql/metadata/MSSQLTableInfo.php,120,22,ERROR,PHPCompatibility.FunctionUse.RemovedFunctions.mssql_fetch_arrayRemoved,unverified static candidate,Function mssql_fetch_array() is removed since PHP 7.0
vendor/symfony/vendor/creole/drivers/mssql/metadata/MSSQLTableInfo.php,159,15,ERROR,PHPCompatibility.Extensions.RemovedExtensions.mssqlRemoved,unverified static candidate,Extension 'mssql' is removed since PHP 7.0
vendor/symfony/vendor/creole/drivers/mssql/metadata/MSSQLTableInfo.php,159,15,ERROR,PHPCompatibility.FunctionUse.RemovedFunctions.mssql_select_dbRemoved,unverified static candidate,Function mssql_select_db() is removed since PHP 7.0
vendor/symfony/vendor/creole/drivers/mssql/metadata/MSSQLTableInfo.php,163,16,ERROR,PHPCompatibility.Extensions.RemovedExtensions.mssqlRemoved,unverified static candidate,Extension 'mssql' is removed since PHP 7.0
vendor/symfony/vendor/creole/drivers/mssql/metadata/MSSQLTableInfo.php,163,16,ERROR,PHPCompatibility.FunctionUse.RemovedFunctions.mssql_queryRemoved,unverified static candidate,Function mssql_query() is removed since PHP 7.0
vendor/symfony/vendor/creole/drivers/mssql/metadata/MSSQLTableInfo.php,172,22,ERROR,PHPCompatibility.Extensions.RemovedExtensions.mssqlRemoved,unverified static candidate,Extension 'mssql' is removed since PHP 7.0
vendor/symfony/vendor/creole/drivers/mssql/metadata/MSSQLTableInfo.php,172,22,ERROR,PHPCompatibility.FunctionUse.RemovedFunctions.mssql_fetch_rowRemoved,unverified static candidate,Function mssql_fetch_row() is removed since PHP 7.0
vendor/symfony/vendor/creole/drivers/mysql/MySQLConnection.php,76,18,ERROR,PHPCompatibility.IniDirectives.RemovedIniDirectives.track_errorsDeprecatedRemoved,unverified static candidate,INI directive 'track_errors' is deprecated since PHP 7.2 and removed since PHP 8.0
vendor/symfony/vendor/creole/drivers/mysql/MySQLConnection.php,88,26,ERROR,PHPCompatibility.Extensions.RemovedExtensions.mysql_DeprecatedRemoved,unverified static candidate,Extension 'mysql_' is deprecated since PHP 5.5 and removed since PHP 7.0; Use mysqli instead
vendor/symfony/vendor/creole/drivers/mysql/MySQLConnection.php,88,26,ERROR,PHPCompatibility.FunctionUse.RemovedFunctions.mysql_errorDeprecatedRemoved,unverified static candidate,Function mysql_error() is deprecated since PHP 5.5 and removed since PHP 7.0
vendor/symfony/vendor/creole/drivers/mysql/MySQLConnection.php,90,29,ERROR,PHPCompatibility.Variables.RemovedPredefinedGlobalVariables.php_errormsgDeprecatedRemoved,unverified static candidate,The variable '$php_errormsg' is deprecated since PHP 7.2 and removed since PHP 8.0; Use error_get_last() instead
vendor/symfony/vendor/creole/drivers/mysql/MySQLConnection.php,93,58,ERROR,PHPCompatibility.Variables.RemovedPredefinedGlobalVariables.php_errormsgDeprecatedRemoved,unverified static candidate,The variable '$php_errormsg' is deprecated since PHP 7.2 and removed since PHP 8.0; Use error_get_last() instead
vendor/symfony/vendor/creole/drivers/mysql/MySQLConnection.php,98,19,ERROR,PHPCompatibility.Extensions.RemovedExtensions.mysql_DeprecatedRemoved,unverified static candidate,Extension 'mysql_' is deprecated since PHP 5.5 and removed since PHP 7.0; Use mysqli instead
vendor/symfony/vendor/creole/drivers/mysql/MySQLConnection.php,98,19,ERROR,PHPCompatibility.FunctionUse.RemovedFunctions.mysql_select_dbDeprecatedRemoved,unverified static candidate,Function mysql_select_db() is deprecated since PHP 5.5 and removed since PHP 7.0
vendor/symfony/vendor/creole/drivers/mysql/MySQLConnection.php,99,23,ERROR,PHPCompatibility.Extensions.RemovedExtensions.mysql_DeprecatedRemoved,unverified static candidate,Extension 'mysql_' is deprecated since PHP 5.5 and removed since PHP 7.0; Use mysqli instead
vendor/symfony/vendor/creole/drivers/mysql/MySQLConnection.php,99,23,ERROR,PHPCompatibility.FunctionUse.RemovedFunctions.mysql_errnoDeprecatedRemoved,unverified static candidate,Function mysql_errno() is deprecated since PHP 5.5 and removed since PHP 7.0
vendor/symfony/vendor/creole/drivers/mysql/MySQLConnection.php,101,73,ERROR,PHPCompatibility.Extensions.RemovedExtensions.mysql_DeprecatedRemoved,unverified static candidate,Extension 'mysql_' is deprecated since PHP 5.5 and removed since PHP 7.0; Use mysqli instead
vendor/symfony/vendor/creole/drivers/mysql/MySQLConnection.php,101,73,ERROR,PHPCompatibility.FunctionUse.RemovedFunctions.mysql_errorDeprecatedRemoved,unverified static candidate,Function mysql_error() is deprecated since PHP 5.5 and removed since PHP 7.0
vendor/symfony/vendor/creole/drivers/mysql/MySQLConnection.php,104,73,ERROR,PHPCompatibility.Extensions.RemovedExtensions.mysql_DeprecatedRemoved,unverified static candidate,Extension 'mysql_' is deprecated since PHP 5.5 and removed since PHP 7.0; Use mysqli instead
vendor/symfony/vendor/creole/drivers/mysql/MySQLConnection.php,104,73,ERROR,PHPCompatibility.FunctionUse.RemovedFunctions.mysql_errorDeprecatedRemoved,unverified static candidate,Function mysql_error() is deprecated since PHP 5.5 and removed since PHP 7.0
vendor/symfony/vendor/creole/drivers/mysql/MySQLConnection.php,107,78,ERROR,PHPCompatibility.Extensions.RemovedExtensions.mysql_DeprecatedRemoved,unverified static candidate,Extension 'mysql_' is deprecated since PHP 5.5 and removed since PHP 7.0; Use mysqli instead
vendor/symfony/vendor/creole/drivers/mysql/MySQLConnection.php,107,78,ERROR,PHPCompatibility.FunctionUse.RemovedFunctions.mysql_errorDeprecatedRemoved,unverified static candidate,Function mysql_error() is deprecated since PHP 5.5 and removed since PHP 7.0
vendor/symfony/vendor/creole/drivers/mysql/MySQLConnection.php,172,16,ERROR,PHPCompatibility.Extensions.RemovedExtensions.mysql_DeprecatedRemoved,unverified static candidate,Extension 'mysql_' is deprecated since PHP 5.5 and removed since PHP 7.0; Use mysqli instead
vendor/symfony/vendor/creole/drivers/mysql/MySQLConnection.php,172,16,ERROR,PHPCompatibility.FunctionUse.RemovedFunctions.mysql_closeDeprecatedRemoved,unverified static candidate,Function mysql_close() is deprecated since PHP 5.5 and removed since PHP 7.0
vendor/symfony/vendor/creole/drivers/mysql/MySQLConnection.php,196,19,ERROR,PHPCompatibility.Extensions.RemovedExtensions.mysql_DeprecatedRemoved,unverified static candidate,Extension 'mysql_' is deprecated since PHP 5.5 and removed since PHP 7.0; Use mysqli instead
vendor/symfony/vendor/creole/drivers/mysql/MySQLConnection.php,196,19,ERROR,PHPCompatibility.FunctionUse.RemovedFunctions.mysql_select_dbDeprecatedRemoved,unverified static candidate,Function mysql_select_db() is deprecated since PHP 5.5 and removed since PHP 7.0
vendor/symfony/vendor/creole/drivers/mysql/MySQLConnection.php,197,64,ERROR,PHPCompatibility.Extensions.RemovedExtensions.mysql_DeprecatedRemoved,unverified static candidate,Extension 'mysql_' is deprecated since PHP 5.5 and removed since PHP 7.0; Use mysqli instead
vendor/symfony/vendor/creole/drivers/mysql/MySQLConnection.php,197,64,ERROR,PHPCompatibility.FunctionUse.RemovedFunctions.mysql_errorDeprecatedRemoved,unverified static candidate,Function mysql_error() is deprecated since PHP 5.5 and removed since PHP 7.0
vendor/symfony/vendor/creole/drivers/mysql/MySQLConnection.php,200,20,ERROR,PHPCompatibility.Extensions.RemovedExtensions.mysql_DeprecatedRemoved,unverified static candidate,Extension 'mysql_' is deprecated since PHP 5.5 and removed since PHP 7.0; Use mysqli instead
vendor/symfony/vendor/creole/drivers/mysql/MySQLConnection.php,200,20,ERROR,PHPCompatibility.FunctionUse.RemovedFunctions.mysql_queryDeprecatedRemoved,unverified static candidate,Function mysql_query() is deprecated since PHP 5.5 and removed since PHP 7.0
vendor/symfony/vendor/creole/drivers/mysql/MySQLConnection.php,202,63,ERROR,PHPCompatibility.Extensions.RemovedExtensions.mysql_DeprecatedRemoved,unverified static candidate,Extension 'mysql_' is deprecated since PHP 5.5 and removed since PHP 7.0; Use mysqli instead
vendor/symfony/vendor/creole/drivers/mysql/MySQLConnection.php,202,63,ERROR,PHPCompatibility.FunctionUse.RemovedFunctions.mysql_errorDeprecatedRemoved,unverified static candidate,Function mysql_error() is deprecated since PHP 5.5 and removed since PHP 7.0
vendor/symfony/vendor/creole/drivers/mysql/MySQLConnection.php,215,19,ERROR,PHPCompatibility.Extensions.RemovedExtensions.mysql_DeprecatedRemoved,unverified static candidate,Extension 'mysql_' is deprecated since PHP 5.5 and removed since PHP 7.0; Use mysqli instead
vendor/symfony/vendor/creole/drivers/mysql/MySQLConnection.php,215,19,ERROR,PHPCompatibility.FunctionUse.RemovedFunctions.mysql_select_dbDeprecatedRemoved,unverified static candidate,Function mysql_select_db() is deprecated since PHP 5.5 and removed since PHP 7.0
vendor/symfony/vendor/creole/drivers/mysql/MySQLConnection.php,216,68,ERROR,PHPCompatibility.Extensions.RemovedExtensions.mysql_DeprecatedRemoved,unverified static candidate,Extension 'mysql_' is deprecated since PHP 5.5 and removed since PHP 7.0; Use mysqli instead
vendor/symfony/vendor/creole/drivers/mysql/MySQLConnection.php,216,68,ERROR,PHPCompatibility.FunctionUse.RemovedFunctions.mysql_errorDeprecatedRemoved,unverified static candidate,Function mysql_error() is deprecated since PHP 5.5 and removed since PHP 7.0
vendor/symfony/vendor/creole/drivers/mysql/MySQLConnection.php,220,20,ERROR,PHPCompatibility.Extensions.RemovedExtensions.mysql_DeprecatedRemoved,unverified static candidate,Extension 'mysql_' is deprecated since PHP 5.5 and removed since PHP 7.0; Use mysqli instead
vendor/symfony/vendor/creole/drivers/mysql/MySQLConnection.php,220,20,ERROR,PHPCompatibility.FunctionUse.RemovedFunctions.mysql_queryDeprecatedRemoved,unverified static candidate,Function mysql_query() is deprecated since PHP 5.5 and removed since PHP 7.0
vendor/symfony/vendor/creole/drivers/mysql/MySQLConnection.php,222,64,ERROR,PHPCompatibility.Extensions.RemovedExtensions.mysql_DeprecatedRemoved,unverified static candidate,Extension 'mysql_' is deprecated since PHP 5.5 and removed since PHP 7.0; Use mysqli instead
vendor/symfony/vendor/creole/drivers/mysql/MySQLConnection.php,222,64,ERROR,PHPCompatibility.FunctionUse.RemovedFunctions.mysql_errorDeprecatedRemoved,unverified static candidate,Function mysql_error() is deprecated since PHP 5.5 and removed since PHP 7.0
vendor/symfony/vendor/creole/drivers/mysql/MySQLConnection.php,224,22,ERROR,PHPCompatibility.Extensions.RemovedExtensions.mysql_DeprecatedRemoved,unverified static candidate,Extension 'mysql_' is deprecated since PHP 5.5 and removed since PHP 7.0; Use mysqli instead
vendor/symfony/vendor/creole/drivers/mysql/MySQLConnection.php,224,22,ERROR,PHPCompatibility.FunctionUse.RemovedFunctions.mysql_affected_rowsDeprecatedRemoved,unverified static candidate,Function mysql_affected_rows() is deprecated since PHP 5.5 and removed since PHP 7.0
vendor/symfony/vendor/creole/drivers/mysql/MySQLConnection.php,234,20,ERROR,PHPCompatibility.Extensions.RemovedExtensions.mysql_DeprecatedRemoved,unverified static candidate,Extension 'mysql_' is deprecated since PHP 5.5 and removed since PHP 7.0; Use mysqli instead
vendor/symfony/vendor/creole/drivers/mysql/MySQLConnection.php,234,20,ERROR,PHPCompatibility.FunctionUse.RemovedFunctions.mysql_queryDeprecatedRemoved,unverified static candidate,Function mysql_query() is deprecated since PHP 5.5 and removed since PHP 7.0
vendor/symfony/vendor/creole/drivers/mysql/MySQLConnection.php,235,20,ERROR,PHPCompatibility.Extensions.RemovedExtensions.mysql_DeprecatedRemoved,unverified static candidate,Extension 'mysql_' is deprecated since PHP 5.5 and removed since PHP 7.0; Use mysqli instead
vendor/symfony/vendor/creole/drivers/mysql/MySQLConnection.php,235,20,ERROR,PHPCompatibility.FunctionUse.RemovedFunctions.mysql_queryDeprecatedRemoved,unverified static candidate,Function mysql_query() is deprecated since PHP 5.5 and removed since PHP 7.0
vendor/symfony/vendor/creole/drivers/mysql/MySQLConnection.php,237,67,ERROR,PHPCompatibility.Extensions.RemovedExtensions.mysql_DeprecatedRemoved,unverified static candidate,Extension 'mysql_' is deprecated since PHP 5.5 and removed since PHP 7.0; Use mysqli instead
vendor/symfony/vendor/creole/drivers/mysql/MySQLConnection.php,237,67,ERROR,PHPCompatibility.FunctionUse.RemovedFunctions.mysql_errorDeprecatedRemoved,unverified static candidate,Function mysql_error() is deprecated since PHP 5.5 and removed since PHP 7.0
vendor/symfony/vendor/creole/drivers/mysql/MySQLConnection.php,249,19,ERROR,PHPCompatibility.Extensions.RemovedExtensions.mysql_DeprecatedRemoved,unverified static candidate,Extension 'mysql_' is deprecated since PHP 5.5 and removed since PHP 7.0; Use mysqli instead
vendor/symfony/vendor/creole/drivers/mysql/MySQLConnection.php,249,19,ERROR,PHPCompatibility.FunctionUse.RemovedFunctions.mysql_select_dbDeprecatedRemoved,unverified static candidate,Function mysql_select_db() is deprecated since PHP 5.5 and removed since PHP 7.0
vendor/symfony/vendor/creole/drivers/mysql/MySQLConnection.php,250,65,ERROR,PHPCompatibility.Extensions.RemovedExtensions.mysql_DeprecatedRemoved,unverified static candidate,Extension 'mysql_' is deprecated since PHP 5.5 and removed since PHP 7.0; Use mysqli instead
vendor/symfony/vendor/creole/drivers/mysql/MySQLConnection.php,250,65,ERROR,PHPCompatibility.FunctionUse.RemovedFunctions.mysql_errorDeprecatedRemoved,unverified static candidate,Function mysql_error() is deprecated since PHP 5.5 and removed since PHP 7.0
vendor/symfony/vendor/creole/drivers/mysql/MySQLConnection.php,253,20,ERROR,PHPCompatibility.Extensions.RemovedExtensions.mysql_DeprecatedRemoved,unverified static candidate,Extension 'mysql_' is deprecated since PHP 5.5 and removed since PHP 7.0; Use mysqli instead
vendor/symfony/vendor/creole/drivers/mysql/MySQLConnection.php,253,20,ERROR,PHPCompatibility.FunctionUse.RemovedFunctions.mysql_queryDeprecatedRemoved,unverified static candidate,Function mysql_query() is deprecated since PHP 5.5 and removed since PHP 7.0
vendor/symfony/vendor/creole/drivers/mysql/MySQLConnection.php,254,20,ERROR,PHPCompatibility.Extensions.RemovedExtensions.mysql_DeprecatedRemoved,unverified static candidate,Extension 'mysql_' is deprecated since PHP 5.5 and removed since PHP 7.0; Use mysqli instead
vendor/symfony/vendor/creole/drivers/mysql/MySQLConnection.php,254,20,ERROR,PHPCompatibility.FunctionUse.RemovedFunctions.mysql_queryDeprecatedRemoved,unverified static candidate,Function mysql_query() is deprecated since PHP 5.5 and removed since PHP 7.0
vendor/symfony/vendor/creole/drivers/mysql/MySQLConnection.php,256,66,ERROR,PHPCompatibility.Extensions.RemovedExtensions.mysql_DeprecatedRemoved,unverified static candidate,Extension 'mysql_' is deprecated since PHP 5.5 and removed since PHP 7.0; Use mysqli instead
vendor/symfony/vendor/creole/drivers/mysql/MySQLConnection.php,256,66,ERROR,PHPCompatibility.FunctionUse.RemovedFunctions.mysql_errorDeprecatedRemoved,unverified static candidate,Function mysql_error() is deprecated since PHP 5.5 and removed since PHP 7.0
vendor/symfony/vendor/creole/drivers/mysql/MySQLConnection.php,268,19,ERROR,PHPCompatibility.Extensions.RemovedExtensions.mysql_DeprecatedRemoved,unverified static candidate,Extension 'mysql_' is deprecated since PHP 5.5 and removed since PHP 7.0; Use mysqli instead
vendor/symfony/vendor/creole/drivers/mysql/MySQLConnection.php,268,19,ERROR,PHPCompatibility.FunctionUse.RemovedFunctions.mysql_select_dbDeprecatedRemoved,unverified static candidate,Function mysql_select_db() is deprecated since PHP 5.5 and removed since PHP 7.0
vendor/symfony/vendor/creole/drivers/mysql/MySQLConnection.php,269,64,ERROR,PHPCompatibility.Extensions.RemovedExtensions.mysql_DeprecatedRemoved,unverified static candidate,Extension 'mysql_' is deprecated since PHP 5.5 and removed since PHP 7.0; Use mysqli instead
vendor/symfony/vendor/creole/drivers/mysql/MySQLConnection.php,269,64,ERROR,PHPCompatibility.FunctionUse.RemovedFunctions.mysql_errorDeprecatedRemoved,unverified static candidate,Function mysql_error() is deprecated since PHP 5.5 and removed since PHP 7.0
vendor/symfony/vendor/creole/drivers/mysql/MySQLConnection.php,272,20,ERROR,PHPCompatibility.Extensions.RemovedExtensions.mysql_DeprecatedRemoved,unverified static candidate,Extension 'mysql_' is deprecated since PHP 5.5 and removed since PHP 7.0; Use mysqli instead
vendor/symfony/vendor/creole/drivers/mysql/MySQLConnection.php,272,20,ERROR,PHPCompatibility.FunctionUse.RemovedFunctions.mysql_queryDeprecatedRemoved,unverified static candidate,Function mysql_query() is deprecated since PHP 5.5 and removed since PHP 7.0
vendor/symfony/vendor/creole/drivers/mysql/MySQLConnection.php,273,20,ERROR,PHPCompatibility.Extensions.RemovedExtensions.mysql_DeprecatedRemoved,unverified static candidate,Extension 'mysql_' is deprecated since PHP 5.5 and removed since PHP 7.0; Use mysqli instead
vendor/symfony/vendor/creole/drivers/mysql/MySQLConnection.php,273,20,ERROR,PHPCompatibility.FunctionUse.RemovedFunctions.mysql_queryDeprecatedRemoved,unverified static candidate,Function mysql_query() is deprecated since PHP 5.5 and removed since PHP 7.0
vendor/symfony/vendor/creole/drivers/mysql/MySQLConnection.php,275,70,ERROR,PHPCompatibility.Extensions.RemovedExtensions.mysql_DeprecatedRemoved,unverified static candidate,Extension 'mysql_' is deprecated since PHP 5.5 and removed since PHP 7.0; Use mysqli instead
vendor/symfony/vendor/creole/drivers/mysql/MySQLConnection.php,275,70,ERROR,PHPCompatibility.FunctionUse.RemovedFunctions.mysql_errorDeprecatedRemoved,unverified static candidate,Function mysql_error() is deprecated since PHP 5.5 and removed since PHP 7.0
vendor/symfony/vendor/creole/drivers/mysql/MySQLConnection.php,287,23,ERROR,PHPCompatibility.Extensions.RemovedExtensions.mysql_DeprecatedRemoved,unverified static candidate,Extension 'mysql_' is deprecated since PHP 5.5 and removed since PHP 7.0; Use mysqli instead
vendor/symfony/vendor/creole/drivers/mysql/MySQLConnection.php,287,23,ERROR,PHPCompatibility.FunctionUse.RemovedFunctions.mysql_affected_rowsDeprecatedRemoved,unverified static candidate,Function mysql_affected_rows() is deprecated since PHP 5.5 and removed since PHP 7.0
vendor/symfony/vendor/creole/drivers/mysql/MySQLIdGenerator.php,62,22,ERROR,PHPCompatibility.Extensions.RemovedExtensions.mysql_DeprecatedRemoved,unverified static candidate,Extension 'mysql_' is deprecated since PHP 5.5 and removed since PHP 7.0; Use mysqli instead
vendor/symfony/vendor/creole/drivers/mysql/MySQLIdGenerator.php,62,22,ERROR,PHPCompatibility.FunctionUse.RemovedFunctions.mysql_insert_idDeprecatedRemoved,unverified static candidate,Function mysql_insert_id() is deprecated since PHP 5.5 and removed since PHP 7.0
vendor/symfony/vendor/creole/drivers/mysql/MySQLIdGenerator.php,65,23,ERROR,PHPCompatibility.Extensions.RemovedExtensions.mysql_DeprecatedRemoved,unverified static candidate,Extension 'mysql_' is deprecated since PHP 5.5 and removed since PHP 7.0; Use mysqli instead
vendor/symfony/vendor/creole/drivers/mysql/MySQLIdGenerator.php,65,23,ERROR,PHPCompatibility.FunctionUse.RemovedFunctions.mysql_queryDeprecatedRemoved,unverified static candidate,Function mysql_query() is deprecated since PHP 5.5 and removed since PHP 7.0
vendor/symfony/vendor/creole/drivers/mysql/MySQLIdGenerator.php,67,24,ERROR,PHPCompatibility.Extensions.RemovedExtensions.mysql_DeprecatedRemoved,unverified static candidate,Extension 'mysql_' is deprecated since PHP 5.5 and removed since PHP 7.0; Use mysqli instead
vendor/symfony/vendor/creole/drivers/mysql/MySQLIdGenerator.php,67,24,ERROR,PHPCompatibility.FunctionUse.RemovedFunctions.mysql_fetch_rowDeprecatedRemoved,unverified static candidate,Function mysql_fetch_row() is deprecated since PHP 5.5 and removed since PHP 7.0
vendor/symfony/vendor/creole/drivers/mysql/MySQLPreparedStatement.php,41,16,ERROR,PHPCompatibility.Extensions.RemovedExtensions.mysql_DeprecatedRemoved,unverified static candidate,Extension 'mysql_' is deprecated since PHP 5.5 and removed since PHP 7.0; Use mysqli instead
vendor/symfony/vendor/creole/drivers/mysql/MySQLPreparedStatement.php,41,16,ERROR,PHPCompatibility.FunctionUse.RemovedFunctions.mysql_real_escape_stringDeprecatedRemoved,unverified static candidate,Function mysql_real_escape_string() is deprecated since PHP 5.5 and removed since PHP 7.0
vendor/symfony/vendor/creole/drivers/mysql/MySQLResultSet.php,45,16,ERROR,PHPCompatibility.Extensions.RemovedExtensions.mysql_DeprecatedRemoved,unverified static candidate,Extension 'mysql_' is deprecated since PHP 5.5 and removed since PHP 7.0; Use mysqli instead
vendor/symfony/vendor/creole/drivers/mysql/MySQLResultSet.php,45,16,ERROR,PHPCompatibility.FunctionUse.RemovedFunctions.mysql_data_seekDeprecatedRemoved,unverified static candidate,Function mysql_data_seek() is deprecated since PHP 5.5 and removed since PHP 7.0
vendor/symfony/vendor/creole/drivers/mysql/MySQLResultSet.php,57,25,ERROR,PHPCompatibility.Extensions.RemovedExtensions.mysql_DeprecatedRemoved,unverified static candidate,Extension 'mysql_' is deprecated since PHP 5.5 and removed since PHP 7.0; Use mysqli instead
vendor/symfony/vendor/creole/drivers/mysql/MySQLResultSet.php,57,25,ERROR,PHPCompatibility.FunctionUse.RemovedFunctions.mysql_fetch_arrayDeprecatedRemoved,unverified static candidate,Function mysql_fetch_array() is deprecated since PHP 5.5 and removed since PHP 7.0
vendor/symfony/vendor/creole/drivers/mysql/MySQLResultSet.php,60,22,ERROR,PHPCompatibility.Extensions.RemovedExtensions.mysql_DeprecatedRemoved,unverified static candidate,Extension 'mysql_' is deprecated since PHP 5.5 and removed since PHP 7.0; Use mysqli instead
vendor/symfony/vendor/creole/drivers/mysql/MySQLResultSet.php,60,22,ERROR,PHPCompatibility.FunctionUse.RemovedFunctions.mysql_errnoDeprecatedRemoved,unverified static candidate,Function mysql_errno() is deprecated since PHP 5.5 and removed since PHP 7.0
vendor/symfony/vendor/creole/drivers/mysql/MySQLResultSet.php,66,65,ERROR,PHPCompatibility.Extensions.RemovedExtensions.mysql_DeprecatedRemoved,unverified static candidate,Extension 'mysql_' is deprecated since PHP 5.5 and removed since PHP 7.0; Use mysqli instead
vendor/symfony/vendor/creole/drivers/mysql/MySQLResultSet.php,66,65,ERROR,PHPCompatibility.FunctionUse.RemovedFunctions.mysql_errorDeprecatedRemoved,unverified static candidate,Function mysql_error() is deprecated since PHP 5.5 and removed since PHP 7.0
vendor/symfony/vendor/creole/drivers/mysql/MySQLResultSet.php,84,18,ERROR,PHPCompatibility.Extensions.RemovedExtensions.mysql_DeprecatedRemoved,unverified static candidate,Extension 'mysql_' is deprecated since PHP 5.5 and removed since PHP 7.0; Use mysqli instead
vendor/symfony/vendor/creole/drivers/mysql/MySQLResultSet.php,84,18,ERROR,PHPCompatibility.FunctionUse.RemovedFunctions.mysql_num_rowsDeprecatedRemoved,unverified static candidate,Function mysql_num_rows() is deprecated since PHP 5.5 and removed since PHP 7.0
vendor/symfony/vendor/creole/drivers/mysql/MySQLResultSet.php,86,63,ERROR,PHPCompatibility.Extensions.RemovedExtensions.mysql_DeprecatedRemoved,unverified static candidate,Extension 'mysql_' is deprecated since PHP 5.5 and removed since PHP 7.0; Use mysqli instead
vendor/symfony/vendor/creole/drivers/mysql/MySQLResultSet.php,86,63,ERROR,PHPCompatibility.FunctionUse.RemovedFunctions.mysql_errorDeprecatedRemoved,unverified static candidate,Function mysql_error() is deprecated since PHP 5.5 and removed since PHP 7.0
vendor/symfony/vendor/creole/drivers/mysql/MySQLResultSet.php,97,14,ERROR,PHPCompatibility.Extensions.RemovedExtensions.mysql_DeprecatedRemoved,unverified static candidate,Extension 'mysql_' is deprecated since PHP 5.5 and removed since PHP 7.0; Use mysqli instead
vendor/symfony/vendor/creole/drivers/mysql/MySQLResultSet.php,97,14,ERROR,PHPCompatibility.FunctionUse.RemovedFunctions.mysql_free_resultDeprecatedRemoved,unverified static candidate,Function mysql_free_result() is deprecated since PHP 5.5 and removed since PHP 7.0
vendor/symfony/vendor/creole/drivers/mysql/MySQLResultSet.php,143,20,WARNING,PHPCompatibility.FunctionUse.RemovedFunctions.strftimeDeprecated,unverified static candidate,Function strftime() is deprecated since PHP 8.1; Use date() or IntlDateFormatter::format() instead
vendor/symfony/vendor/creole/drivers/mysql/metadata/MySQLDatabaseInfo.php,42,20,ERROR,PHPCompatibility.Extensions.RemovedExtensions.mysql_DeprecatedRemoved,unverified static candidate,Extension 'mysql_' is deprecated since PHP 5.5 and removed since PHP 7.0; Use mysqli instead
vendor/symfony/vendor/creole/drivers/mysql/metadata/MySQLDatabaseInfo.php,42,20,ERROR,PHPCompatibility.FunctionUse.RemovedFunctions.mysql_queryDeprecatedRemoved,unverified static candidate,Function mysql_query() is deprecated since PHP 5.5 and removed since PHP 7.0
vendor/symfony/vendor/creole/drivers/mysql/metadata/MySQLDatabaseInfo.php,45,61,ERROR,PHPCompatibility.Extensions.RemovedExtensions.mysql_DeprecatedRemoved,unverified static candidate,Extension 'mysql_' is deprecated since PHP 5.5 and removed since PHP 7.0; Use mysqli instead
vendor/symfony/vendor/creole/drivers/mysql/metadata/MySQLDatabaseInfo.php,45,61,ERROR,PHPCompatibility.FunctionUse.RemovedFunctions.mysql_errorDeprecatedRemoved,unverified static candidate,Function mysql_error() is deprecated since PHP 5.5 and removed since PHP 7.0
vendor/symfony/vendor/creole/drivers/mysql/metadata/MySQLDatabaseInfo.php,48,23,ERROR,PHPCompatibility.Extensions.RemovedExtensions.mysql_DeprecatedRemoved,unverified static candidate,Extension 'mysql_' is deprecated since PHP 5.5 and removed since PHP 7.0; Use mysqli instead
vendor/symfony/vendor/creole/drivers/mysql/metadata/MySQLDatabaseInfo.php,48,23,ERROR,PHPCompatibility.FunctionUse.RemovedFunctions.mysql_fetch_rowDeprecatedRemoved,unverified static candidate,Function mysql_fetch_row() is deprecated since PHP 5.5 and removed since PHP 7.0
vendor/symfony/vendor/creole/drivers/mysql/metadata/MySQLTableInfo.php,39,15,ERROR,PHPCompatibility.Extensions.RemovedExtensions.mysql_DeprecatedRemoved,unverified static candidate,Extension 'mysql_' is deprecated since PHP 5.5 and removed since PHP 7.0; Use mysqli instead
vendor/symfony/vendor/creole/drivers/mysql/metadata/MySQLTableInfo.php,39,15,ERROR,PHPCompatibility.FunctionUse.RemovedFunctions.mysql_select_dbDeprecatedRemoved,unverified static candidate,Function mysql_select_db() is deprecated since PHP 5.5 and removed since PHP 7.0
vendor/symfony/vendor/creole/drivers/mysql/metadata/MySQLTableInfo.php,49,16,ERROR,PHPCompatibility.Extensions.RemovedExtensions.mysql_DeprecatedRemoved,unverified static candidate,Extension 'mysql_' is deprecated since PHP 5.5 and removed since PHP 7.0; Use mysqli instead
vendor/symfony/vendor/creole/drivers/mysql/metadata/MySQLTableInfo.php,49,16,ERROR,PHPCompatibility.FunctionUse.RemovedFunctions.mysql_queryDeprecatedRemoved,unverified static candidate,Function mysql_query() is deprecated since PHP 5.5 and removed since PHP 7.0
vendor/symfony/vendor/creole/drivers/mysql/metadata/MySQLTableInfo.php,55,22,ERROR,PHPCompatibility.Extensions.RemovedExtensions.mysql_DeprecatedRemoved,unverified static candidate,Extension 'mysql_' is deprecated since PHP 5.5 and removed since PHP 7.0; Use mysqli instead
vendor/symfony/vendor/creole/drivers/mysql/metadata/MySQLTableInfo.php,55,22,ERROR,PHPCompatibility.FunctionUse.RemovedFunctions.mysql_fetch_assocDeprecatedRemoved,unverified static candidate,Function mysql_fetch_assoc() is deprecated since PHP 5.5 and removed since PHP 7.0
vendor/symfony/vendor/creole/drivers/mysql/metadata/MySQLTableInfo.php,106,15,ERROR,PHPCompatibility.Extensions.RemovedExtensions.mysql_DeprecatedRemoved,unverified static candidate,Extension 'mysql_' is deprecated since PHP 5.5 and removed since PHP 7.0; Use mysqli instead
vendor/symfony/vendor/creole/drivers/mysql/metadata/MySQLTableInfo.php,106,15,ERROR,PHPCompatibility.FunctionUse.RemovedFunctions.mysql_select_dbDeprecatedRemoved,unverified static candidate,Function mysql_select_db() is deprecated since PHP 5.5 and removed since PHP 7.0
vendor/symfony/vendor/creole/drivers/mysql/metadata/MySQLTableInfo.php,111,16,ERROR,PHPCompatibility.Extensions.RemovedExtensions.mysql_DeprecatedRemoved,unverified static candidate,Extension 'mysql_' is deprecated since PHP 5.5 and removed since PHP 7.0; Use mysqli instead
vendor/symfony/vendor/creole/drivers/mysql/metadata/MySQLTableInfo.php,111,16,ERROR,PHPCompatibility.FunctionUse.RemovedFunctions.mysql_queryDeprecatedRemoved,unverified static candidate,Function mysql_query() is deprecated since PHP 5.5 and removed since PHP 7.0
vendor/symfony/vendor/creole/drivers/mysql/metadata/MySQLTableInfo.php,116,22,ERROR,PHPCompatibility.Extensions.RemovedExtensions.mysql_DeprecatedRemoved,unverified static candidate,Extension 'mysql_' is deprecated since PHP 5.5 and removed since PHP 7.0; Use mysqli instead
vendor/symfony/vendor/creole/drivers/mysql/metadata/MySQLTableInfo.php,116,22,ERROR,PHPCompatibility.FunctionUse.RemovedFunctions.mysql_fetch_assocDeprecatedRemoved,unverified static candidate,Function mysql_fetch_assoc() is deprecated since PHP 5.5 and removed since PHP 7.0
vendor/symfony/vendor/creole/drivers/mysql/metadata/MySQLTableInfo.php,139,15,ERROR,PHPCompatibility.Extensions.RemovedExtensions.mysql_DeprecatedRemoved,unverified static candidate,Extension 'mysql_' is deprecated since PHP 5.5 and removed since PHP 7.0; Use mysqli instead
vendor/symfony/vendor/creole/drivers/mysql/metadata/MySQLTableInfo.php,139,15,ERROR,PHPCompatibility.FunctionUse.RemovedFunctions.mysql_select_dbDeprecatedRemoved,unverified static candidate,Function mysql_select_db() is deprecated since PHP 5.5 and removed since PHP 7.0
vendor/symfony/vendor/creole/drivers/mysql/metadata/MySQLTableInfo.php,144,16,ERROR,PHPCompatibility.Extensions.RemovedExtensions.mysql_DeprecatedRemoved,unverified static candidate,Extension 'mysql_' is deprecated since PHP 5.5 and removed since PHP 7.0; Use mysqli instead
vendor/symfony/vendor/creole/drivers/mysql/metadata/MySQLTableInfo.php,144,16,ERROR,PHPCompatibility.FunctionUse.RemovedFunctions.mysql_queryDeprecatedRemoved,unverified static candidate,Function mysql_query() is deprecated since PHP 5.5 and removed since PHP 7.0
vendor/symfony/vendor/creole/drivers/mysql/metadata/MySQLTableInfo.php,149,22,ERROR,PHPCompatibility.Extensions.RemovedExtensions.mysql_DeprecatedRemoved,unverified static candidate,Extension 'mysql_' is deprecated since PHP 5.5 and removed since PHP 7.0; Use mysqli instead
vendor/symfony/vendor/creole/drivers/mysql/metadata/MySQLTableInfo.php,149,22,ERROR,PHPCompatibility.FunctionUse.RemovedFunctions.mysql_fetch_assocDeprecatedRemoved,unverified static candidate,Function mysql_fetch_assoc() is deprecated since PHP 5.5 and removed since PHP 7.0
vendor/symfony/vendor/creole/drivers/mysql/metadata/MySQLTableInfo.php,174,12,ERROR,PHPCompatibility.Extensions.RemovedExtensions.mysql_DeprecatedRemoved,unverified static candidate,Extension 'mysql_' is deprecated since PHP 5.5 and removed since PHP 7.0; Use mysqli instead
vendor/symfony/vendor/creole/drivers/mysql/metadata/MySQLTableInfo.php,174,12,ERROR,PHPCompatibility.FunctionUse.RemovedFunctions.mysql_queryDeprecatedRemoved,unverified static candidate,Function mysql_query() is deprecated since PHP 5.5 and removed since PHP 7.0
vendor/symfony/vendor/creole/drivers/mysql/metadata/MySQLTableInfo.php,175,12,ERROR,PHPCompatibility.Extensions.RemovedExtensions.mysql_DeprecatedRemoved,unverified static candidate,Extension 'mysql_' is deprecated since PHP 5.5 and removed since PHP 7.0; Use mysqli instead
vendor/symfony/vendor/creole/drivers/mysql/metadata/MySQLTableInfo.php,175,12,ERROR,PHPCompatibility.FunctionUse.RemovedFunctions.mysql_fetch_rowDeprecatedRemoved,unverified static candidate,Function mysql_fetch_row() is deprecated since PHP 5.5 and removed since PHP 7.0
vendor/symfony/vendor/creole/drivers/mysql/metadata/MySQLTableInfo.php,188,11,ERROR,PHPCompatibility.Extensions.RemovedExtensions.mysql_DeprecatedRemoved,unverified static candidate,Extension 'mysql_' is deprecated since PHP 5.5 and removed since PHP 7.0; Use mysqli instead
vendor/symfony/vendor/creole/drivers/mysql/metadata/MySQLTableInfo.php,188,11,ERROR,PHPCompatibility.FunctionUse.RemovedFunctions.mysql_select_dbDeprecatedRemoved,unverified static candidate,Function mysql_select_db() is deprecated since PHP 5.5 and removed since PHP 7.0
vendor/symfony/vendor/creole/drivers/mysql/metadata/MySQLTableInfo.php,192,12,ERROR,PHPCompatibility.Extensions.RemovedExtensions.mysql_DeprecatedRemoved,unverified static candidate,Extension 'mysql_' is deprecated since PHP 5.5 and removed since PHP 7.0; Use mysqli instead
vendor/symfony/vendor/creole/drivers/mysql/metadata/MySQLTableInfo.php,192,12,ERROR,PHPCompatibility.FunctionUse.RemovedFunctions.mysql_queryDeprecatedRemoved,unverified static candidate,Function mysql_query() is deprecated since PHP 5.5 and removed since PHP 7.0
vendor/symfony/vendor/creole/drivers/mysql/metadata/MySQLTableInfo.php,193,12,ERROR,PHPCompatibility.Extensions.RemovedExtensions.mysql_DeprecatedRemoved,unverified static candidate,Extension 'mysql_' is deprecated since PHP 5.5 and removed since PHP 7.0; Use mysqli instead
vendor/symfony/vendor/creole/drivers/mysql/metadata/MySQLTableInfo.php,193,12,ERROR,PHPCompatibility.FunctionUse.RemovedFunctions.mysql_fetch_rowDeprecatedRemoved,unverified static candidate,Function mysql_fetch_row() is deprecated since PHP 5.5 and removed since PHP 7.0
vendor/symfony/vendor/creole/drivers/mysql/metadata/MySQLTableInfo.php,246,14,ERROR,PHPCompatibility.Extensions.RemovedExtensions.mysql_DeprecatedRemoved,unverified static candidate,Extension 'mysql_' is deprecated since PHP 5.5 and removed since PHP 7.0; Use mysqli instead
vendor/symfony/vendor/creole/drivers/mysql/metadata/MySQLTableInfo.php,246,14,ERROR,PHPCompatibility.FunctionUse.RemovedFunctions.mysql_queryDeprecatedRemoved,unverified static candidate,Function mysql_query() is deprecated since PHP 5.5 and removed since PHP 7.0
vendor/symfony/vendor/creole/drivers/mysql/metadata/MySQLTableInfo.php,247,35,ERROR,PHPCompatibility.Extensions.RemovedExtensions.mysql_DeprecatedRemoved,unverified static candidate,Extension 'mysql_' is deprecated since PHP 5.5 and removed since PHP 7.0; Use mysqli instead
vendor/symfony/vendor/creole/drivers/mysql/metadata/MySQLTableInfo.php,247,35,ERROR,PHPCompatibility.FunctionUse.RemovedFunctions.mysql_fetch_assocDeprecatedRemoved,unverified static candidate,Function mysql_fetch_assoc() is deprecated since PHP 5.5 and removed since PHP 7.0
vendor/symfony/vendor/creole/drivers/mysqli/MySQLiConnection.php,78,18,ERROR,PHPCompatibility.IniDirectives.RemovedIniDirectives.track_errorsDeprecatedRemoved,unverified static candidate,INI directive 'track_errors' is deprecated since PHP 7.2 and removed since PHP 8.0
vendor/symfony/vendor/creole/drivers/mysqli/MySQLiConnection.php,87,29,ERROR,PHPCompatibility.Variables.RemovedPredefinedGlobalVariables.php_errormsgDeprecatedRemoved,unverified static candidate,The variable '$php_errormsg' is deprecated since PHP 7.2 and removed since PHP 8.0; Use error_get_last() instead
vendor/symfony/vendor/creole/drivers/mysqli/MySQLiConnection.php,90,58,ERROR,PHPCompatibility.Variables.RemovedPredefinedGlobalVariables.php_errormsgDeprecatedRemoved,unverified static candidate,The variable '$php_errormsg' is deprecated since PHP 7.2 and removed since PHP 8.0; Use error_get_last() instead
vendor/symfony/vendor/creole/drivers/mysqli/MySQLiResultSet.php,168,20,WARNING,PHPCompatibility.FunctionUse.RemovedFunctions.strftimeDeprecated,unverified static candidate,Function strftime() is deprecated since PHP 8.1; Use date() or IntlDateFormatter::format() instead
vendor/symfony/vendor/creole/drivers/oracle/OCI8Connection.php,80,13,ERROR,PHPCompatibility.IniDirectives.RemovedIniDirectives.track_errorsDeprecatedRemoved,unverified static candidate,INI directive 'track_errors' is deprecated since PHP 7.2 and removed since PHP 8.0
vendor/symfony/vendor/creole/drivers/pgsql/PgSQLConnection.php,57,16,ERROR,PHPCompatibility.Variables.RemovedPredefinedGlobalVariables.php_errormsgDeprecatedRemoved,unverified static candidate,The variable '$php_errormsg' is deprecated since PHP 7.2 and removed since PHP 8.0; Use error_get_last() instead
vendor/symfony/vendor/creole/drivers/pgsql/PgSQLConnection.php,105,57,ERROR,PHPCompatibility.Variables.RemovedPredefinedGlobalVariables.php_errormsgDeprecatedRemoved,unverified static candidate,The variable '$php_errormsg' is deprecated since PHP 7.2 and removed since PHP 8.0; Use error_get_last() instead
vendor/symfony/vendor/creole/drivers/pgsql/PgSQLResultSet.php,140,18,ERROR,PHPCompatibility.Syntax.RemovedCurlyBraceArrayAccess.Removed,unverified static candidate,Curly brace syntax for accessing array elements and string offsets has been deprecated in PHP 7.4 and removed in PHP 8.0. Found: $tok{0}
vendor/symfony/vendor/creole/drivers/sqlite/SQLiteConnection.php,150,17,ERROR,PHPCompatibility.Extensions.RemovedExtensions.sqliteRemoved,unverified static candidate,Extension 'sqlite' is removed since PHP 5.4
vendor/symfony/vendor/creole/drivers/sqlite/SQLiteConnection.php,150,17,ERROR,PHPCompatibility.FunctionUse.RemovedFunctions.sqlite_closeRemoved,unverified static candidate,Function sqlite_close() is removed since PHP 5.4
vendor/symfony/vendor/creole/drivers/sqlite/SQLiteConnection.php,172,17,ERROR,PHPCompatibility.IniDirectives.RemovedIniDirectives.sqlite_assoc_caseRemoved,unverified static candidate,INI directive 'sqlite.assoc_case' is removed since PHP 5.4
vendor/symfony/vendor/creole/drivers/sqlite/SQLiteConnection.php,174,20,ERROR,PHPCompatibility.Extensions.RemovedExtensions.sqliteRemoved,unverified static candidate,Extension 'sqlite' is removed since PHP 5.4
vendor/symfony/vendor/creole/drivers/sqlite/SQLiteConnection.php,174,20,ERROR,PHPCompatibility.FunctionUse.RemovedFunctions.sqlite_queryRemoved,unverified static candidate,Function sqlite_query() is removed since PHP 5.4
vendor/symfony/vendor/creole/drivers/sqlite/SQLiteConnection.php,176,63,ERROR,PHPCompatibility.Variables.RemovedPredefinedGlobalVariables.php_errormsgDeprecatedRemoved,unverified static candidate,The variable '$php_errormsg' is deprecated since PHP 7.2 and removed since PHP 8.0; Use error_get_last() instead
vendor/symfony/vendor/creole/drivers/sqlite/SQLiteConnection.php,188,20,ERROR,PHPCompatibility.Extensions.RemovedExtensions.sqliteRemoved,unverified static candidate,Extension 'sqlite' is removed since PHP 5.4
vendor/symfony/vendor/creole/drivers/sqlite/SQLiteConnection.php,188,20,ERROR,PHPCompatibility.FunctionUse.RemovedFunctions.sqlite_queryRemoved,unverified static candidate,Function sqlite_query() is removed since PHP 5.4
vendor/symfony/vendor/creole/drivers/sqlite/SQLiteConnection.php,190,64,ERROR,PHPCompatibility.Variables.RemovedPredefinedGlobalVariables.php_errormsgDeprecatedRemoved,unverified static candidate,The variable '$php_errormsg' is deprecated since PHP 7.2 and removed since PHP 8.0; Use error_get_last() instead
vendor/symfony/vendor/creole/drivers/sqlite/SQLiteConnection.php,192,23,ERROR,PHPCompatibility.Extensions.RemovedExtensions.sqliteRemoved,unverified static candidate,Extension 'sqlite' is removed since PHP 5.4
vendor/symfony/vendor/creole/drivers/sqlite/SQLiteConnection.php,192,23,ERROR,PHPCompatibility.FunctionUse.RemovedFunctions.sqlite_changesRemoved,unverified static candidate,Function sqlite_changes() is removed since PHP 5.4
vendor/symfony/vendor/creole/drivers/sqlite/SQLiteConnection.php,202,20,ERROR,PHPCompatibility.Extensions.RemovedExtensions.sqliteRemoved,unverified static candidate,Extension 'sqlite' is removed since PHP 5.4
vendor/symfony/vendor/creole/drivers/sqlite/SQLiteConnection.php,202,20,ERROR,PHPCompatibility.FunctionUse.RemovedFunctions.sqlite_queryRemoved,unverified static candidate,Function sqlite_query() is removed since PHP 5.4
vendor/symfony/vendor/creole/drivers/sqlite/SQLiteConnection.php,204,67,ERROR,PHPCompatibility.Variables.RemovedPredefinedGlobalVariables.php_errormsgDeprecatedRemoved,unverified static candidate,The variable '$php_errormsg' is deprecated since PHP 7.2 and removed since PHP 8.0; Use error_get_last() instead
vendor/symfony/vendor/creole/drivers/sqlite/SQLiteConnection.php,215,20,ERROR,PHPCompatibility.Extensions.RemovedExtensions.sqliteRemoved,unverified static candidate,Extension 'sqlite' is removed since PHP 5.4
vendor/symfony/vendor/creole/drivers/sqlite/SQLiteConnection.php,215,20,ERROR,PHPCompatibility.FunctionUse.RemovedFunctions.sqlite_queryRemoved,unverified static candidate,Function sqlite_query() is removed since PHP 5.4
vendor/symfony/vendor/creole/drivers/sqlite/SQLiteConnection.php,217,66,ERROR,PHPCompatibility.Variables.RemovedPredefinedGlobalVariables.php_errormsgDeprecatedRemoved,unverified static candidate,The variable '$php_errormsg' is deprecated since PHP 7.2 and removed since PHP 8.0; Use error_get_last() instead
vendor/symfony/vendor/creole/drivers/sqlite/SQLiteConnection.php,228,20,ERROR,PHPCompatibility.Extensions.RemovedExtensions.sqliteRemoved,unverified static candidate,Extension 'sqlite' is removed since PHP 5.4
vendor/symfony/vendor/creole/drivers/sqlite/SQLiteConnection.php,228,20,ERROR,PHPCompatibility.FunctionUse.RemovedFunctions.sqlite_queryRemoved,unverified static candidate,Function sqlite_query() is removed since PHP 5.4
vendor/symfony/vendor/creole/drivers/sqlite/SQLiteConnection.php,230,70,ERROR,PHPCompatibility.Variables.RemovedPredefinedGlobalVariables.php_errormsgDeprecatedRemoved,unverified static candidate,The variable '$php_errormsg' is deprecated since PHP 7.2 and removed since PHP 8.0; Use error_get_last() instead
vendor/symfony/vendor/creole/drivers/sqlite/SQLiteConnection.php,242,23,ERROR,PHPCompatibility.Extensions.RemovedExtensions.sqliteRemoved,unverified static candidate,Extension 'sqlite' is removed since PHP 5.4
vendor/symfony/vendor/creole/drivers/sqlite/SQLiteConnection.php,242,23,ERROR,PHPCompatibility.FunctionUse.RemovedFunctions.sqlite_changesRemoved,unverified static candidate,Function sqlite_changes() is removed since PHP 5.4
vendor/symfony/vendor/creole/drivers/sqlite/SQLiteIdGenerator.php,56,16,ERROR,PHPCompatibility.Extensions.RemovedExtensions.sqliteRemoved,unverified static candidate,Extension 'sqlite' is removed since PHP 5.4
vendor/symfony/vendor/creole/drivers/sqlite/SQLiteIdGenerator.php,56,16,ERROR,PHPCompatibility.FunctionUse.RemovedFunctions.sqlite_last_insert_rowidRemoved,unverified static candidate,Function sqlite_last_insert_rowid() is removed since PHP 5.4
vendor/symfony/vendor/creole/drivers/sqlite/SQLitePreparedStatement.php,40,16,ERROR,PHPCompatibility.Extensions.RemovedExtensions.sqliteRemoved,unverified static candidate,Extension 'sqlite' is removed since PHP 5.4
vendor/symfony/vendor/creole/drivers/sqlite/SQLitePreparedStatement.php,40,16,ERROR,PHPCompatibility.FunctionUse.RemovedFunctions.sqlite_escape_stringRemoved,unverified static candidate,Function sqlite_escape_string() is removed since PHP 5.4
vendor/symfony/vendor/creole/drivers/sqlite/SQLitePreparedStatement.php,57,53,ERROR,PHPCompatibility.Extensions.RemovedExtensions.sqliteRemoved,unverified static candidate,Extension 'sqlite' is removed since PHP 5.4
vendor/symfony/vendor/creole/drivers/sqlite/SQLitePreparedStatement.php,57,53,ERROR,PHPCompatibility.FunctionUse.RemovedFunctions.sqlite_udf_encode_binaryRemoved,unverified static candidate,Function sqlite_udf_encode_binary() is removed since PHP 5.4
vendor/symfony/vendor/creole/drivers/sqlite/SQLiteResultSet.php,55,16,ERROR,PHPCompatibility.Extensions.RemovedExtensions.sqliteRemoved,unverified static candidate,Extension 'sqlite' is removed since PHP 5.4
vendor/symfony/vendor/creole/drivers/sqlite/SQLiteResultSet.php,55,16,ERROR,PHPCompatibility.FunctionUse.RemovedFunctions.sqlite_seekRemoved,unverified static candidate,Function sqlite_seek() is removed since PHP 5.4
vendor/symfony/vendor/creole/drivers/sqlite/SQLiteResultSet.php,67,25,ERROR,PHPCompatibility.Extensions.RemovedExtensions.sqliteRemoved,unverified static candidate,Extension 'sqlite' is removed since PHP 5.4
vendor/symfony/vendor/creole/drivers/sqlite/SQLiteResultSet.php,67,25,ERROR,PHPCompatibility.FunctionUse.RemovedFunctions.sqlite_fetch_arrayRemoved,unverified static candidate,Function sqlite_fetch_array() is removed since PHP 5.4
vendor/symfony/vendor/creole/drivers/sqlite/SQLiteResultSet.php,69,22,ERROR,PHPCompatibility.Extensions.RemovedExtensions.sqliteRemoved,unverified static candidate,Extension 'sqlite' is removed since PHP 5.4
vendor/symfony/vendor/creole/drivers/sqlite/SQLiteResultSet.php,69,22,ERROR,PHPCompatibility.FunctionUse.RemovedFunctions.sqlite_last_errorRemoved,unverified static candidate,Function sqlite_last_error() is removed since PHP 5.4
vendor/symfony/vendor/creole/drivers/sqlite/SQLiteResultSet.php,75,65,ERROR,PHPCompatibility.Extensions.RemovedExtensions.sqliteRemoved,unverified static candidate,Extension 'sqlite' is removed since PHP 5.4
vendor/symfony/vendor/creole/drivers/sqlite/SQLiteResultSet.php,75,65,ERROR,PHPCompatibility.FunctionUse.RemovedFunctions.sqlite_error_stringRemoved,unverified static candidate,Function sqlite_error_string() is removed since PHP 5.4
vendor/symfony/vendor/creole/drivers/sqlite/SQLiteResultSet.php,89,18,ERROR,PHPCompatibility.Extensions.RemovedExtensions.sqliteRemoved,unverified static candidate,Extension 'sqlite' is removed since PHP 5.4
vendor/symfony/vendor/creole/drivers/sqlite/SQLiteResultSet.php,89,18,ERROR,PHPCompatibility.FunctionUse.RemovedFunctions.sqlite_num_rowsRemoved,unverified static candidate,Function sqlite_num_rows() is removed since PHP 5.4
vendor/symfony/vendor/creole/drivers/sqlite/SQLiteResultSet.php,91,63,ERROR,PHPCompatibility.Extensions.RemovedExtensions.sqliteRemoved,unverified static candidate,Extension 'sqlite' is removed since PHP 5.4
vendor/symfony/vendor/creole/drivers/sqlite/SQLiteResultSet.php,91,63,ERROR,PHPCompatibility.FunctionUse.RemovedFunctions.sqlite_error_stringRemoved,unverified static candidate,Function sqlite_error_string() is removed since PHP 5.4
vendor/symfony/vendor/creole/drivers/sqlite/SQLiteResultSet.php,91,83,ERROR,PHPCompatibility.Extensions.RemovedExtensions.sqliteRemoved,unverified static candidate,Extension 'sqlite' is removed since PHP 5.4
vendor/symfony/vendor/creole/drivers/sqlite/SQLiteResultSet.php,91,83,ERROR,PHPCompatibility.FunctionUse.RemovedFunctions.sqlite_last_errorRemoved,unverified static candidate,Function sqlite_last_error() is removed since PHP 5.4
vendor/symfony/vendor/creole/drivers/sqlite/SQLiteResultSet.php,107,25,ERROR,PHPCompatibility.Extensions.RemovedExtensions.sqliteRemoved,unverified static candidate,Extension 'sqlite' is removed since PHP 5.4
vendor/symfony/vendor/creole/drivers/sqlite/SQLiteResultSet.php,107,25,ERROR,PHPCompatibility.FunctionUse.RemovedFunctions.sqlite_udf_decode_binaryRemoved,unverified static candidate,Function sqlite_udf_decode_binary() is removed since PHP 5.4
vendor/symfony/vendor/creole/drivers/sqlite/SQLiteResultSetIterator.php,52,9,ERROR,PHPCompatibility.Extensions.RemovedExtensions.sqliteRemoved,unverified static candidate,Extension 'sqlite' is removed since PHP 5.4
vendor/symfony/vendor/creole/drivers/sqlite/SQLiteResultSetIterator.php,52,9,ERROR,PHPCompatibility.FunctionUse.RemovedFunctions.sqlite_rewindRemoved,unverified static candidate,Function sqlite_rewind() is removed since PHP 5.4
vendor/symfony/vendor/creole/drivers/sqlite/SQLiteResultSetIterator.php,77,15,ERROR,PHPCompatibility.Extensions.RemovedExtensions.sqliteRemoved,unverified static candidate,Extension 'sqlite' is removed since PHP 5.4
vendor/symfony/vendor/creole/drivers/sqlite/SQLiteResultSetIterator.php,77,15,ERROR,PHPCompatibility.FunctionUse.RemovedFunctions.sqlite_fetch_arrayRemoved,unverified static candidate,Function sqlite_fetch_array() is removed since PHP 5.4
vendor/symfony/vendor/creole/drivers/sqlite/metadata/SQLiteDatabaseInfo.php,42,19,ERROR,PHPCompatibility.Extensions.RemovedExtensions.sqliteRemoved,unverified static candidate,Extension 'sqlite' is removed since PHP 5.4
vendor/symfony/vendor/creole/drivers/sqlite/metadata/SQLiteDatabaseInfo.php,42,19,ERROR,PHPCompatibility.FunctionUse.RemovedFunctions.sqlite_queryRemoved,unverified static candidate,Function sqlite_query() is removed since PHP 5.4
vendor/symfony/vendor/creole/drivers/sqlite/metadata/SQLiteDatabaseInfo.php,45,61,ERROR,PHPCompatibility.Extensions.RemovedExtensions.sqliteRemoved,unverified static candidate,Extension 'sqlite' is removed since PHP 5.4
vendor/symfony/vendor/creole/drivers/sqlite/metadata/SQLiteDatabaseInfo.php,45,61,ERROR,PHPCompatibility.FunctionUse.RemovedFunctions.sqlite_last_errorRemoved,unverified static candidate,Function sqlite_last_error() is removed since PHP 5.4
vendor/symfony/vendor/creole/drivers/sqlite/metadata/SQLiteDatabaseInfo.php,48,23,ERROR,PHPCompatibility.Extensions.RemovedExtensions.sqliteRemoved,unverified static candidate,Extension 'sqlite' is removed since PHP 5.4
vendor/symfony/vendor/creole/drivers/sqlite/metadata/SQLiteDatabaseInfo.php,48,23,ERROR,PHPCompatibility.FunctionUse.RemovedFunctions.sqlite_fetch_arrayRemoved,unverified static candidate,Function sqlite_fetch_array() is removed since PHP 5.4
vendor/symfony/vendor/creole/drivers/sqlite/metadata/SQLiteTableInfo.php,47,16,ERROR,PHPCompatibility.Extensions.RemovedExtensions.sqliteRemoved,unverified static candidate,Extension 'sqlite' is removed since PHP 5.4
vendor/symfony/vendor/creole/drivers/sqlite/metadata/SQLiteTableInfo.php,47,16,ERROR,PHPCompatibility.FunctionUse.RemovedFunctions.sqlite_queryRemoved,unverified static candidate,Function sqlite_query() is removed since PHP 5.4
vendor/symfony/vendor/creole/drivers/sqlite/metadata/SQLiteTableInfo.php,50,22,ERROR,PHPCompatibility.Extensions.RemovedExtensions.sqliteRemoved,unverified static candidate,Extension 'sqlite' is removed since PHP 5.4
vendor/symfony/vendor/creole/drivers/sqlite/metadata/SQLiteTableInfo.php,50,22,ERROR,PHPCompatibility.FunctionUse.RemovedFunctions.sqlite_fetch_arrayRemoved,unverified static candidate,Function sqlite_fetch_array() is removed since PHP 5.4
vendor/symfony/vendor/creole/drivers/sqlite/metadata/SQLiteTableInfo.php,50,47,ERROR,PHPCompatibility.Constants.RemovedConstants.sqlite_assocRemoved,unverified static candidate,"The constant ""SQLITE_ASSOC"" is removed since PHP 5.4"
vendor/symfony/vendor/creole/drivers/sqlite/metadata/SQLiteTableInfo.php,109,16,ERROR,PHPCompatibility.Extensions.RemovedExtensions.sqliteRemoved,unverified static candidate,Extension 'sqlite' is removed since PHP 5.4
vendor/symfony/vendor/creole/drivers/sqlite/metadata/SQLiteTableInfo.php,109,16,ERROR,PHPCompatibility.FunctionUse.RemovedFunctions.sqlite_queryRemoved,unverified static candidate,Function sqlite_query() is removed since PHP 5.4
vendor/symfony/vendor/creole/drivers/sqlite/metadata/SQLiteTableInfo.php,111,22,ERROR,PHPCompatibility.Extensions.RemovedExtensions.sqliteRemoved,unverified static candidate,Extension 'sqlite' is removed since PHP 5.4
vendor/symfony/vendor/creole/drivers/sqlite/metadata/SQLiteTableInfo.php,111,22,ERROR,PHPCompatibility.FunctionUse.RemovedFunctions.sqlite_fetch_arrayRemoved,unverified static candidate,Function sqlite_fetch_array() is removed since PHP 5.4
vendor/symfony/vendor/creole/drivers/sqlite/metadata/SQLiteTableInfo.php,111,47,ERROR,PHPCompatibility.Constants.RemovedConstants.sqlite_assocRemoved,unverified static candidate,"The constant ""SQLITE_ASSOC"" is removed since PHP 5.4"
vendor/symfony/vendor/creole/drivers/sqlite/metadata/SQLiteTableInfo.php,116,21,ERROR,PHPCompatibility.Extensions.RemovedExtensions.sqliteRemoved,unverified static candidate,Extension 'sqlite' is removed since PHP 5.4
vendor/symfony/vendor/creole/drivers/sqlite/metadata/SQLiteTableInfo.php,116,21,ERROR,PHPCompatibility.FunctionUse.RemovedFunctions.sqlite_queryRemoved,unverified static candidate,Function sqlite_query() is removed since PHP 5.4
vendor/symfony/vendor/creole/drivers/sqlite/metadata/SQLiteTableInfo.php,117,27,ERROR,PHPCompatibility.Extensions.RemovedExtensions.sqliteRemoved,unverified static candidate,Extension 'sqlite' is removed since PHP 5.4
vendor/symfony/vendor/creole/drivers/sqlite/metadata/SQLiteTableInfo.php,117,27,ERROR,PHPCompatibility.FunctionUse.RemovedFunctions.sqlite_fetch_arrayRemoved,unverified static candidate,Function sqlite_fetch_array() is removed since PHP 5.4
vendor/symfony/vendor/creole/drivers/sqlite/metadata/SQLiteTableInfo.php,117,53,ERROR,PHPCompatibility.Constants.RemovedConstants.sqlite_assocRemoved,unverified static candidate,"The constant ""SQLITE_ASSOC"" is removed since PHP 5.4"
vendor/symfony/vendor/creole/util/sql/SQLStatementExtractor.php,146,36,ERROR,PHPCompatibility.Syntax.RemovedCurlyBraceArrayAccess.Removed,unverified static candidate,Curly brace syntax for accessing array elements and string offsets has been deprecated in PHP 7.4 and removed in PHP 8.0. Found: $string{$startpos}
vendor/symfony/vendor/lime/lime.php,73,17,ERROR,PHPCompatibility.FunctionUse.ArgumentFunctionsReportCurrentValue.Changed,unverified static candidate,"Since PHP 7.0, functions inspecting arguments, like debug_backtrace(), no longer report the original value as passed to a parameter, but will instead provide the current value. The parameter ""$message"" was changed on line 69."
vendor/symfony/vendor/lime/lime.php,338,29,ERROR,PHPCompatibility.ParameterValues.RemovedPCREModifiers.Removed,unverified static candidate,preg_replace() - /e modifier is deprecated since PHP 5.5 and removed since PHP 7.0
vendor/symfony/vendor/lime/lime.php,339,29,ERROR,PHPCompatibility.ParameterValues.RemovedPCREModifiers.Removed,unverified static candidate,preg_replace() - /e modifier is deprecated since PHP 5.5 and removed since PHP 7.0
vendor/symfony/vendor/lime/lime.php,340,29,ERROR,PHPCompatibility.ParameterValues.RemovedPCREModifiers.Removed,unverified static candidate,preg_replace() - /e modifier is deprecated since PHP 5.5 and removed since PHP 7.0
vendor/symfony/vendor/lime/lime.php,341,29,ERROR,PHPCompatibility.ParameterValues.RemovedPCREModifiers.Removed,unverified static candidate,preg_replace() - /e modifier is deprecated since PHP 5.5 and removed since PHP 7.0
vendor/symfony/vendor/pake/pakeApp.class.php,357,26,ERROR,PHPCompatibility.FunctionUse.RemovedFunctions.create_functionDeprecatedRemoved,unverified static candidate,Function create_function() is deprecated since PHP 7.2 and removed since PHP 8.0; Use an anonymous function instead
vendor/symfony/vendor/pake/pakeFinder.class.php,526,14,ERROR,PHPCompatibility.Syntax.RemovedCurlyBraceArrayAccess.Removed,unverified static candidate,Curly brace syntax for accessing array elements and string offsets has been deprecated in PHP 7.4 and removed in PHP 8.0. Found: $path{0}
vendor/symfony/vendor/pake/pakeFinder.class.php,526,33,ERROR,PHPCompatibility.Syntax.RemovedCurlyBraceArrayAccess.Removed,unverified static candidate,Curly brace syntax for accessing array elements and string offsets has been deprecated in PHP 7.4 and removed in PHP 8.0. Found: $path{0}
vendor/symfony/vendor/pake/pakeFinder.class.php,527,48,ERROR,PHPCompatibility.Syntax.RemovedCurlyBraceArrayAccess.Removed,unverified static candidate,Curly brace syntax for accessing array elements and string offsets has been deprecated in PHP 7.4 and removed in PHP 8.0. Found: $path{0}
vendor/symfony/vendor/pake/pakeFinder.class.php,528,15,ERROR,PHPCompatibility.Syntax.RemovedCurlyBraceArrayAccess.Removed,unverified static candidate,Curly brace syntax for accessing array elements and string offsets has been deprecated in PHP 7.4 and removed in PHP 8.0. Found: $path{1}
vendor/symfony/vendor/pake/pakeFinder.class.php,529,16,ERROR,PHPCompatibility.Syntax.RemovedCurlyBraceArrayAccess.Removed,unverified static candidate,Curly brace syntax for accessing array elements and string offsets has been deprecated in PHP 7.4 and removed in PHP 8.0. Found: $path{2}
vendor/symfony/vendor/pake/pakeFinder.class.php,529,36,ERROR,PHPCompatibility.Syntax.RemovedCurlyBraceArrayAccess.Removed,unverified static candidate,Curly brace syntax for accessing array elements and string offsets has been deprecated in PHP 7.4 and removed in PHP 8.0. Found: $path{2}
vendor/symfony/vendor/pake/pakeFunction.php,412,12,ERROR,PHPCompatibility.IniDirectives.RemovedIniDirectives.track_errorsDeprecatedRemoved,unverified static candidate,INI directive 'track_errors' is deprecated since PHP 7.2 and removed since PHP 8.0
vendor/symfony/vendor/pake/pakeFunction.php,414,12,ERROR,PHPCompatibility.IniDirectives.RemovedIniDirectives.magic_quotes_runtimeDeprecatedRemoved,unverified static candidate,INI directive 'magic_quotes_runtime' is deprecated since PHP 5.3 and removed since PHP 5.4
vendor/symfony/vendor/pake/pakeFunction.php,428,31,ERROR,PHPCompatibility.FunctionUse.RemovedFunctions.create_functionDeprecatedRemoved,unverified static candidate,Function create_function() is deprecated since PHP 7.2 and removed since PHP 8.0; Use an anonymous function instead
vendor/symfony/vendor/pake/pakeGetopt.class.php,53,18,ERROR,PHPCompatibility.Syntax.RemovedCurlyBraceArrayAccess.Removed,unverified static candidate,Curly brace syntax for accessing array elements and string offsets has been deprecated in PHP 7.4 and removed in PHP 8.0. Found: $long_opt{0}
vendor/symfony/vendor/pake/pakeGetopt.class.php,53,41,ERROR,PHPCompatibility.Syntax.RemovedCurlyBraceArrayAccess.Removed,unverified static candidate,Curly brace syntax for accessing array elements and string offsets has been deprecated in PHP 7.4 and removed in PHP 8.0. Found: $long_opt{1}
vendor/symfony/vendor/pake/pakeGetopt.class.php,60,21,ERROR,PHPCompatibility.Syntax.RemovedCurlyBraceArrayAccess.Removed,unverified static candidate,Curly brace syntax for accessing array elements and string offsets has been deprecated in PHP 7.4 and removed in PHP 8.0. Found: $short_opt{0}
vendor/symfony/vendor/pake/pakeGetopt.class.php,75,28,ERROR,PHPCompatibility.ParameterValues.RemovedPCREModifiers.Removed,unverified static candidate,preg_replace() - /e modifier is deprecated since PHP 5.5 and removed since PHP 7.0
vendor/symfony/vendor/pake/pakeGetopt.class.php,84,38,ERROR,PHPCompatibility.Syntax.RemovedCurlyBraceArrayAccess.Removed,unverified static candidate,Curly brace syntax for accessing array elements and string offsets has been deprecated in PHP 7.4 and removed in PHP 8.0. Found: $args[0]{0}
vendor/symfony/vendor/pake/pakeGetopt.class.php,104,15,ERROR,PHPCompatibility.Syntax.RemovedCurlyBraceArrayAccess.Removed,unverified static candidate,Curly brace syntax for accessing array elements and string offsets has been deprecated in PHP 7.4 and removed in PHP 8.0. Found: $arg{0}
vendor/symfony/vendor/pake/pakeGetopt.class.php,104,54,ERROR,PHPCompatibility.Syntax.RemovedCurlyBraceArrayAccess.Removed,unverified static candidate,Curly brace syntax for accessing array elements and string offsets has been deprecated in PHP 7.4 and removed in PHP 8.0. Found: $arg{1}
vendor/symfony/vendor/pake/pakeGetopt.class.php,109,39,ERROR,PHPCompatibility.Syntax.RemovedCurlyBraceArrayAccess.Removed,unverified static candidate,Curly brace syntax for accessing array elements and string offsets has been deprecated in PHP 7.4 and removed in PHP 8.0. Found: $arg{1}
vendor/symfony/vendor/pake/pakeGetopt.class.php,152,18,ERROR,PHPCompatibility.Syntax.RemovedCurlyBraceArrayAccess.Removed,unverified static candidate,Curly brace syntax for accessing array elements and string offsets has been deprecated in PHP 7.4 and removed in PHP 8.0. Found: $arg{$i}
vendor/symfony/vendor/pake/pakeGetopt.class.php,172,51,ERROR,PHPCompatibility.Syntax.RemovedCurlyBraceArrayAccess.Removed,unverified static candidate,Curly brace syntax for accessing array elements and string offsets has been deprecated in PHP 7.4 and removed in PHP 8.0. Found: $this->args[0]{0}
vendor/symfony/vendor/pake/pakeGetopt.class.php,172,51,ERROR,PHPCompatibility.Syntax.RemovedCurlyBraceArrayAccess.Removed,unverified static candidate,Curly brace syntax for accessing array elements and string offsets has been deprecated in PHP 7.4 and removed in PHP 8.0. Found: args[0]{0}
vendor/symfony/vendor/pake/pakeGetopt.class.php,192,51,ERROR,PHPCompatibility.Syntax.RemovedCurlyBraceArrayAccess.Removed,unverified static candidate,Curly brace syntax for accessing array elements and string offsets has been deprecated in PHP 7.4 and removed in PHP 8.0. Found: $this->args[0]{0}
vendor/symfony/vendor/pake/pakeGetopt.class.php,192,51,ERROR,PHPCompatibility.Syntax.RemovedCurlyBraceArrayAccess.Removed,unverified static candidate,Curly brace syntax for accessing array elements and string offsets has been deprecated in PHP 7.4 and removed in PHP 8.0. Found: args[0]{0}
vendor/symfony/vendor/pake/pakeYaml.class.php,83,13,ERROR,PHPCompatibility.FunctionNameRestrictions.RemovedPHP4StyleConstructors.Removed,unverified static candidate,Declaration of a PHP4 style class constructor is deprecated since PHP 7.0 and removed since PHP 8.0
vendor/symfony/vendor/pake/pakeYaml.class.php,196,25,ERROR,PHPCompatibility.Syntax.RemovedCurlyBraceArrayAccess.Removed,unverified static candidate,Curly brace syntax for accessing array elements and string offsets has been deprecated in PHP 7.4 and removed in PHP 8.0. Found: $ifchk{0}
vendor/symfony/vendor/pake/pakeYaml.class.php,877,30,ERROR,PHPCompatibility.FunctionUse.RemovedFunctions.eachDeprecatedRemoved,unverified static candidate,Function each() is deprecated since PHP 7.2 and removed since PHP 8.0; Use a foreach loop or ArrayIterator instead
vendor/symfony/vendor/pake/tasks/pakePhingTask.class.php,65,7,ERROR,PHPCompatibility.ParameterValues.RemovedPCREModifiers.Removed,unverified static candidate,preg_replace() - /e modifier is deprecated since PHP 5.5 and removed since PHP 7.0
vendor/symfony/vendor/pake/tasks/pakePhingTask.class.php,66,7,ERROR,PHPCompatibility.ParameterValues.RemovedPCREModifiers.Removed,unverified static candidate,preg_replace() - /e modifier is deprecated since PHP 5.5 and removed since PHP 7.0
vendor/symfony/vendor/pake/tasks/pakePhingTask.class.php,67,7,ERROR,PHPCompatibility.ParameterValues.RemovedPCREModifiers.Removed,unverified static candidate,preg_replace() - /e modifier is deprecated since PHP 5.5 and removed since PHP 7.0
vendor/symfony/vendor/phing/IntrospectionHelper.php,314,26,ERROR,PHPCompatibility.ParameterValues.NewHTMLEntitiesFlagsDefault.NotSet,unverified static candidate,"The default value of the $flags parameter for html_entity_decode() was changed from ENT_COMPAT to ENT_QUOTES | ENT_SUBSTITUTE | ENT_HTML401 in PHP 8.1. For cross-version compatibility, the $flags parameter should be explicitly set."
vendor/symfony/vendor/phing/Phing.php,829,18,WARNING,PHPCompatibility.FunctionNameRestrictions.ReservedFunctionNames.MethodDoubleUnderscore,unverified static candidate,"Method name ""Phing::__import"" is discouraged; PHP has reserved all method names with a double underscore prefix for future use."
vendor/symfony/vendor/phing/Phing.php,919,22,ERROR,PHPCompatibility.Syntax.RemovedCurlyBraceArrayAccess.Removed,unverified static candidate,Curly brace syntax for accessing array elements and string offsets has been deprecated in PHP 7.4 and removed in PHP 8.0. Found: $data_dir{0}
vendor/symfony/vendor/phing/Phing.php,1101,17,ERROR,PHPCompatibility.IniDirectives.RemovedIniDirectives.magic_quotes_gpcDeprecatedRemoved,unverified static candidate,INI directive 'magic_quotes_gpc' is deprecated since PHP 5.3 and removed since PHP 5.4
vendor/symfony/vendor/phing/Phing.php,1104,17,ERROR,PHPCompatibility.IniDirectives.RemovedIniDirectives.register_globalsDeprecatedRemoved,unverified static candidate,INI directive 'register_globals' is deprecated since PHP 5.3 and removed since PHP 5.4
vendor/symfony/vendor/phing/Phing.php,1105,17,ERROR,PHPCompatibility.IniDirectives.RemovedIniDirectives.allow_call_time_pass_referenceDeprecatedRemoved,unverified static candidate,INI directive 'allow_call_time_pass_reference' is deprecated since PHP 5.3 and removed since PHP 5.4
vendor/symfony/vendor/phing/input/PropertyFileInputHandler.php,1,1,WARNING,Internal.NoCodeFound,unverified static candidate,No PHP code was found in this file and short open tags are not allowed by this install of PHP. This file may be using short open tags but PHP does not allow them.
vendor/symfony/vendor/phing/lib/Capsule.php,126,18,ERROR,PHPCompatibility.IniDirectives.RemovedIniDirectives.track_errorsDeprecatedRemoved,unverified static candidate,INI directive 'track_errors' is deprecated since PHP 7.2 and removed since PHP 8.0
vendor/symfony/vendor/phing/lib/Capsule.php,133,20,ERROR,PHPCompatibility.Variables.RemovedPredefinedGlobalVariables.php_errormsgDeprecatedRemoved,unverified static candidate,The variable '$php_errormsg' is deprecated since PHP 7.2 and removed since PHP 8.0; Use error_get_last() instead
vendor/symfony/vendor/phing/lib/Capsule.php,134,84,ERROR,PHPCompatibility.Variables.RemovedPredefinedGlobalVariables.php_errormsgDeprecatedRemoved,unverified static candidate,The variable '$php_errormsg' is deprecated since PHP 7.2 and removed since PHP 8.0; Use error_get_last() instead
vendor/symfony/vendor/phing/lib/Capsule.php,186,21,ERROR,PHPCompatibility.Syntax.RemovedCurlyBraceArrayAccess.Removed,unverified static candidate,Curly brace syntax for accessing array elements and string offsets has been deprecated in PHP 7.4 and removed in PHP 8.0. Found: $file{0}
vendor/symfony/vendor/phing/lib/Capsule.php,186,56,ERROR,PHPCompatibility.Syntax.RemovedCurlyBraceArrayAccess.Removed,unverified static candidate,Curly brace syntax for accessing array elements and string offsets has been deprecated in PHP 7.4 and removed in PHP 8.0. Found: $file{0}
vendor/symfony/vendor/phing/lib/Capsule.php,188,27,ERROR,PHPCompatibility.Syntax.RemovedCurlyBraceArrayAccess.Removed,unverified static candidate,Curly brace syntax for accessing array elements and string offsets has been deprecated in PHP 7.4 and removed in PHP 8.0. Found: $file{1}
vendor/symfony/vendor/phing/lib/Capsule.php,188,47,ERROR,PHPCompatibility.Syntax.RemovedCurlyBraceArrayAccess.Removed,unverified static candidate,Curly brace syntax for accessing array elements and string offsets has been deprecated in PHP 7.4 and removed in PHP 8.0. Found: $file{2}
vendor/symfony/vendor/phing/lib/Capsule.php,188,83,ERROR,PHPCompatibility.Syntax.RemovedCurlyBraceArrayAccess.Removed,unverified static candidate,Curly brace syntax for accessing array elements and string offsets has been deprecated in PHP 7.4 and removed in PHP 8.0. Found: $file{2}
vendor/symfony/vendor/phing/lib/Zip.php,666,33,ERROR,PHPCompatibility.FunctionUse.RemovedFunctions.eachDeprecatedRemoved,unverified static candidate,Function each() is deprecated since PHP 7.2 and removed since PHP 8.0; Use a foreach loop or ArrayIterator instead
vendor/symfony/vendor/phing/lib/Zip.php,3233,53,ERROR,PHPCompatibility.FunctionUse.RemovedFunctions.eachDeprecatedRemoved,unverified static candidate,Function each() is deprecated since PHP 7.2 and removed since PHP 8.0; Use a foreach loop or ArrayIterator instead
vendor/symfony/vendor/phing/lib/Zip.php,3243,54,ERROR,PHPCompatibility.FunctionUse.RemovedFunctions.eachDeprecatedRemoved,unverified static candidate,Function each() is deprecated since PHP 7.2 and removed since PHP 8.0; Use a foreach loop or ArrayIterator instead
vendor/symfony/vendor/phing/listener/AnsiColorLogger.php,158,19,WARNING,PHPCompatibility.FunctionDeclarations.ForbiddenFinalPrivateMethods.Found,unverified static candidate,Private methods should not be declared as final since PHP 8.0
vendor/symfony/vendor/phing/mappers/RegexpMapper.php,93,29,ERROR,PHPCompatibility.ParameterValues.RemovedPCREModifiers.Removed,unverified static candidate,preg_replace() - /e modifier is deprecated since PHP 5.5 and removed since PHP 7.0
vendor/symfony/vendor/phing/system/io/BufferedReader.php,145,57,ERROR,PHPCompatibility.Syntax.RemovedCurlyBraceArrayAccess.Removed,unverified static candidate,Curly brace syntax for accessing array elements and string offsets has been deprecated in PHP 7.4 and removed in PHP 8.0. Found: $this->buffer{$this->bufferPos}
vendor/symfony/vendor/phing/system/io/FileReader.php,117,16,ERROR,PHPCompatibility.Variables.RemovedPredefinedGlobalVariables.php_errormsgDeprecatedRemoved,unverified static candidate,The variable '$php_errormsg' is deprecated since PHP 7.2 and removed since PHP 8.0; Use error_get_last() instead
vendor/symfony/vendor/phing/system/io/FileSystem.php,380,16,ERROR,PHPCompatibility.Variables.RemovedPredefinedGlobalVariables.php_errormsgDeprecatedRemoved,unverified static candidate,The variable '$php_errormsg' is deprecated since PHP 7.2 and removed since PHP 8.0; Use error_get_last() instead
vendor/symfony/vendor/phing/system/io/FileSystem.php,457,16,ERROR,PHPCompatibility.Variables.RemovedPredefinedGlobalVariables.php_errormsgDeprecatedRemoved,unverified static candidate,The variable '$php_errormsg' is deprecated since PHP 7.2 and removed since PHP 8.0; Use error_get_last() instead
vendor/symfony/vendor/phing/system/io/FileSystem.php,494,16,ERROR,PHPCompatibility.Variables.RemovedPredefinedGlobalVariables.php_errormsgDeprecatedRemoved,unverified static candidate,The variable '$php_errormsg' is deprecated since PHP 7.2 and removed since PHP 8.0; Use error_get_last() instead
vendor/symfony/vendor/phing/system/io/FileSystem.php,519,16,ERROR,PHPCompatibility.Variables.RemovedPredefinedGlobalVariables.php_errormsgDeprecatedRemoved,unverified static candidate,The variable '$php_errormsg' is deprecated since PHP 7.2 and removed since PHP 8.0; Use error_get_last() instead
vendor/symfony/vendor/phing/system/io/FileSystem.php,606,16,ERROR,PHPCompatibility.Variables.RemovedPredefinedGlobalVariables.php_errormsgDeprecatedRemoved,unverified static candidate,The variable '$php_errormsg' is deprecated since PHP 7.2 and removed since PHP 8.0; Use error_get_last() instead
vendor/symfony/vendor/phing/system/io/UnixFileSystem.php,78,25,ERROR,PHPCompatibility.Syntax.RemovedCurlyBraceArrayAccess.Removed,unverified static candidate,Curly brace syntax for accessing array elements and string offsets has been deprecated in PHP 7.4 and removed in PHP 8.0. Found: $strPathname{0}
vendor/symfony/vendor/phing/system/io/UnixFileSystem.php,79,29,ERROR,PHPCompatibility.Syntax.RemovedCurlyBraceArrayAccess.Removed,unverified static candidate,Curly brace syntax for accessing array elements and string offsets has been deprecated in PHP 7.4 and removed in PHP 8.0. Found: $strPathname{1}
vendor/symfony/vendor/phing/system/io/UnixFileSystem.php,91,30,ERROR,PHPCompatibility.Syntax.RemovedCurlyBraceArrayAccess.Removed,unverified static candidate,Curly brace syntax for accessing array elements and string offsets has been deprecated in PHP 7.4 and removed in PHP 8.0. Found: $strPathname{$i}
vendor/symfony/vendor/phing/system/io/UnixFileSystem.php,112,38,ERROR,PHPCompatibility.Syntax.RemovedCurlyBraceArrayAccess.Removed,unverified static candidate,Curly brace syntax for accessing array elements and string offsets has been deprecated in PHP 7.4 and removed in PHP 8.0. Found: $pathname{$n-1}
vendor/symfony/vendor/phing/system/io/UnixFileSystem.php,125,27,ERROR,PHPCompatibility.Syntax.RemovedCurlyBraceArrayAccess.Removed,unverified static candidate,Curly brace syntax for accessing array elements and string offsets has been deprecated in PHP 7.4 and removed in PHP 8.0. Found: $pathname{$i}
vendor/symfony/vendor/phing/system/io/UnixFileSystem.php,143,27,ERROR,PHPCompatibility.Syntax.RemovedCurlyBraceArrayAccess.Removed,unverified static candidate,Curly brace syntax for accessing array elements and string offsets has been deprecated in PHP 7.4 and removed in PHP 8.0. Found: $pathname{0}
vendor/symfony/vendor/phing/system/io/UnixFileSystem.php,157,19,ERROR,PHPCompatibility.Syntax.RemovedCurlyBraceArrayAccess.Removed,unverified static candidate,Curly brace syntax for accessing array elements and string offsets has been deprecated in PHP 7.4 and removed in PHP 8.0. Found: $child{0}
vendor/symfony/vendor/phing/system/io/UnixFileSystem.php,197,48,ERROR,PHPCompatibility.Syntax.RemovedCurlyBraceArrayAccess.Removed,unverified static candidate,Curly brace syntax for accessing array elements and string offsets has been deprecated in PHP 7.4 and removed in PHP 8.0. Found: $name{0}
vendor/symfony/vendor/phing/system/io/Win32FileSystem.php,51,36,ERROR,PHPCompatibility.Syntax.RemovedCurlyBraceArrayAccess.Removed,unverified static candidate,Curly brace syntax for accessing array elements and string offsets has been deprecated in PHP 7.4 and removed in PHP 8.0. Found: $p{0}
vendor/symfony/vendor/phing/system/io/Win32FileSystem.php,84,56,ERROR,PHPCompatibility.Syntax.RemovedCurlyBraceArrayAccess.Removed,unverified static candidate,Curly brace syntax for accessing array elements and string offsets has been deprecated in PHP 7.4 and removed in PHP 8.0. Found: $strPath{$src}
vendor/symfony/vendor/phing/system/io/Win32FileSystem.php,89,49,ERROR,PHPCompatibility.Syntax.RemovedCurlyBraceArrayAccess.Removed,unverified static candidate,Curly brace syntax for accessing array elements and string offsets has been deprecated in PHP 7.4 and removed in PHP 8.0. Found: $strPath{$src}
vendor/symfony/vendor/phing/system/io/Win32FileSystem.php,90,28,ERROR,PHPCompatibility.Syntax.RemovedCurlyBraceArrayAccess.Removed,unverified static candidate,Curly brace syntax for accessing array elements and string offsets has been deprecated in PHP 7.4 and removed in PHP 8.0. Found: $strPath{$src + 1}
vendor/symfony/vendor/phing/system/io/Win32FileSystem.php,102,47,ERROR,PHPCompatibility.Syntax.RemovedCurlyBraceArrayAccess.Removed,unverified static candidate,Curly brace syntax for accessing array elements and string offsets has been deprecated in PHP 7.4 and removed in PHP 8.0. Found: $strPath{0}
vendor/symfony/vendor/phing/system/io/Win32FileSystem.php,103,47,ERROR,PHPCompatibility.Syntax.RemovedCurlyBraceArrayAccess.Removed,unverified static candidate,Curly brace syntax for accessing array elements and string offsets has been deprecated in PHP 7.4 and removed in PHP 8.0. Found: $strPath{1}
vendor/symfony/vendor/phing/system/io/Win32FileSystem.php,141,26,ERROR,PHPCompatibility.Syntax.RemovedCurlyBraceArrayAccess.Removed,unverified static candidate,Curly brace syntax for accessing array elements and string offsets has been deprecated in PHP 7.4 and removed in PHP 8.0. Found: $strPath{$src++}
vendor/symfony/vendor/phing/system/io/Win32FileSystem.php,143,64,ERROR,PHPCompatibility.Syntax.RemovedCurlyBraceArrayAccess.Removed,unverified static candidate,Curly brace syntax for accessing array elements and string offsets has been deprecated in PHP 7.4 and removed in PHP 8.0. Found: $strPath{$src}
vendor/symfony/vendor/phing/system/io/Win32FileSystem.php,149,43,ERROR,PHPCompatibility.Syntax.RemovedCurlyBraceArrayAccess.Removed,unverified static candidate,Curly brace syntax for accessing array elements and string offsets has been deprecated in PHP 7.4 and removed in PHP 8.0. Found: $sb{1}
vendor/symfony/vendor/phing/system/io/Win32FileSystem.php,159,59,ERROR,PHPCompatibility.Syntax.RemovedCurlyBraceArrayAccess.Removed,unverified static candidate,Curly brace syntax for accessing array elements and string offsets has been deprecated in PHP 7.4 and removed in PHP 8.0. Found: $sb{0}
vendor/symfony/vendor/phing/system/io/Win32FileSystem.php,197,26,ERROR,PHPCompatibility.Syntax.RemovedCurlyBraceArrayAccess.Removed,unverified static candidate,Curly brace syntax for accessing array elements and string offsets has been deprecated in PHP 7.4 and removed in PHP 8.0. Found: $strPath{$i}
vendor/symfony/vendor/phing/system/io/Win32FileSystem.php,222,20,ERROR,PHPCompatibility.Syntax.RemovedCurlyBraceArrayAccess.Removed,unverified static candidate,Curly brace syntax for accessing array elements and string offsets has been deprecated in PHP 7.4 and removed in PHP 8.0. Found: $path{0}
vendor/symfony/vendor/phing/system/io/Win32FileSystem.php,223,31,ERROR,PHPCompatibility.Syntax.RemovedCurlyBraceArrayAccess.Removed,unverified static candidate,Curly brace syntax for accessing array elements and string offsets has been deprecated in PHP 7.4 and removed in PHP 8.0. Found: $path{1}
vendor/symfony/vendor/phing/system/io/Win32FileSystem.php,233,35,ERROR,PHPCompatibility.Syntax.RemovedCurlyBraceArrayAccess.Removed,unverified static candidate,Curly brace syntax for accessing array elements and string offsets has been deprecated in PHP 7.4 and removed in PHP 8.0. Found: $path{2}
vendor/symfony/vendor/phing/system/io/Win32FileSystem.php,256,29,ERROR,PHPCompatibility.Syntax.RemovedCurlyBraceArrayAccess.Removed,unverified static candidate,Curly brace syntax for accessing array elements and string offsets has been deprecated in PHP 7.4 and removed in PHP 8.0. Found: $c{0}
vendor/symfony/vendor/phing/system/io/Win32FileSystem.php,257,19,ERROR,PHPCompatibility.Syntax.RemovedCurlyBraceArrayAccess.Removed,unverified static candidate,Curly brace syntax for accessing array elements and string offsets has been deprecated in PHP 7.4 and removed in PHP 8.0. Found: $c{1}
vendor/symfony/vendor/phing/system/io/Win32FileSystem.php,268,15,ERROR,PHPCompatibility.Syntax.RemovedCurlyBraceArrayAccess.Removed,unverified static candidate,Curly brace syntax for accessing array elements and string offsets has been deprecated in PHP 7.4 and removed in PHP 8.0. Found: $p{$pn - 1}
vendor/symfony/vendor/phing/system/io/Win32FileSystem.php,280,36,ERROR,PHPCompatibility.Syntax.RemovedCurlyBraceArrayAccess.Removed,unverified static candidate,Curly brace syntax for accessing array elements and string offsets has been deprecated in PHP 7.4 and removed in PHP 8.0. Found: $p{2}
vendor/symfony/vendor/phing/system/io/Win32FileSystem.php,302,36,ERROR,PHPCompatibility.Syntax.RemovedCurlyBraceArrayAccess.Removed,unverified static candidate,Curly brace syntax for accessing array elements and string offsets has been deprecated in PHP 7.4 and removed in PHP 8.0. Found: $p{0}
vendor/symfony/vendor/phing/system/io/Win32FileSystem.php,302,93,ERROR,PHPCompatibility.Syntax.RemovedCurlyBraceArrayAccess.Removed,unverified static candidate,Curly brace syntax for accessing array elements and string offsets has been deprecated in PHP 7.4 and removed in PHP 8.0. Found: $p{0}
vendor/symfony/vendor/phing/system/io/Win32FileSystem.php,307,25,ERROR,PHPCompatibility.Syntax.RemovedCurlyBraceArrayAccess.Removed,unverified static candidate,Curly brace syntax for accessing array elements and string offsets has been deprecated in PHP 7.4 and removed in PHP 8.0. Found: $d{0}
vendor/symfony/vendor/phing/system/io/Win32FileSystem.php,319,33,ERROR,PHPCompatibility.Syntax.RemovedCurlyBraceArrayAccess.Removed,unverified static candidate,Curly brace syntax for accessing array elements and string offsets has been deprecated in PHP 7.4 and removed in PHP 8.0. Found: $drive{0}
vendor/symfony/vendor/phing/system/io/Win32FileSystem.php,351,34,ERROR,PHPCompatibility.Syntax.RemovedCurlyBraceArrayAccess.Removed,unverified static candidate,Curly brace syntax for accessing array elements and string offsets has been deprecated in PHP 7.4 and removed in PHP 8.0. Found: $path{0}
vendor/symfony/vendor/phing/system/io/Win32FileSystem.php,378,36,ERROR,PHPCompatibility.Syntax.RemovedCurlyBraceArrayAccess.Removed,unverified static candidate,Curly brace syntax for accessing array elements and string offsets has been deprecated in PHP 7.4 and removed in PHP 8.0. Found: $path{0}
vendor/symfony/vendor/phing/system/util/Properties.php,84,22,ERROR,PHPCompatibility.Syntax.RemovedCurlyBraceArrayAccess.Removed,unverified static candidate,Curly brace syntax for accessing array elements and string offsets has been deprecated in PHP 7.4 and removed in PHP 8.0. Found: $line{0}
vendor/symfony/vendor/phing/system/util/Properties.php,84,41,ERROR,PHPCompatibility.Syntax.RemovedCurlyBraceArrayAccess.Removed,unverified static candidate,Curly brace syntax for accessing array elements and string offsets has been deprecated in PHP 7.4 and removed in PHP 8.0. Found: $line{0}
vendor/symfony/vendor/phing/tasks/ext/CapsuleTask.php,436,36,WARNING,PHPCompatibility.FunctionUse.RemovedFunctions.strftimeDeprecated,unverified static candidate,Function strftime() is deprecated since PHP 8.1; Use date() or IntlDateFormatter::format() instead
vendor/symfony/vendor/phing/tasks/ext/coverage/CoverageReportTask.php,190,18,WARNING,PHPCompatibility.FunctionUse.RemovedFunctions.utf8_encodeDeprecated,unverified static candidate,"Function utf8_encode() is deprecated since PHP 8.2; Use mb_convert_encoding(), UConverter::transcode() or iconv instead"
vendor/symfony/vendor/phing/tasks/system/CvsPassTask.php,141,19,WARNING,PHPCompatibility.FunctionDeclarations.ForbiddenFinalPrivateMethods.Found,unverified static candidate,Private methods should not be declared as final since PHP 8.0
vendor/symfony/vendor/phing/tasks/system/CvsPassTask.php,144,52,ERROR,PHPCompatibility.Syntax.RemovedCurlyBraceArrayAccess.Removed,unverified static candidate,Curly brace syntax for accessing array elements and string offsets has been deprecated in PHP 7.4 and removed in PHP 8.0. Found: $password{$i}
vendor/symfony/vendor/phing/tasks/system/PropertyTask.php,415,29,ERROR,PHPCompatibility.Syntax.RemovedCurlyBraceArrayAccess.Removed,unverified static candidate,Curly brace syntax for accessing array elements and string offsets has been deprecated in PHP 7.4 and removed in PHP 8.0. Found: $value{$pos+1}
vendor/symfony/vendor/phing/tasks/system/TstampTask.php,79,13,WARNING,PHPCompatibility.FunctionUse.RemovedFunctions.strftimeDeprecated,unverified static candidate,Function strftime() is deprecated since PHP 8.1; Use date() or IntlDateFormatter::format() instead
vendor/symfony/vendor/phing/tasks/system/TstampTask.php,82,13,WARNING,PHPCompatibility.FunctionUse.RemovedFunctions.strftimeDeprecated,unverified static candidate,Function strftime() is deprecated since PHP 8.1; Use date() or IntlDateFormatter::format() instead
vendor/symfony/vendor/phing/tasks/system/TstampTask.php,85,12,WARNING,PHPCompatibility.FunctionUse.RemovedFunctions.strftimeDeprecated,unverified static candidate,Function strftime() is deprecated since PHP 8.1; Use date() or IntlDateFormatter::format() instead
vendor/symfony/vendor/phing/tasks/system/TstampTask.php,158,12,WARNING,PHPCompatibility.FunctionUse.RemovedFunctions.strftimeDeprecated,unverified static candidate,Function strftime() is deprecated since PHP 8.1; Use date() or IntlDateFormatter::format() instead
vendor/symfony/vendor/phing/types/Commandline.php,273,12,WARNING,PHPCompatibility.FunctionNameRestrictions.ReservedFunctionNames.MethodDoubleUnderscore,unverified static candidate,"Method name ""Commandline::__copy"" is discouraged; PHP has reserved all method names with a double underscore prefix for future use."
vendor/symfony/vendor/phing/types/Path.php,321,17,ERROR,PHPCompatibility.Variables.ForbiddenThisUseContexts.OutsideObjectContext,unverified static candidate,"""$this"" can no longer be used in a plain function or method since PHP 7.1."
vendor/symfony/vendor/phing/types/Path.php,358,20,ERROR,PHPCompatibility.Syntax.RemovedCurlyBraceArrayAccess.Removed,unverified static candidate,Curly brace syntax for accessing array elements and string offsets has been deprecated in PHP 7.4 and removed in PHP 8.0. Found: $buffer{$pos}
vendor/symfony/vendor/phing/types/Path.php,358,44,ERROR,PHPCompatibility.Syntax.RemovedCurlyBraceArrayAccess.Removed,unverified static candidate,Curly brace syntax for accessing array elements and string offsets has been deprecated in PHP 7.4 and removed in PHP 8.0. Found: $buffer{$pos}
vendor/symfony/vendor/phing/types/Path.php,359,20,ERROR,PHPCompatibility.Syntax.RemovedCurlyBraceArrayAccess.Removed,unverified static candidate,Curly brace syntax for accessing array elements and string offsets has been deprecated in PHP 7.4 and removed in PHP 8.0. Found: $buffer{$pos}
vendor/symfony/vendor/phing/util/FileUtils.php,74,67,WARNING,PHPCompatibility.FunctionDeclarations.RemovedOptionalBeforeRequiredParam.Deprecated80,unverified static candidate,"Declaring an optional parameter before a required parameter is deprecated since PHP 8.0. Parameter $overwrite is optional, while parameter $project is required. The $overwrite parameter is implicitly treated as a required parameter."
vendor/symfony/vendor/phing/util/FileUtils.php,74,87,WARNING,PHPCompatibility.FunctionDeclarations.RemovedOptionalBeforeRequiredParam.Deprecated80,unverified static candidate,"Declaring an optional parameter before a required parameter is deprecated since PHP 8.0. Parameter $preserveLastModified is optional, while parameter $project is required. The $preserveLastModified parameter is implicitly treated as a required parameter."
vendor/symfony/vendor/phing/util/FileUtils.php,74,118,WARNING,PHPCompatibility.FunctionDeclarations.RemovedOptionalBeforeRequiredParam.Deprecated80,unverified static candidate,"Declaring an optional parameter before a required parameter is deprecated since PHP 8.0. Parameter $filterChains is optional, while parameter $project is required. The $filterChains parameter is implicitly treated as a required parameter."
vendor/symfony/vendor/phing/util/FileUtils.php,134,73,ERROR,PHPCompatibility.Syntax.RemovedCurlyBraceArrayAccess.Removed,unverified static candidate,Curly brace syntax for accessing array elements and string offsets has been deprecated in PHP 7.4 and removed in PHP 8.0. Found: $filename{0}
vendor/symfony/vendor/phing/util/FileUtils.php,134,90,ERROR,PHPCompatibility.Syntax.RemovedCurlyBraceArrayAccess.Removed,unverified static candidate,Curly brace syntax for accessing array elements and string offsets has been deprecated in PHP 7.4 and removed in PHP 8.0. Found: $filename{1}
vendor/symfony/vendor/phing/util/FileUtils.php,138,68,ERROR,PHPCompatibility.Syntax.RemovedCurlyBraceArrayAccess.Removed,unverified static candidate,Curly brace syntax for accessing array elements and string offsets has been deprecated in PHP 7.4 and removed in PHP 8.0. Found: $filename{0}
vendor/symfony/vendor/phing/util/FileUtils.php,138,85,ERROR,PHPCompatibility.Syntax.RemovedCurlyBraceArrayAccess.Removed,unverified static candidate,Curly brace syntax for accessing array elements and string offsets has been deprecated in PHP 7.4 and removed in PHP 8.0. Found: $filename{1}
vendor/symfony/vendor/phing/util/FileUtils.php,185,69,ERROR,PHPCompatibility.Syntax.RemovedCurlyBraceArrayAccess.Removed,unverified static candidate,Curly brace syntax for accessing array elements and string offsets has been deprecated in PHP 7.4 and removed in PHP 8.0. Found: $path{0}
vendor/symfony/vendor/phing/util/FileUtils.php,185,82,ERROR,PHPCompatibility.Syntax.RemovedCurlyBraceArrayAccess.Removed,unverified static candidate,Curly brace syntax for accessing array elements and string offsets has been deprecated in PHP 7.4 and removed in PHP 8.0. Found: $path{1}
vendor/symfony/vendor/phing/util/FileUtils.php,194,60,ERROR,PHPCompatibility.Syntax.RemovedCurlyBraceArrayAccess.Removed,unverified static candidate,Curly brace syntax for accessing array elements and string offsets has been deprecated in PHP 7.4 and removed in PHP 8.0. Found: $path{0}
vendor/symfony/vendor/phing/util/FileUtils.php,194,73,ERROR,PHPCompatibility.Syntax.RemovedCurlyBraceArrayAccess.Removed,unverified static candidate,Curly brace syntax for accessing array elements and string offsets has been deprecated in PHP 7.4 and removed in PHP 8.0. Found: $path{1}
vendor/symfony/vendor/phing/util/FileUtils.php,224,29,ERROR,PHPCompatibility.Syntax.RemovedCurlyBraceArrayAccess.Removed,unverified static candidate,Curly brace syntax for accessing array elements and string offsets has been deprecated in PHP 7.4 and removed in PHP 8.0. Found: $path{1}
vendor/symfony/vendor/phing/util/PathTokenizer.php,182,63,ERROR,PHPCompatibility.Syntax.RemovedCurlyBraceArrayAccess.Removed,unverified static candidate,Curly brace syntax for accessing array elements and string offsets has been deprecated in PHP 7.4 and removed in PHP 8.0. Found: $token{0}
vendor/symfony/vendor/phing/util/StringHelper.php,63,26,ERROR,PHPCompatibility.Syntax.RemovedCurlyBraceArrayAccess.Removed,unverified static candidate,Curly brace syntax for accessing array elements and string offsets has been deprecated in PHP 7.4 and removed in PHP 8.0. Found: $str{$i}
vendor/symfony/vendor/phing/util/StringHelper.php,180,36,ERROR,PHPCompatibility.Syntax.RemovedCurlyBraceArrayAccess.Removed,unverified static candidate,Curly brace syntax for accessing array elements and string offsets has been deprecated in PHP 7.4 and removed in PHP 8.0. Found: $string{$startpos}
vendor/symfony/vendor/phpmailer/class.phpmailer.php,429,51,WARNING,PHPCompatibility.IniDirectives.RemovedIniDirectives.safe_modeDeprecatedRemoved,unverified static candidate,INI directive 'safe_mode' is deprecated since PHP 5.3 and removed since PHP 5.4
vendor/symfony/vendor/phpmailer/class.phpmailer.php,1094,25,ERROR,PHPCompatibility.FunctionUse.RemovedFunctions.get_magic_quotes_runtimeDeprecatedRemoved,unverified static candidate,Function get_magic_quotes_runtime() is deprecated since PHP 7.4 and removed since PHP 8.0
vendor/symfony/vendor/phpmailer/class.phpmailer.php,1095,17,ERROR,PHPCompatibility.IniDirectives.RemovedIniDirectives.magic_quotes_runtimeDeprecatedRemoved,unverified static candidate,INI directive 'magic_quotes_runtime' is deprecated since PHP 5.3 and removed since PHP 5.4
vendor/symfony/vendor/phpmailer/class.phpmailer.php,1099,17,ERROR,PHPCompatibility.IniDirectives.RemovedIniDirectives.magic_quotes_runtimeDeprecatedRemoved,unverified static candidate,INI directive 'magic_quotes_runtime' is deprecated since PHP 5.3 and removed since PHP 5.4
vendor/symfony/vendor/phpmailer/class.phpmailer.php,1200,33,ERROR,PHPCompatibility.ParameterValues.RemovedPCREModifiers.Removed,unverified static candidate,preg_replace() - /e modifier is deprecated since PHP 5.5 and removed since PHP 7.0
vendor/symfony/vendor/phpmailer/class.phpmailer.php,1203,59,ERROR,PHPCompatibility.ParameterValues.RemovedPCREModifiers.Removed,unverified static candidate,preg_replace() - /e modifier is deprecated since PHP 5.5 and removed since PHP 7.0
vendor/symfony/vendor/phpmailer/class.phpmailer.php,1446,16,ERROR,PHPCompatibility.Variables.RemovedPredefinedGlobalVariables.http_server_varsDeprecatedRemoved,unverified static candidate,Global variable '$HTTP_SERVER_VARS' is deprecated since PHP 5.3 and removed since PHP 5.4; Use $_SERVER instead
vendor/symfony/vendor/phpmailer/class.phpmailer.php,1447,16,ERROR,PHPCompatibility.Variables.RemovedPredefinedGlobalVariables.http_env_varsDeprecatedRemoved,unverified static candidate,Global variable '$HTTP_ENV_VARS' is deprecated since PHP 5.3 and removed since PHP 5.4; Use $_ENV instead
vendor/symfony/vendor/phpmailer/class.phpmailer.php,1451,24,ERROR,PHPCompatibility.Variables.RemovedPredefinedGlobalVariables.http_server_varsDeprecatedRemoved,unverified static candidate,Global variable '$HTTP_SERVER_VARS' is deprecated since PHP 5.3 and removed since PHP 5.4; Use $_SERVER instead
vendor/symfony/vendor/phpmailer/class.phpmailer.php,1453,28,ERROR,PHPCompatibility.Variables.RemovedPredefinedGlobalVariables.http_env_varsDeprecatedRemoved,unverified static candidate,Global variable '$HTTP_ENV_VARS' is deprecated since PHP 5.3 and removed since PHP 5.4; Use $_ENV instead
vendor/symfony/vendor/phpmailer/class.smtp.php,326,31,ERROR,PHPCompatibility.FunctionUse.RemovedFunctions.eachDeprecatedRemoved,unverified static candidate,Function each() is deprecated since PHP 7.2 and removed since PHP 8.0; Use a foreach loop or ArrayIterator instead
vendor/symfony/vendor/phpmailer/class.smtp.php,353,39,ERROR,PHPCompatibility.FunctionUse.RemovedFunctions.eachDeprecatedRemoved,unverified static candidate,Function each() is deprecated since PHP 7.2 and removed since PHP 8.0; Use a foreach loop or ArrayIterator instead
vendor/symfony/vendor/phpmailer/class.smtp.php,437,28,ERROR,PHPCompatibility.FunctionUse.RemovedFunctions.eachDeprecatedRemoved,unverified static candidate,Function each() is deprecated since PHP 7.2 and removed since PHP 8.0; Use a foreach loop or ArrayIterator instead
vendor/symfony/vendor/propel-generator/classes/propel/engine/builder/DataModelBuilder.php,94,30,ERROR,PHPCompatibility.Syntax.RemovedCurlyBraceArrayAccess.Removed,unverified static candidate,Curly brace syntax for accessing array elements and string offsets has been deprecated in PHP 7.4 and removed in PHP 8.0. Found: $classpath{$lastdotpos+1}
vendor/symfony/vendor/propel-generator/classes/propel/engine/builder/DataModelBuilder.php,94,69,ERROR,PHPCompatibility.Syntax.RemovedCurlyBraceArrayAccess.Removed,unverified static candidate,Curly brace syntax for accessing array elements and string offsets has been deprecated in PHP 7.4 and removed in PHP 8.0. Found: $classpath{$lastdotpos+1}
vendor/symfony/vendor/propel-generator/classes/propel/engine/builder/om/php5/PHP5BasicObjectBuilder.php,133,11,WARNING,PHPCompatibility.FunctionUse.RemovedFunctions.strftimeDeprecated,unverified static candidate,Function strftime() is deprecated since PHP 8.1; Use date() or IntlDateFormatter::format() instead
vendor/symfony/vendor/propel-generator/classes/propel/engine/builder/om/php5/PHP5BasicPeerBuilder.php,95,11,WARNING,PHPCompatibility.FunctionUse.RemovedFunctions.strftimeDeprecated,unverified static candidate,Function strftime() is deprecated since PHP 8.1; Use date() or IntlDateFormatter::format() instead
vendor/symfony/vendor/propel-generator/classes/propel/engine/builder/om/php5/PHP5ExtensionNodeBuilder.php,82,11,WARNING,PHPCompatibility.FunctionUse.RemovedFunctions.strftimeDeprecated,unverified static candidate,Function strftime() is deprecated since PHP 8.1; Use date() or IntlDateFormatter::format() instead
vendor/symfony/vendor/propel-generator/classes/propel/engine/builder/om/php5/PHP5ExtensionNodePeerBuilder.php,84,11,WARNING,PHPCompatibility.FunctionUse.RemovedFunctions.strftimeDeprecated,unverified static candidate,Function strftime() is deprecated since PHP 8.1; Use date() or IntlDateFormatter::format() instead
vendor/symfony/vendor/propel-generator/classes/propel/engine/builder/om/php5/PHP5ExtensionObjectBuilder.php,81,11,WARNING,PHPCompatibility.FunctionUse.RemovedFunctions.strftimeDeprecated,unverified static candidate,Function strftime() is deprecated since PHP 8.1; Use date() or IntlDateFormatter::format() instead
vendor/symfony/vendor/propel-generator/classes/propel/engine/builder/om/php5/PHP5ExtensionPeerBuilder.php,84,11,WARNING,PHPCompatibility.FunctionUse.RemovedFunctions.strftimeDeprecated,unverified static candidate,Function strftime() is deprecated since PHP 8.1; Use date() or IntlDateFormatter::format() instead
vendor/symfony/vendor/propel-generator/classes/propel/engine/builder/om/php5/PHP5InterfaceBuilder.php,77,11,WARNING,PHPCompatibility.FunctionUse.RemovedFunctions.strftimeDeprecated,unverified static candidate,Function strftime() is deprecated since PHP 8.1; Use date() or IntlDateFormatter::format() instead
vendor/symfony/vendor/propel-generator/classes/propel/engine/builder/om/php5/PHP5MapBuilderBuilder.php,82,11,WARNING,PHPCompatibility.FunctionUse.RemovedFunctions.strftimeDeprecated,unverified static candidate,Function strftime() is deprecated since PHP 8.1; Use date() or IntlDateFormatter::format() instead
vendor/symfony/vendor/propel-generator/classes/propel/engine/builder/om/php5/PHP5MultiExtendObjectBuilder.php,150,11,WARNING,PHPCompatibility.FunctionUse.RemovedFunctions.strftimeDeprecated,unverified static candidate,Function strftime() is deprecated since PHP 8.1; Use date() or IntlDateFormatter::format() instead
vendor/symfony/vendor/propel-generator/classes/propel/engine/builder/om/php5/PHP5NodeBuilder.php,86,11,WARNING,PHPCompatibility.FunctionUse.RemovedFunctions.strftimeDeprecated,unverified static candidate,Function strftime() is deprecated since PHP 8.1; Use date() or IntlDateFormatter::format() instead
vendor/symfony/vendor/propel-generator/classes/propel/engine/builder/om/php5/PHP5NodePeerBuilder.php,87,11,WARNING,PHPCompatibility.FunctionUse.RemovedFunctions.strftimeDeprecated,unverified static candidate,Function strftime() is deprecated since PHP 8.1; Use date() or IntlDateFormatter::format() instead
vendor/symfony/vendor/propel-generator/classes/propel/engine/builder/sql/sqlite/SqliteDataSQLBuilder.php,44,16,ERROR,PHPCompatibility.Extensions.RemovedExtensions.sqliteRemoved,unverified static candidate,Extension 'sqlite' is removed since PHP 5.4
vendor/symfony/vendor/propel-generator/classes/propel/engine/builder/sql/sqlite/SqliteDataSQLBuilder.php,44,16,ERROR,PHPCompatibility.FunctionUse.RemovedFunctions.sqlite_udf_encode_binaryRemoved,unverified static candidate,Function sqlite_udf_encode_binary() is removed since PHP 5.4
vendor/symfony/vendor/propel-generator/classes/propel/engine/database/transform/XmlToAppData.php,183,19,ERROR,PHPCompatibility.Syntax.RemovedCurlyBraceArrayAccess.Removed,unverified static candidate,Curly brace syntax for accessing array elements and string offsets has been deprecated in PHP 7.4 and removed in PHP 8.0. Found: $xmlFile{0}
vendor/symfony/vendor/propel-generator/classes/propel/engine/platform/MysqlPlatform.php,95,16,ERROR,PHPCompatibility.Extensions.RemovedExtensions.mysql_DeprecatedRemoved,unverified static candidate,Extension 'mysql_' is deprecated since PHP 5.5 and removed since PHP 7.0; Use mysqli instead
vendor/symfony/vendor/propel-generator/classes/propel/engine/platform/MysqlPlatform.php,95,16,ERROR,PHPCompatibility.FunctionUse.RemovedFunctions.mysql_escape_stringDeprecatedRemoved,unverified static candidate,Function mysql_escape_string() is deprecated since PHP 4.3 and removed since PHP 7.0; Use mysqli::real_escape_string() instead
vendor/symfony/vendor/propel-generator/classes/propel/engine/platform/SqlitePlatform.php,82,16,ERROR,PHPCompatibility.Extensions.RemovedExtensions.sqliteRemoved,unverified static candidate,Extension 'sqlite' is removed since PHP 5.4
vendor/symfony/vendor/propel-generator/classes/propel/engine/platform/SqlitePlatform.php,82,16,ERROR,PHPCompatibility.FunctionUse.RemovedFunctions.sqlite_escape_stringRemoved,unverified static candidate,Function sqlite_escape_string() is removed since PHP 5.4
vendor/symfony/vendor/propel-generator/classes/propel/phing/AbstractPropelDataModelTask.php,372,30,ERROR,PHPCompatibility.Syntax.RemovedCurlyBraceArrayAccess.Removed,unverified static candidate,Curly brace syntax for accessing array elements and string offsets has been deprecated in PHP 7.4 and removed in PHP 8.0. Found: $classpath{$lastdotpos+1}
vendor/symfony/vendor/propel-generator/classes/propel/phing/AbstractPropelDataModelTask.php,372,69,ERROR,PHPCompatibility.Syntax.RemovedCurlyBraceArrayAccess.Removed,unverified static candidate,Curly brace syntax for accessing array elements and string offsets has been deprecated in PHP 7.4 and removed in PHP 8.0. Found: $classpath{$lastdotpos+1}
vendor/symfony/vendor/propel-generator/classes/propel/phing/AbstractPropelDataModelTask.php,539,30,WARNING,PHPCompatibility.FunctionUse.RemovedFunctions.strftimeDeprecated,unverified static candidate,Function strftime() is deprecated since PHP 8.1; Use date() or IntlDateFormatter::format() instead
vendor/symfony/view/sfPHPView.class.php,113,23,ERROR,PHPCompatibility.ParameterValues.ChangedIntToBoolParamType.ob_implicit_flush_enableNumericFound,unverified static candidate,The $enable parameter of ob_implicit_flush() expects a boolean value instead of an integer since PHP 8.0. Found: 0
vendor/symfony/view/sfView.class.php,242,24,ERROR,PHPCompatibility.ParameterValues.NewHTMLEntitiesFlagsDefault.NotSet,unverified static candidate,"The default value of the $flags parameter for htmlspecialchars() was changed from ENT_COMPAT to ENT_QUOTES | ENT_SUBSTITUTE | ENT_HTML401 in PHP 8.1. For cross-version compatibility, the $flags parameter should be explicitly set."
vendor/symfony/view/sfView.class.php,263,24,ERROR,PHPCompatibility.ParameterValues.NewHTMLEntitiesFlagsDefault.NotSet,unverified static candidate,"The default value of the $flags parameter for htmlspecialchars() was changed from ENT_COMPAT to ENT_QUOTES | ENT_SUBSTITUTE | ENT_HTML401 in PHP 8.1. For cross-version compatibility, the $flags parameter should be explicitly set."
vendor/symfony/view/sfViewCacheManager.class.php,479,25,ERROR,PHPCompatibility.ParameterValues.ChangedIntToBoolParamType.ob_implicit_flush_enableNumericFound,unverified static candidate,The $enable parameter of ob_implicit_flush() expects a boolean value instead of an integer since PHP 8.0. Found: 0
vendor/tfpdf/tfpdf.php,1257,13,WARNING,PHPCompatibility.IniDirectives.RemovedIniDirectives.mbstring_func_overloadDeprecatedRemoved,unverified static candidate,INI directive 'mbstring.func_overload' is deprecated since PHP 7.2 and removed since PHP 8.0
vendor/tfpdf/tfpdf.php,1260,5,ERROR,PHPCompatibility.FunctionUse.RemovedFunctions.get_magic_quotes_runtimeDeprecatedRemoved,unverified static candidate,Function get_magic_quotes_runtime() is deprecated since PHP 7.4 and removed since PHP 8.0
vendor/tfpdf/tfpdf.php,1261,4,ERROR,PHPCompatibility.FunctionUse.RemovedFunctions.set_magic_quotes_runtimeDeprecatedRemoved,unverified static candidate,Function set_magic_quotes_runtime() is deprecated since PHP 5.3 and removed since PHP 7.0
